timestamp,run_id,command,cv_scheme,model,local_macro_f1,local_weighted_f1,submission_path,online_score,notes
2026-05-01T19:10:00+08:00,exact_combo_oof,"scripts\run_py.cmd work\data_security\powershell_malicious_script_detection\src\train.py",5-fold StratifiedKFold seed=20260501,exact feature-combo probability,0.7476389731,0.7665938845,,,"Strong baseline because 94.555% of test feature combos are seen in train."
2026-05-01T19:20:00+08:00,blend_v1,"scripts\run_py.cmd work\data_security\powershell_malicious_script_detection\src\train.py",5-fold StratifiedKFold seed=20260501,"0.3 exact + 0.7 mean(lgbm,catboost,xgb,extra_trees,hist_gbdt), class weights [1.0,1.15,1.0]",0.7550878798,0.7715343518,work/data_security/powershell_malicious_script_detection/submissions/submission_blend_v1.csv,0.69678,"Random CV clearly overestimates leaderboard score because train/test drift is large."
2026-05-01T20:50:00+08:00,shift_candidate_v1,"scripts\run_py.cmd work\data_security\powershell_malicious_script_detection\src\generate_candidates.py","density-top holdout 30%/40% test-like proxy","0.1 exact + 0.9 mean(lgbm,xgb,hist,extra_trees), class weights [1.0,0.7,1.15]",0.7027485000,,"work/data_security/powershell_malicious_script_detection/submissions/submission_blend_shift_v1.csv",,"Proxy score is average of density-top 30% and 40% holdouts: 0.711957 and 0.693540."
2026-05-01T20:50:00+08:00,shift_candidate_v2,"scripts\run_py.cmd work\data_security\powershell_malicious_script_detection\src\generate_candidates.py","density-top holdout 30%/40% test-like proxy","0.1 exact + 0.9 mean(lgbm,xgb,hist,extra_trees), class weights [1.0,0.7,1.20]",0.7026035000,,"work/data_security/powershell_malicious_script_detection/submissions/submission_blend_shift_v2.csv",,"Proxy score is average of density-top 30% and 40% holdouts: 0.711763 and 0.693444."
2026-05-01T20:50:00+08:00,shift_candidate_v3,"scripts\run_py.cmd work\data_security\powershell_malicious_script_detection\src\generate_candidates.py","density-top holdout 30%/40% test-like proxy","0.1 exact + 0.9 mean(lgbm,xgb,hist,extra_trees), class weights [1.0,0.7,1.30]",0.7021055000,,"work/data_security/powershell_malicious_script_detection/submissions/submission_blend_shift_v3.csv",,"Proxy score is average of density-top 30% and 40% holdouts: 0.711981 and 0.692230."
2026-05-01T20:50:00+08:00,shift_candidate_core_v1,"scripts\run_py.cmd work\data_security\powershell_malicious_script_detection\src\generate_candidates.py","density-top holdout 30%/40% test-like proxy","mean(lgbm,xgb,hist,extra_trees), class weights [1.0,0.7,1.15]",0.7025405000,,"work/data_security/powershell_malicious_script_detection/submissions/submission_core_shift_v1.csv",,"Proxy score is average of density-top 30% and 40% holdouts: 0.711763 and 0.693318."
2026-05-01T22:40:00+08:00,leak_cons_base_v1,"scripts\run_py.cmd work\data_security\powershell_malicious_script_detection\src\generate_leak_candidates.py","boundary-band proxy","Per-combo leakage thresholds alpha01=1.0 alpha12=1.0, unseen combo fallback = base_shift",,,"work/data_security/powershell_malicious_script_detection/submissions/submission_leak_cons_base_v1.csv",,"High-risk structure-based candidate. Test prediction counts: 0=15991,1=3147,2=862."
2026-05-01T22:40:00+08:00,leak_cons_block_v1,"scripts\run_py.cmd work\data_security\powershell_malicious_script_detection\src\generate_leak_candidates.py","boundary-band proxy","Per-combo leakage thresholds alpha01=1.0 alpha12=1.0, unseen combo fallback = global block rule",,,"work/data_security/powershell_malicious_script_detection/submissions/submission_leak_cons_block_v1.csv",,"More conservative on class 2. Test prediction counts: 0=16396,1=3308,2=296."
2026-05-01T22:40:00+08:00,leak_mid_block_v1,"scripts\run_py.cmd work\data_security\powershell_malicious_script_detection\src\generate_leak_candidates.py","boundary-band proxy","Per-combo leakage thresholds alpha01=0.8 alpha12=0.9, unseen combo fallback = global block rule",,,"work/data_security/powershell_malicious_script_detection/submissions/submission_leak_mid_block_v1.csv",,"Moderate structure-based candidate. Test prediction counts: 0=16067,1=3336,2=597."
2026-05-01T22:40:00+08:00,leak_tuned_base_v1,"scripts\run_py.cmd work\data_security\powershell_malicious_script_detection\src\generate_leak_candidates.py","boundary-band proxy","Per-combo leakage thresholds alpha01=0.7 alpha12=0.74, unseen combo fallback = base_shift",0.7364798796,,"work/data_security/powershell_malicious_script_detection/submissions/submission_leak_tuned_base_v1.csv",,"Best score on the boundary-band proxy among tested threshold variants."
2026-05-01T22:40:00+08:00,leak_global01_v1,"scripts\run_py.cmd work\data_security\powershell_malicious_script_detection\src\generate_leak_candidates.py","high-risk heuristic","Global position rule: first 16500 -> 0, last 3500 -> 1",,,"work/data_security/powershell_malicious_script_detection/submissions/submission_leak_global01_v1.csv",,"Extreme candidate with no class 2 predictions."
2026-05-01T23:05:00+08:00,leak_cons_base_online,,,,,,"work/data_security/powershell_malicious_script_detection/submissions/submission_leak_cons_base_v1.csv",0.37876,"Catastrophic online score. Strong evidence that the monotone name-order leakage hypothesis is wrong for test ordering."
2026-05-01T23:05:00+08:00,leak_mid_block_online,,,,,,"work/data_security/powershell_malicious_script_detection/submissions/submission_leak_mid_block_v1.csv",0.38024,"Second catastrophic online score. Do not continue along leakage-order candidates."
2026-05-01T23:30:00+08:00,groupcv_blend_v1,"scripts\run_py.cmd work\data_security\powershell_malicious_script_detection\src\generate_groupcv_candidates.py","5-fold GroupKFold by exact feature combo","0.4*rf + 0.1*lgbm + 0.5*xgb, class weights [1.0,0.95,1.05]",0.7385682761,,"work/data_security/powershell_malicious_script_detection/submissions/submission_groupcv_blend_v1.csv",,"Best macro F1 on exact-combo GroupKFold."
2026-05-01T23:30:00+08:00,groupcv_compromise_v1,"scripts\run_py.cmd work\data_security\powershell_malicious_script_detection\src\generate_groupcv_candidates.py","group-by-combo + density-top compromise","0.7*groupcv_best + 0.3*old density-top blend, class weights [1.0,0.95,1.125]",0.7371982002,,"work/data_security/powershell_malicious_script_detection/submissions/submission_groupcv_compromise_v1.csv",,"Best average across GroupKFold and density-top proxies."
2026-05-01T23:30:00+08:00,groupcv_equal_v1,"scripts\run_py.cmd work\data_security\powershell_malicious_script_detection\src\generate_groupcv_candidates.py","5-fold GroupKFold by exact feature combo","mean(rf,lgbm,xgb), class weights [1.0,0.85,0.95]",0.7380387350,,"work/data_security/powershell_malicious_script_detection/submissions/submission_groupcv_equal_v1.csv",,"Simple strong ensemble close to the best GroupKFold score."
2026-05-01T23:50:00+08:00,groupcv_compromise_online,,,,,,"work/data_security/powershell_malicious_script_detection/submissions/submission_groupcv_compromise_v1.csv",0.69438,"Lower than the first blend score 0.69678. Increasing class 2 again did not help online."
2026-05-02T00:15:00+08:00,seen_exact_mode_group_v1,"scripts\run_py.cmd work\data_security\powershell_malicious_script_detection\src\generate_seen_exact_candidates.py","10 stratified shuffle pseudo-tests for ranking only","Seen exact combo posterior without smoothing or class weights; unseen 1089 rows fallback = 0.4*rf + 0.1*lgbm + 0.5*xgb",0.745633,,"work/data_security/powershell_malicious_script_detection/submissions/submission_seen_exact_mode_group_v1.csv",,"Proxy std 0.002119. Test prediction counts: 0=13223,1=3377,2=3400. Recommended next submit."
2026-05-02T00:15:00+08:00,seen_exact_s0_w120080090_group_v1,"scripts\run_py.cmd work\data_security\powershell_malicious_script_detection\src\generate_seen_exact_candidates.py","10 stratified shuffle pseudo-tests for ranking only","Seen exact combo posterior no smoothing, class weights [1.2,0.8,0.9]; unseen fallback = group blend",0.739522,,"work/data_security/powershell_malicious_script_detection/submissions/submission_seen_exact_s0_w120080090_group_v1.csv",,"Proxy std 0.002922. Test prediction counts: 0=13655,1=3091,2=3254."
2026-05-02T00:15:00+08:00,seen_exact_s1_w120080090_group_v1,"scripts\run_py.cmd work\data_security\powershell_malicious_script_detection\src\generate_seen_exact_candidates.py","10 stratified shuffle pseudo-tests for ranking only","Seen exact combo posterior smoothing=1, class weights [1.2,0.8,0.9]; unseen fallback = group blend",0.738858,,"work/data_security/powershell_malicious_script_detection/submissions/submission_seen_exact_s1_w120080090_group_v1.csv",,"Proxy std 0.002795. Test prediction counts: 0=13809,1=3085,2=3106."
2026-05-02T00:20:00+08:00,seen_exact_proxy_validation,"scripts\run_py.cmd work\data_security\powershell_malicious_script_detection\src\validate_seen_exact_proxy.py","10 stratified shuffle pseudo-tests, test_size=20000","Reproducible proxy validation for seen-exact candidate ranking",0.745633,,"work/data_security/powershell_malicious_script_detection/reports/seen_exact_proxy_validation.csv",,"Best spec is mode_w111. Detailed fold scores saved to seen_exact_proxy_validation_detailed.csv."
2026-05-02T09:10:00+08:00,seen_exact_mode_group_online,,,,,,"work/data_security/powershell_malicious_script_detection/submissions/submission_seen_exact_mode_group_v1.csv",0.69177,"Lower than blend_v1 and groupcv_compromise. Direct seen-exact replacement is not reliable online."
2026-05-02T09:35:00+08:00,prior_quota_em001_blend_v1,"scripts\run_py.cmd work\data_security\powershell_malicious_script_detection\src\generate_prior_quota_candidates.py","test-prior estimation and least-loss quota adjustment","Start from best blend_v1 scores; flip least-loss rows to EM(alpha=0.01) prior 13411/3125/3464",,,"work/data_security/powershell_malicious_script_detection/submissions/submission_prior_quota_em001_blend_v1.csv",,"Diff vs blend_v1: 667. Generated after online failures showed broad replacement strategies hurt."
2026-05-02T09:35:00+08:00,prior_quota_13500_3000_3500_blend_v1,"scripts\run_py.cmd work\data_security\powershell_malicious_script_detection\src\generate_prior_quota_candidates.py","name-gap prior + least-loss quota adjustment","Start from best blend_v1 scores; flip least-loss rows to conservative prior 13500/3000/3500",,,"work/data_security/powershell_malicious_script_detection/submissions/submission_prior_quota_13500_3000_3500_blend_v1.csv",,"Diff vs blend_v1: 756. Recommended next submit."
2026-05-02T09:35:00+08:00,prior_quota_missing_14000_2500_3500_blend_v1,"scripts\run_py.cmd work\data_security\powershell_malicious_script_detection\src\generate_prior_quota_candidates.py","name-gap prior + least-loss quota adjustment","Start from best blend_v1 scores; flip least-loss rows to inferred missing-id prior 14000/2500/3500",,,"work/data_security/powershell_malicious_script_detection/submissions/submission_prior_quota_missing_14000_2500_3500_blend_v1.csv",,"Diff vs blend_v1: 1256. Higher-upside, higher-risk follow-up if conservative prior improves."
2026-05-02T09:45:00+08:00,mlp_onehot_v1,"scripts\run_py.cmd work\data_security\powershell_malicious_script_detection\src\generate_mlp_candidates.py","3-fold StratifiedKFold random CV","OneHotEncoder + StandardScaler + MLPClassifier(128,64)",0.748917,,"work/data_security/powershell_malicious_script_detection/submissions/submission_mlp_onehot_v1.csv",,"Test counts 0=13183,1=3318,2=3499. Diff vs blend_v1: 550."
2026-05-02T09:45:00+08:00,blend_mlp_a020_w100105_v1,"scripts\run_py.cmd work\data_security\powershell_malicious_script_detection\src\generate_mlp_candidates.py","3-fold StratifiedKFold random CV for MLP only","0.8*blend_v1_prob + 0.2*MLP, class weights [1,1,1.05]",0.748917,,"work/data_security/powershell_malicious_script_detection/submissions/submission_blend_mlp_a020_w100105_v1.csv",,"Low-risk neural blend. Test counts 0=12775,1=3403,2=3822. Diff vs blend_v1: 76."
2026-05-02T12:00:00+08:00,prior_quota_13500_online,,,,,,"work/data_security/powershell_malicious_script_detection/submissions/submission.csv",0.69772,"This was the short LF copy of the old tree-blend prior quota 13500/3000/3500."
2026-05-02T12:00:00+08:00,mlp_onehot_online,,,,,,"work/data_security/powershell_malicious_script_detection/submissions/submission_mlp_onehot_v1.csv",0.70201,"New best online score. Confirms independent neural one-hot MLP is currently the strongest direction."
2026-05-02T12:00:00+08:00,blend_mlp_a020_online,,,,,,"work/data_security/powershell_malicious_script_detection/submissions/submission_blend_mlp_a020_w100105_v1.csv",0.69821,"Blending the neural signal into the old tree baseline diluted the MLP advantage."
2026-05-02T12:25:00+08:00,mlp_quota_13500_3000_3500_v1,"scripts\run_torch.cmd work\data_security\powershell_malicious_script_detection\src\generate_mlp_refine_candidates.py","online-guided neural refinement","sklearn MLP one-hot proba adjusted by least-loss quota to 13500/3000/3500",,,"work/data_security/powershell_malicious_script_detection/submissions/submission_mlp_quota_13500_3000_3500_v1.csv",,"Short copy now at submissions/submission.csv. Diff vs online-best MLP: 318. Counts 0=13500,1=3000,2=3500."
2026-05-02T12:45:00+08:00,torch_onehot_mlp_cv_v1,"scripts\run_torch.cmd work\data_security\powershell_malicious_script_detection\src\train_torch_tabular.py","3-fold StratifiedKFold random CV","PyTorch one-hot MLP CV ensemble",0.751913,,"work/data_security/powershell_malicious_script_detection/submissions/submission_torch_onehot_mlp_cv_v1.csv",,"Counts 0=13272,1=3332,2=3396. Short copy: sub_torch_onehot.csv."
2026-05-02T12:45:00+08:00,torch_emb_res_cv_v1,"scripts\run_torch.cmd work\data_security\powershell_malicious_script_detection\src\train_torch_tabular.py","3-fold StratifiedKFold random CV","PyTorch embedding residual MLP CV ensemble",0.752688,,"work/data_security/powershell_malicious_script_detection/submissions/submission_torch_emb_res_cv_v1.csv",,"Highest torch OOF. Counts 0=12971,1=3346,2=3683."
2026-05-02T12:45:00+08:00,torch_sklearn_nn_ensemble_v1,"scripts\run_torch.cmd work\data_security\powershell_malicious_script_detection\src\train_torch_tabular.py","neural ensemble","0.5*torch_nn_ensemble + 0.5*sklearn_mlp_onehot",,,"work/data_security/powershell_malicious_script_detection/submissions/submission_torch_sklearn_nn_ensemble_v1.csv",,"Short copy: sub_torch_nn.csv. Counts 0=13255,1=3320,2=3425. Diff vs online-best MLP: 172."
2026-05-02T13:10:00+08:00,sklearn_mlp_hybrid_v1,"scripts\run_torch.cmd work\data_security\powershell_malicious_script_detection\src\generate_sklearn_mlp_ensemble.py","multi-seed neural ensemble","0.5*online-best sklearn MLP + 0.5*8-model sklearn MLP ensemble",,,"work/data_security/powershell_malicious_script_detection/submissions/submission_sklearn_mlp_hybrid_v1.csv",,"Recommended next submit. Short copy: sub_sklearn_hybrid.csv. Counts 0=13254,1=3316,2=3430. Diff vs online-best MLP: 159."
2026-05-02T13:20:00+08:00,nn_local1,"inline via scripts\run_torch.cmd","online-best MLP neighborhood","0.65*mlp + 0.35*torch_ensemble, class weights [1.05,0.98,1.02]",,,"work/data_security/powershell_malicious_script_detection/submissions/sub_nn_local1.csv",,"Counts 0=13261,1=3316,2=3423. Diff vs online-best MLP: 158."
2026-05-02T13:20:00+08:00,mlp_w102,"inline via scripts\run_torch.cmd","online-best MLP neighborhood","MLP one-hot proba, class weights [1.02,1,1]",,,"work/data_security/powershell_malicious_script_detection/submissions/sub_mlp_w102.csv",,"Counts 0=13257,1=3318,2=3425. Diff vs online-best MLP: 74."
2026-05-02T14:05:00+08:00,prefix_weighted_torch,"scripts\run_torch.cmd work\data_security\powershell_malicious_script_detection\src\train_prefix_weighted_torch.py","prefix holdout guided training","5-seed prefix-weighted torch one-hot MLP, sample weights exp(-1.5*position), class weights [1.15,0.75,0.95]",,,"work/data_security/powershell_malicious_script_detection/submissions/sub_prefix_weighted_raw.csv",,"Counts 0=13562,1=3253,2=3185. Prefix proxy improved but full-test distribution may be aggressive."
2026-05-02T14:20:00+08:00,mlp_quota_13600_2900_3500_v1,"inline via scripts\run_torch.cmd","prefix holdout quota search","Online-best MLP proba adjusted by least-loss quota to 13600/2900/3500",,,"work/data_security/powershell_malicious_script_detection/submissions/submission.csv",,"Recommended single next submit. Same as submission_mlp_quota_13600_2900_3500_v1.csv. Diff vs online-best MLP: 418. SHA256 BB77C8A70C07DDF4D64B2A83BF68CC2CB126B8A1B624B62D71F9841611AA6E97."
