bid,sid,pred,alt,side,gap,pure,first,uniq,counterparts,cp_pure,cp_first,cp_uniq,support,ambiguous
BIN_8950290,408,CWE-135,CWE-121,right_from_CWE-121,16,,,,train:BIN_9765641,,,,False,True
BIN_8249526,504,CWE-126,CWE-121,left_to_CWE-121,1,,,,test:BIN_6551663,,,,False,True
BIN_3049998,506,CWE-126,CWE-121,right_from_CWE-121,1,,,,train:BIN_9462531,,,,False,True
BIN_8681591,511,CWE-126,CWE-121,left_to_CWE-121,1,,,,test:BIN_8202141,,,,False,True
BIN_6545696,513,CWE-126,CWE-121,right_from_CWE-121,1,,,,train:BIN_1741669,,,,False,True
BIN_3790413,517,CWE-126,CWE-121,left_to_CWE-121,1,,,,test:BIN_5624407,,,,False,True
BIN_8264883,520,CWE-126,CWE-121,right_from_CWE-121,1,,,,test:BIN_4901691,,,,False,True
BIN_2254329,525,CWE-126,CWE-121,left_to_CWE-121,1,,,,train:BIN_9424923,,,,False,True
BIN_5720554,531,CWE-126,CWE-121,left_to_CWE-121,1,,,,train:BIN_8643505,,,,False,True
BIN_6516479,532,CWE-121,CWE-126,right_from_CWE-126,1,,,,test:BIN_4543514,,,,False,True
BIN_1812963,4913,CWE-126,CWE-121,right_from_CWE-121,1,,,,test:BIN_6626214,,,,False,True
BIN_1455492,4916,CWE-121,CWE-126,right_from_CWE-126,1,,,,test:BIN_9468942,,,,False,True
BIN_4577138,4919,CWE-126,CWE-121,right_from_CWE-121,1,,,,test:BIN_3696497,,,,False,True
BIN_2334733,4943,CWE-126,CWE-121,right_from_CWE-121,1,,,,test:BIN_7775265,,,,False,True
BIN_6244783,4961,CWE-126,CWE-122,right_from_CWE-122,1,,,,test:BIN_9639073,,,,False,True
BIN_4860053,4966,CWE-126,CWE-122,left_to_CWE-122,1,,,,train:BIN_2148279,,,,False,True
BIN_8227758,4968,CWE-126,CWE-122,right_from_CWE-122,1,,,,test:BIN_7272665,,,,False,True
BIN_4280528,4977,CWE-126,CWE-122,right_from_CWE-122,1,,,,test:BIN_7803243,,,,False,True
BIN_3181278,7840,CWE-122,CWE-135,left_to_CWE-135,20,,CWE-122,CWE-122|CWE-131,train:BIN_6610860,,CWE-122,CWE-122|CWE-131,True,False
BIN_9837273,7860,CWE-135,CWE-122,right_from_CWE-122,20,,,,train:BIN_8394963,,,,False,True
BIN_2597033,7908,CWE-122,CWE-135,right_from_CWE-135,20,,,,test:BIN_6492891,,,,False,True
BIN_4198219,10834,CWE-122,CWE-126,right_from_CWE-126,1,,,,train:BIN_7133337,,,,False,True
BIN_1938615,10838,CWE-122,CWE-126,right_from_CWE-126,1,,,,train:BIN_7469235,,,,False,True
BIN_4942051,10844,CWE-122,CWE-126,left_to_CWE-126,1,,,,test:BIN_5084862,,,,False,True
BIN_9335771,10850,CWE-126,CWE-122,left_to_CWE-122,1,,,,train:BIN_9978026,,,,False,True
BIN_4025173,10855,CWE-126,CWE-122,right_from_CWE-122,1,,,,train:BIN_4004855,,,,False,True
BIN_7827710,10990,CWE-123,CWE-124,left_to_CWE-124,20,CWE-123,CWE-123,CWE-123,test:BIN_7813105,CWE-123,CWE-123,CWE-123,True,False
BIN_9514021,16558,CWE-134,CWE-127,right_from_CWE-127,16,,,,train:BIN_3971235,,,,False,True
BIN_1371931,18938,CWE-134,CWE-188,left_to_CWE-188,20,CWE-134,CWE-134,CWE-134,test:BIN_5913577,CWE-134,CWE-134,CWE-134,True,False
BIN_3918710,18958,CWE-188,CWE-134,right_from_CWE-134,20,,,,test:BIN_6006921,,,,False,True
BIN_1282514,18993,CWE-188,CWE-190,left_to_CWE-190,1,,,,test:BIN_1043729,,,,False,True
BIN_1606490,18994,CWE-190,CWE-188,right_from_CWE-188,1,,,,test:BIN_7703671,,,,False,True
BIN_6848141,22954,CWE-191,CWE-190,right_from_CWE-190,12,,,,test:BIN_5475140,,,,False,True
BIN_7005351,25894,CWE-191,CWE-194,left_to_CWE-194,12,CWE-191,CWE-191,CWE-191,train:BIN_7951930,CWE-191,CWE-191,CWE-191,True,False
BIN_1445445,25906,CWE-194,CWE-191,right_from_CWE-191,12,,,,train:BIN_8569011,,,,False,True
BIN_6330929,27058,CWE-195,CWE-194,right_from_CWE-194,20,,,,test:BIN_8849768,,,,False,True
BIN_3124360,28227,CWE-196,CWE-197,left_to_CWE-197,1,,,,train:BIN_6798655,,,,False,True
BIN_1801347,29072,CWE-197,CWE-023,left_to_CWE-023,20,CWE-197,CWE-197,CWE-197,test:BIN_2322028,CWE-197,CWE-197,CWE-197,True,False
BIN_8386492,29092,CWE-023,CWE-197,right_from_CWE-197,20,CWE-023,CWE-023,CWE-023,train:BIN_7165929,CWE-023,CWE-023,CWE-023,True,False
BIN_3198952,30992,CWE-023,CWE-242,left_to_CWE-242,20,CWE-023,CWE-023,CWE-023,test:BIN_1170097,CWE-023,CWE-023,CWE-023,True,False
BIN_2150059,31012,CWE-242,CWE-023,right_from_CWE-023,20,,,,test:BIN_4000150,,,,False,True
BIN_4198849,31569,CWE-252,CWE-253,left_to_CWE-253,1,,,,test:BIN_8814428,,,,False,True
BIN_4199403,32199,CWE-367,CWE-369,left_to_CWE-369,1,,,,train:BIN_1738567,,,,False,True
BIN_2660949,32200,CWE-369,CWE-367,right_from_CWE-367,1,,,,train:BIN_5225922,,,,False,True
BIN_6203055,33064,CWE-036,CWE-369,right_from_CWE-369,20,CWE-036,CWE-036,CWE-036,test:BIN_8548703,CWE-036,CWE-036,CWE-036,True,False
BIN_9273197,35092,CWE-390,CWE-377,right_from_CWE-377,1,CWE-390,CWE-390,CWE-390,test:BIN_9918795,CWE-390,CWE-390,CWE-390,True,False
BIN_6066650,35181,CWE-390,CWE-391,left_to_CWE-391,1,,,,train:BIN_5497133,,,,False,True
BIN_2011998,35182,CWE-391,CWE-390,right_from_CWE-390,1,,,,train:BIN_3630605,,,,False,True
BIN_7681509,35236,CWE-396,CWE-391,right_from_CWE-391,1,CWE-396,CWE-396,CWE-396,test:BIN_8068377,CWE-396,CWE-396,CWE-396,True,False
BIN_7190407,35289,CWE-396,CWE-397,left_to_CWE-397,2,CWE-396,CWE-396,CWE-396,test:BIN_2172928,CWE-396,CWE-396,CWE-396,True,False
BIN_3372307,35489,CWE-398,CWE-400,left_to_CWE-400,1,,,,test:BIN_7243932,,,,False,True
BIN_8921984,35490,CWE-400,CWE-398,right_from_CWE-398,1,,,,train:BIN_1544968,,,,False,True
BIN_2991691,37848,CWE-401,CWE-404,left_to_CWE-404,20,CWE-401,CWE-401,CWE-401,test:BIN_5113795,CWE-401,CWE-401,CWE-401,True,False
BIN_8832271,37868,CWE-404,CWE-401,right_from_CWE-401,20,,,,test:BIN_2212197,,,,False,True
BIN_6299331,37896,CWE-404,CWE-415,left_to_CWE-415,20,CWE-404,CWE-404,CWE-404,train:BIN_4958126,CWE-404,CWE-404,CWE-404,True,False
BIN_3297563,38878,CWE-416,CWE-415,right_from_CWE-415,22,,,,train:BIN_7919352,,,,False,True
BIN_1394325,39509,CWE-426,CWE-427,left_to_CWE-427,20,CWE-426,CWE-426,CWE-426,train:BIN_1656054,CWE-426,CWE-426,CWE-426,True,False
BIN_3475625,39989,CWE-427,CWE-457,left_to_CWE-457,21,CWE-427,CWE-427,CWE-427,train:BIN_5288319,CWE-427,CWE-427,CWE-427,True,False
BIN_9426721,40954,CWE-457,CWE-459,left_to_CWE-459,4,CWE-457,CWE-457,CWE-457,test:BIN_3405465,CWE-457,CWE-457,CWE-457,True,False
BIN_4184059,40994,CWE-464,CWE-459,right_from_CWE-459,1,,,,test:BIN_6864818,,,,False,True
BIN_1593911,41022,CWE-464,CWE-467,left_to_CWE-467,20,CWE-464,CWE-464,CWE-464,test:BIN_5110695,CWE-464,CWE-464,CWE-464,True,False
BIN_6537894,41133,CWE-469,CWE-468,right_from_CWE-468,1,,,,train:BIN_1436032,,,,False,True
BIN_5091731,41570,CWE-478,CWE-479,left_to_CWE-479,1,,,,test:BIN_9545251,,,,False,True
BIN_5502682,41571,CWE-479,CWE-478,right_from_CWE-478,1,,,,test:BIN_3997747,,,,False,True
BIN_5474899,41589,CWE-480,CWE-479,right_from_CWE-479,1,,,,train:BIN_7751232,,,,False,True
BIN_4967771,41606,CWE-480,CWE-481,left_to_CWE-481,1,,,,train:BIN_1187430,,,,False,True
BIN_3584569,41625,CWE-482,CWE-481,right_from_CWE-481,1,,,,test:BIN_6856705,,,,False,True
BIN_4390572,41662,CWE-483,CWE-484,left_to_CWE-484,1,,,,test:BIN_7507500,,,,False,True
BIN_8083459,41680,CWE-484,CWE-510,left_to_CWE-510,36,,,,test:BIN_7639817,,,,False,True
BIN_4560044,41839,CWE-511,CWE-526,left_to_CWE-526,1,,,,train:BIN_1598117,,,,False,True
BIN_3012821,41840,CWE-526,CWE-511,right_from_CWE-511,1,,,,train:BIN_5881468,,,,False,True
BIN_8556812,41857,CWE-526,CWE-546,left_to_CWE-546,1,,,,test:BIN_3662882,,,,False,True
BIN_1574217,41949,CWE-561,CWE-562,left_to_CWE-562,1,,,,test:BIN_1369597,,,,False,True
BIN_3711506,41950,CWE-562,CWE-561,right_from_CWE-561,1,,,,test:BIN_6221258,,,,False,True
BIN_3228938,41952,CWE-562,CWE-563,left_to_CWE-563,3,,,,test:BIN_1427338,,,,False,True
BIN_9428082,41955,CWE-563,CWE-562,right_from_CWE-562,3,CWE-563,CWE-563,CWE-563,test:BIN_8389799,CWE-563,CWE-563,CWE-563,True,False
BIN_4865561,42497,CWE-587,CWE-571,right_from_CWE-571,1,,,,test:BIN_4785001,,,,False,True
BIN_8596009,42515,CWE-588,CWE-587,right_from_CWE-587,1,CWE-588,CWE-588,CWE-588,test:BIN_8583328,CWE-588,CWE-588,CWE-588,True,False
BIN_4526444,46252,CWE-665,CWE-666,left_to_CWE-666,20,CWE-665,CWE-665,CWE-665,train:BIN_3315341,CWE-665,CWE-665,CWE-665,True,False
BIN_8585579,46427,CWE-674,CWE-672,right_from_CWE-672,20,,,,test:BIN_3785433,,,,False,True
BIN_5918531,46553,CWE-675,CWE-676,left_to_CWE-676,20,CWE-675,CWE-675,CWE-675,test:BIN_8014796,CWE-675,CWE-675,CWE-675,True,False
BIN_2861522,46573,CWE-676,CWE-675,right_from_CWE-675,20,CWE-676,CWE-676,CWE-676,test:BIN_4348589,CWE-676,CWE-676,CWE-676,True,False
BIN_2519261,47147,CWE-680,CWE-681,left_to_CWE-681,20,CWE-680,CWE-680,CWE-680,test:BIN_4597487,CWE-680,CWE-680,CWE-680,True,False
BIN_5190087,47220,CWE-681,CWE-685,left_to_CWE-685,1,,,,train:BIN_4011335,,,,False,True
BIN_5472113,47238,CWE-685,CWE-688,left_to_CWE-688,1,,,,test:BIN_2702946,,,,False,True
BIN_5812351,47239,CWE-688,CWE-685,right_from_CWE-685,1,,,,test:BIN_7892768,,,,False,True
BIN_7613973,48169,CWE-758,CWE-690,right_from_CWE-690,20,,,,test:BIN_5940425,,,,False,True
BIN_4550753,49302,CWE-761,CWE-762,left_to_CWE-762,22,CWE-761,CWE-761,CWE-761,test:BIN_5037854,CWE-761,CWE-761,CWE-761,True,False
BIN_6406922,52866,CWE-762,CWE-773,left_to_CWE-773,20,CWE-762,CWE-762,CWE-762,train:BIN_3266105,CWE-762,CWE-762,CWE-762,True,False
BIN_8628679,52886,CWE-773,CWE-762,right_from_CWE-762,20,,,,test:BIN_5030674,,,,False,True
BIN_2338043,52962,CWE-773,CWE-775,left_to_CWE-775,20,CWE-773,CWE-773,CWE-773,test:BIN_1617664,CWE-773,CWE-773,CWE-773,True,False
BIN_5756538,54018,CWE-789,CWE-078,left_to_CWE-078,20,CWE-789,CWE-789,CWE-789,train:BIN_7537026,CWE-789,CWE-789,CWE-789,True,False
BIN_1802324,54038,CWE-078,CWE-789,right_from_CWE-789,20,,,,test:BIN_3080675,,,,False,True
BIN_9986146,55938,CWE-078,CWE-835,left_to_CWE-835,38,CWE-078,CWE-078,CWE-078,test:BIN_2568284,CWE-078,CWE-078,CWE-078,True,False
BIN_8993957,55981,CWE-835,CWE-843,left_to_CWE-843,1,,,,test:BIN_1877351,,,,False,True
