binary_id,current,key_pred,support,purity,columns,examples,entry_line,high_pc,var_lines,line_seq_compact,sid,current_src,left_cwe,left_sid,ldist,right_cwe,right_sid,rdist,agree_pred,nearest_pred,nearest_dist,ex_sids,min_ex_dist,max_ex_dist
BIN_1312052,CWE-121,CWE-690,8,1.0,entry_line+var_lines+ptr_sig+struct_size_sig+member_sig+char_first_type+line_seq_compact,BIN_3873171|BIN_3972706|BIN_5383046|BIN_7527121|BIN_8422421,28,59,30,29|31|33|34|35,,,,,,,,,,,,47521|47329|47617|47569|47377,,
BIN_9034073,CWE-121,CWE-690,8,1.0,entry_line+var_lines+ptr_sig+struct_size_sig+member_sig+char_first_type+line_seq_compact,BIN_3873171|BIN_3972706|BIN_5383046|BIN_7527121|BIN_8422421,28,59,30,29|31|33|34|35,,,,,,,,,,,,47521|47329|47617|47569|47377,,
BIN_1599779,CWE-526,CWE-252,6,1.0,entry_line+var_lines+ptr_sig+struct_size_sig+member_sig+char_first_type+line_seq_compact,BIN_1851096|BIN_3461410|BIN_6155112|BIN_6848270|BIN_7015743,30,47,,31|32|35|37,41847.0,CWE-526,CWE-526,41845,2.0,CWE-526,41849.0,2.0,CWE-526,CWE-526,2.0,31240|31507|31508|31510|31241,10337,10607
BIN_1938615,CWE-126,CWE-122,4,1.0,entry_line+var_lines+ptr_sig+struct_size_sig+member_sig+char_first_type+line_seq_compact,BIN_1054821|BIN_2739460|BIN_3056539|BIN_5683592,30,169,35,31|32|35|36|37|39|41|42|43|44|45|48,10838.0,CWE-126,CWE-126,10837,1.0,CWE-122,10839.0,1.0,,CWE-126,1.0,10842|10840|10839|10843,1,5
BIN_3820017,CWE-190,CWE-191,3,1.0,entry_line+high_pc+var_lines+ptr_sig+struct_size_sig+member_sig+char_first_type+line_seq_compact,BIN_4423705|BIN_6614247|BIN_7683560,19,112,21|33,20|22|23|26|28|32|33|34|37,22849.0,CWE-190,CWE-190,22845,4.0,CWE-190,22852.0,3.0,CWE-190,CWE-190,3.0,24546|25117|25801,1697,2952
BIN_3545904,CWE-190,CWE-191,3,1.0,entry_line+high_pc+var_lines+ptr_sig+struct_size_sig+member_sig+char_first_type+line_seq_compact,BIN_4423705|BIN_6614247|BIN_7683560,19,112,21|33,20|22|23|26|28|32|33|34|37,22848.0,CWE-190,CWE-190,22845,3.0,CWE-190,22852.0,4.0,CWE-190,CWE-190,3.0,24546|25117|25801,1698,2953
BIN_1978012,CWE-191,CWE-190,3,1.0,entry_line+high_pc+var_lines+ptr_sig+struct_size_sig+member_sig+char_first_type+line_seq_compact,BIN_2102766|BIN_2868285|BIN_9287847,20,94,22|34,21|23|27|33|34|35|38,24653.0,CWE-191,CWE-191,24652,1.0,CWE-191,24658.0,5.0,CWE-191,CWE-191,1.0,22385|22386|21701,2267,2952
BIN_4661566,CWE-190,CWE-191,3,1.0,entry_line+high_pc+var_lines+ptr_sig+struct_size_sig+member_sig+char_first_type+line_seq_compact,BIN_4423705|BIN_6614247|BIN_7683560,19,112,21|33,20|22|23|26|28|32|33|34|37,22279.0,CWE-190,CWE-190,22277,2.0,CWE-190,22282.0,3.0,CWE-190,CWE-190,2.0,24546|25117|25801,2267,3522
BIN_6110316,CWE-190,CWE-191,3,1.0,entry_line+high_pc+var_lines+ptr_sig+struct_size_sig+member_sig+char_first_type+line_seq_compact,BIN_2346627|BIN_4504256|BIN_8400824,19,209,21|33,20|22|26|32|33|34|37,22462.0,CWE-190,CWE-190,22460,2.0,CWE-190,22463.0,1.0,CWE-190,CWE-190,1.0,24730|24729|25414,2267,2952
BIN_7844850,CWE-190,CWE-191,3,1.0,entry_line+high_pc+var_lines+ptr_sig+struct_size_sig+member_sig+char_first_type+line_seq_compact,BIN_1732778|BIN_8599409|BIN_9118118,19,148,21|34,20|23|24|27|29|33|34|35|38,22697.0,CWE-190,CWE-190,22693,4.0,CWE-190,22698.0,1.0,CWE-190,CWE-190,1.0,24964|25648|24965,2267,2951
BIN_1427708,CWE-191,CWE-190,3,1.0,entry_line+high_pc+var_lines+ptr_sig+struct_size_sig+member_sig+char_first_type+line_seq_compact,BIN_2102766|BIN_2868285|BIN_9287847,20,94,22|34,21|23|27|33|34|35|38,24654.0,CWE-191,CWE-191,24652,2.0,CWE-191,24658.0,4.0,CWE-191,CWE-191,2.0,22385|22386|21701,2268,2953
BIN_1485448,CWE-190,CWE-191,3,1.0,entry_line+high_pc+var_lines+ptr_sig+struct_size_sig+member_sig+char_first_type+line_seq_compact,BIN_4423705|BIN_6614247|BIN_7683560,19,112,21|33,20|22|23|26|28|32|33|34|37,22278.0,CWE-190,CWE-190,22277,1.0,CWE-190,22282.0,4.0,CWE-190,CWE-190,1.0,24546|25117|25801,2268,3523
BIN_2415309,CWE-190,CWE-191,3,1.0,entry_line+high_pc+var_lines+ptr_sig+struct_size_sig+member_sig+char_first_type+line_seq_compact,BIN_1732778|BIN_8599409|BIN_9118118,19,148,21|34,20|23|24|27|29|33|34|35|38,22696.0,CWE-190,CWE-190,22693,3.0,CWE-190,22698.0,2.0,CWE-190,CWE-190,2.0,24964|25648|24965,2268,2952
BIN_7147758,CWE-190,CWE-191,3,1.0,entry_line+high_pc+var_lines+ptr_sig+struct_size_sig+member_sig+char_first_type+line_seq_compact,BIN_2346627|BIN_4504256|BIN_8400824,19,209,21|33,20|22|26|32|33|34|37,22461.0,CWE-190,CWE-190,22460,1.0,CWE-190,22463.0,2.0,CWE-190,CWE-190,1.0,24730|24729|25414,2268,2953
BIN_6457094,CWE-190,CWE-191,3,1.0,entry_line+high_pc+var_lines+ptr_sig+struct_size_sig+member_sig+char_first_type+line_seq_compact,BIN_4423705|BIN_6614247|BIN_7683560,19,112,21|33,20|22|23|26|28|32|33|34|37,22165.0,CWE-190,CWE-190,22162,3.0,CWE-190,22166.0,1.0,CWE-190,CWE-190,1.0,24546|25117|25801,2381,3636
BIN_4713830,CWE-190,CWE-191,3,1.0,entry_line+high_pc+var_lines+ptr_sig+struct_size_sig+member_sig+char_first_type+line_seq_compact,BIN_4423705|BIN_6614247|BIN_7683560,19,112,21|33,20|22|23|26|28|32|33|34|37,22164.0,CWE-190,CWE-190,22162,2.0,CWE-190,22166.0,2.0,CWE-190,CWE-190,2.0,24546|25117|25801,2382,3637
BIN_1149878,CWE-190,CWE-191,3,1.0,entry_line+high_pc+var_lines+ptr_sig+struct_size_sig+member_sig+char_first_type+line_seq_compact,BIN_4423705|BIN_6614247|BIN_7683560,19,112,21|33,20|22|23|26|28|32|33|34|37,21595.0,CWE-190,CWE-190,21593,2.0,CWE-190,21596.0,1.0,CWE-190,CWE-190,1.0,24546|25117|25801,2951,4206
BIN_1165272,CWE-190,CWE-191,3,1.0,entry_line+high_pc+var_lines+ptr_sig+struct_size_sig+member_sig+char_first_type+line_seq_compact,BIN_1732778|BIN_8599409|BIN_9118118,19,148,21|34,20|23|24|27|29|33|34|35|38,22013.0,CWE-190,CWE-190,22011,2.0,CWE-190,22015.0,2.0,CWE-190,CWE-190,2.0,24964|25648|24965,2951,3635
BIN_1217120,CWE-190,CWE-191,3,1.0,entry_line+high_pc+var_lines+ptr_sig+struct_size_sig+member_sig+char_first_type+line_seq_compact,BIN_2346627|BIN_4504256|BIN_8400824,19,209,21|33,20|22|26|32|33|34|37,21778.0,CWE-190,CWE-190,21776,2.0,CWE-190,21780.0,2.0,CWE-190,CWE-190,2.0,24730|24729|25414,2951,3636
BIN_8025905,CWE-191,CWE-190,3,1.0,entry_line+high_pc+var_lines+ptr_sig+struct_size_sig+member_sig+char_first_type+line_seq_compact,BIN_2102766|BIN_2868285|BIN_9287847,20,94,22|34,21|23|27|33|34|35|38,25337.0,CWE-191,CWE-191,25324,13.0,CWE-191,25339.0,2.0,CWE-191,CWE-191,2.0,22385|22386|21701,2951,3636
BIN_4457144,CWE-191,CWE-190,3,1.0,entry_line+high_pc+var_lines+ptr_sig+struct_size_sig+member_sig+char_first_type+line_seq_compact,BIN_2102766|BIN_2868285|BIN_9287847,20,94,22|34,21|23|27|33|34|35|38,25338.0,CWE-191,CWE-191,25324,14.0,CWE-191,25339.0,1.0,CWE-191,CWE-191,1.0,22385|22386|21701,2952,3637
BIN_4862985,CWE-190,CWE-191,3,1.0,entry_line+high_pc+var_lines+ptr_sig+struct_size_sig+member_sig+char_first_type+line_seq_compact,BIN_2346627|BIN_4504256|BIN_8400824,19,209,21|33,20|22|26|32|33|34|37,21777.0,CWE-190,CWE-190,21776,1.0,CWE-190,21780.0,3.0,CWE-190,CWE-190,1.0,24730|24729|25414,2952,3637
BIN_6371686,CWE-190,CWE-191,3,1.0,entry_line+high_pc+var_lines+ptr_sig+struct_size_sig+member_sig+char_first_type+line_seq_compact,BIN_4423705|BIN_6614247|BIN_7683560,19,112,21|33,20|22|23|26|28|32|33|34|37,21594.0,CWE-190,CWE-190,21593,1.0,CWE-190,21596.0,2.0,CWE-190,CWE-190,1.0,24546|25117|25801,2952,4207
BIN_8681123,CWE-190,CWE-191,3,1.0,entry_line+high_pc+var_lines+ptr_sig+struct_size_sig+member_sig+char_first_type+line_seq_compact,BIN_1732778|BIN_8599409|BIN_9118118,19,148,21|34,20|23|24|27|29|33|34|35|38,22012.0,CWE-190,CWE-190,22011,1.0,CWE-190,22015.0,3.0,CWE-190,CWE-190,1.0,24964|25648|24965,2952,3636
BIN_3748669,CWE-124,CWE-121,3,1.0,entry_line+var_lines+ptr_sig+struct_size_sig+member_sig+char_first_type+line_seq_compact,BIN_5253046|BIN_6676880|BIN_7287448,42,71,44,43|46|48|49|50,11130.0,CWE-124,CWE-124,11129,1.0,CWE-124,11131.0,1.0,CWE-124,CWE-124,1.0,120|168|264,10866,11010
BIN_2932823,CWE-124,CWE-121,3,1.0,entry_line+var_lines+ptr_sig+struct_size_sig+member_sig+char_first_type+line_seq_compact,BIN_5253046|BIN_6676880|BIN_7287448,42,39,44,43|46|48|49|50,11626.0,CWE-124,CWE-124,11625,1.0,CWE-124,11627.0,1.0,CWE-124,CWE-124,1.0,120|168|264,11362,11506
BIN_7968025,CWE-124,CWE-121,3,1.0,entry_line+var_lines+ptr_sig+struct_size_sig+member_sig+char_first_type+line_seq_compact,BIN_5253046|BIN_6676880|BIN_7287448,42,112,44,43|46|48|49|50,11674.0,CWE-124,CWE-124,11673,1.0,CWE-124,11676.0,2.0,CWE-124,CWE-124,1.0,120|168|264,11410,11554
BIN_1530360,CWE-191,CWE-190,3,1.0,entry_line+high_pc+var_lines+ptr_sig+struct_size_sig+member_sig+char_first_type+line_seq_compact,BIN_1478053|BIN_3168527|BIN_8563414,34,116,36,35|37|39|40|41|42,,,,,,,,,,,,22258|22942|21518,,
BIN_5846197,CWE-124,CWE-127,3,1.0,entry_line+high_pc+var_lines+ptr_sig+struct_size_sig+member_sig+char_first_type+line_seq_compact,BIN_6454344|BIN_8357459|BIN_8873432,36,112,38|41,37|39|41|42|43|44|46|48|49,,,,,,,,,,,,15414|15318|15366,,
BIN_5847561,CWE-124,CWE-127,3,1.0,entry_line+high_pc+var_lines+ptr_sig+struct_size_sig+member_sig+char_first_type+line_seq_compact,BIN_6454344|BIN_8357459|BIN_8873432,36,112,38|41,37|39|41|42|43|44|46|48|49,,,,,,,,,,,,15414|15318|15366,,
BIN_7005351,CWE-191,CWE-190,3,1.0,entry_line+high_pc+var_lines+ptr_sig+struct_size_sig+member_sig+char_first_type+line_seq_compact,BIN_1478053|BIN_3168527|BIN_8563414,34,116,36,35|37|39|40|41|42,,,,,,,,,,,,22258|22942|21518,,
BIN_7663934,CWE-124,CWE-127,3,1.0,entry_line+high_pc+var_lines+ptr_sig+struct_size_sig+member_sig+char_first_type+line_seq_compact,BIN_6454344|BIN_8357459|BIN_8873432,36,112,38|41,37|39|41|42|43|44|46|48|49,,,,,,,,,,,,15414|15318|15366,,
BIN_5029417,CWE-190,CWE-191,2,1.0,entry_line+high_pc+var_lines+ptr_sig+struct_size_sig+member_sig+char_first_type+line_seq_compact,BIN_1839903|BIN_7711873,35,59,37,36|38|40|41|42|43,22440.0,CWE-190,CWE-190,22438,2.0,CWE-190,22442.0,2.0,CWE-190,CWE-190,2.0,23356|24708,916,2268
BIN_4628824,CWE-195,CWE-194,2,1.0,entry_line+high_pc+var_lines+ptr_sig+struct_size_sig+member_sig+char_first_type+line_seq_compact,BIN_1865181|BIN_4562622,18,154,20|33,19|22|23|26|29|33|34|36|37|38|39|41,27834.0,CWE-195,CWE-195,27832,2.0,CWE-195,27836.0,2.0,CWE-195,CWE-195,2.0,26682|26683,1151,1152
BIN_8911293,CWE-195,CWE-194,2,1.0,entry_line+high_pc+var_lines+ptr_sig+struct_size_sig+member_sig+char_first_type+line_seq_compact,BIN_1865181|BIN_4562622,18,154,20|33,19|22|23|26|29|33|34|36|37|38|39|41,27835.0,CWE-195,CWE-195,27832,3.0,CWE-195,27836.0,1.0,CWE-195,CWE-195,1.0,26682|26683,1152,1153
BIN_3583239,CWE-127,CWE-126,2,1.0,entry_line+var_lines+ptr_sig+struct_size_sig+member_sig+char_first_type+line_seq_compact,BIN_2877159|BIN_5023653,19,160,21|22|23|27|33|35,20|22|23|25|27|29|30|33|35|38|40|48|44|48,14627.0,CWE-127,CWE-127,14626,1.0,CWE-127,14628.0,1.0,CWE-127,CWE-127,1.0,13175|13319,1308,1452
BIN_6390534,CWE-190,CWE-191,2,1.0,entry_line+high_pc+var_lines+ptr_sig+struct_size_sig+member_sig+char_first_type+line_seq_compact,BIN_4567072|BIN_6531450,35,48,37,36|38|40|41|42|43,22782.0,CWE-190,CWE-190,22780,2.0,CWE-190,22786.0,4.0,CWE-190,CWE-190,2.0,25734|24220,1438,2952
BIN_3046541,CWE-126,CWE-127,2,1.0,entry_line+high_pc+var_lines+ptr_sig+struct_size_sig+member_sig+char_first_type+line_seq_compact,BIN_7713133|BIN_7733705,21,168,23|29|45,22|25|29|31|34|38|45|48|50|58|54|58,13108.0,CWE-126,CWE-126,13086,22.0,CWE-126,13110.0,2.0,CWE-126,CWE-126,2.0,14560|14559,1451,1452
BIN_1387584,CWE-126,CWE-127,2,1.0,entry_line+high_pc+var_lines+ptr_sig+struct_size_sig+member_sig+char_first_type+line_seq_compact,BIN_7713133|BIN_7733705,21,168,23|29|45,22|25|29|31|34|38|45|48|50|58|54|58,13107.0,CWE-126,CWE-126,13086,21.0,CWE-126,13110.0,3.0,CWE-126,CWE-126,3.0,14560|14559,1452,1453
BIN_7728870,CWE-190,CWE-191,2,1.0,entry_line+high_pc+var_lines+ptr_sig+struct_size_sig+member_sig+char_first_type+line_seq_compact,BIN_1839903|BIN_7711873,35,59,37,36|38|40|41|42|43,21756.0,CWE-190,CWE-190,21755,1.0,CWE-190,21759.0,3.0,CWE-190,CWE-190,1.0,23356|24708,1600,2952
BIN_2173259,CWE-191,CWE-190,2,1.0,entry_line+high_pc+var_lines+ptr_sig+struct_size_sig+member_sig+char_first_type+line_seq_compact,BIN_1842907|BIN_8005916,19,125,21|21|22|34,20|23|24|27|24|29|31|34|35|29|38,22970.0,CWE-191,CWE-191,22969,1.0,CWE-191,22971.0,1.0,CWE-191,CWE-191,1.0,21218|19058,1752,3912
BIN_7266522,CWE-127,CWE-126,2,1.0,entry_line+var_lines+ptr_sig+struct_size_sig+member_sig+char_first_type+line_seq_compact,BIN_2877159|BIN_5023653,19,128,21|22|23|27|33|35,20|22|23|25|27|29|30|33|35|38|40|48|44|48,15123.0,CWE-127,CWE-127,15120,3.0,CWE-127,15124.0,1.0,CWE-127,CWE-127,1.0,13175|13319,1804,1948
BIN_2080556,CWE-127,CWE-126,2,1.0,entry_line+var_lines+ptr_sig+struct_size_sig+member_sig+char_first_type+line_seq_compact,BIN_2877159|BIN_5023653,19,201,21|22|23|27|33|35,20|22|23|25|27|29|30|33|35|38|40|48|44|48,15171.0,CWE-127,CWE-127,15167,4.0,CWE-127,15172.0,1.0,CWE-127,CWE-127,1.0,13175|13319,1852,1996
BIN_9595912,CWE-190,CWE-191,2,1.0,entry_line+high_pc+var_lines+ptr_sig+struct_size_sig+member_sig+char_first_type+line_seq_compact,BIN_4567072|BIN_6531450,35,48,37,36|38|40|41|42|43,22098.0,CWE-190,CWE-190,22097,1.0,CWE-190,22100.0,2.0,CWE-190,CWE-190,1.0,25734|24220,2122,3636
BIN_1264185,CWE-191,CWE-190,2,1.0,entry_line+high_pc+var_lines+ptr_sig+struct_size_sig+member_sig+char_first_type+line_seq_compact,BIN_5191448|BIN_8000409,41,447,43|48|49|51|52|53|54|105,42|45|49|53|58|62|65|66|70|71|72|73|74|80|81|86|88|60|68|76|91|93|96|98|104|105|106|108,24766.0,CWE-191,CWE-191,24754,12.0,CWE-191,24767.0,1.0,CWE-191,CWE-191,1.0,22498|21814,2268,2952
BIN_1686681,CWE-190,CWE-191,2,1.0,entry_line+high_pc+var_lines+ptr_sig+struct_size_sig+member_sig+char_first_type+line_seq_compact,BIN_4099492|BIN_8208223,54,469,56|63|64|66|67|68|69|123,55|58|59|64|68|73|77|80|81|85|86|87|88|89|95|96|101|103|75|83|91|106|108|111|113|118|122|123|124|127,22505.0,CWE-190,CWE-190,22504,1.0,CWE-190,22507.0,2.0,CWE-190,CWE-190,1.0,25457|24773,2268,2952
BIN_2122276,CWE-190,CWE-191,2,1.0,entry_line+high_pc+var_lines+ptr_sig+struct_size_sig+member_sig+char_first_type+line_seq_compact,BIN_3576228|BIN_8985222,24,110,26|38,25|27|28|31|33|37|38|39|42,22731.0,CWE-190,CWE-190,22729,2.0,CWE-190,22733.0,2.0,CWE-190,CWE-190,2.0,24999|25683,2268,2952
BIN_2168651,CWE-190,CWE-191,2,1.0,entry_line+high_pc+var_lines+ptr_sig+struct_size_sig+member_sig+char_first_type+line_seq_compact,BIN_3467786|BIN_7397384,19,64,21|34,20|22|26|27|33|34|35|37|39,22437.0,CWE-190,CWE-190,22436,1.0,CWE-190,22438.0,1.0,CWE-190,CWE-190,1.0,24705|25389,2268,2952
BIN_2347922,CWE-190,CWE-191,2,1.0,entry_line+high_pc+var_lines+ptr_sig+struct_size_sig+member_sig+char_first_type+line_seq_compact,BIN_1966434|BIN_7912357,19,138,21|21|22|34,20|23|24|27|24|29|33|34|35|29|38,22362.0,CWE-190,CWE-190,22360,2.0,CWE-190,22363.0,1.0,CWE-190,CWE-190,1.0,25314|24630,2268,2952
BIN_2889408,CWE-190,CWE-191,2,1.0,entry_line+high_pc+var_lines+ptr_sig+struct_size_sig+member_sig+char_first_type+line_seq_compact,BIN_1689252|BIN_6483920,19,49,21|29,20|23|25|28|29|30|32,22650.0,CWE-190,CWE-190,22638,12.0,CWE-190,22651.0,1.0,CWE-190,CWE-190,1.0,25602|24918,2268,2952
BIN_2938738,CWE-191,CWE-190,2,1.0,entry_line+high_pc+var_lines+ptr_sig+struct_size_sig+member_sig+char_first_type+line_seq_compact,BIN_3286227|BIN_6870145,24,69,26|38,25|27|28|31|33|37|38|39|42,25151.0,CWE-191,CWE-191,25150,1.0,CWE-191,25152.0,1.0,CWE-191,CWE-191,1.0,22199|22883,2268,2952
BIN_3838830,CWE-191,CWE-190,2,1.0,entry_line+high_pc+var_lines+ptr_sig+struct_size_sig+member_sig+char_first_type+line_seq_compact,BIN_1887982|BIN_2028955,25,104,27|40,26|29|30|33|35|39|40|41|44,24845.0,CWE-191,CWE-191,24844,1.0,CWE-191,24846.0,1.0,CWE-191,CWE-191,1.0,22577|21893,2268,2952
BIN_3956759,CWE-191,CWE-190,2,1.0,entry_line+high_pc+var_lines+ptr_sig+struct_size_sig+member_sig+char_first_type+line_seq_compact,BIN_2467716|BIN_7472492,19,59,21|40,20|22|27|28|39|40|41|43|49,25046.0,CWE-191,CWE-191,25044,2.0,CWE-191,25047.0,1.0,CWE-191,CWE-191,1.0,22778|22094,2268,2952
BIN_3993085,CWE-191,CWE-190,2,1.0,entry_line+high_pc+var_lines+ptr_sig+struct_size_sig+member_sig+char_first_type+line_seq_compact,BIN_3745342|BIN_5185593,20,133,22|22|23|35,21|24|25|28|25|30|34|35|36|30|39,24668.0,CWE-191,CWE-191,24666,2.0,CWE-191,24672.0,4.0,CWE-191,CWE-191,2.0,22400|21716,2268,2952
BIN_4858186,CWE-190,CWE-191,2,1.0,entry_line+high_pc+var_lines+ptr_sig+struct_size_sig+member_sig+char_first_type+line_seq_compact,BIN_1285333|BIN_8590210,25,67,27|40,26|29|30|33|35|39|40|41|44,22653.0,CWE-190,CWE-190,22652,1.0,CWE-190,22654.0,1.0,CWE-190,CWE-190,1.0,24921|25605,2268,2952
BIN_4881902,CWE-190,CWE-191,2,1.0,entry_line+high_pc+var_lines+ptr_sig+struct_size_sig+member_sig+char_first_type+line_seq_compact,BIN_5637812|BIN_9219700,41,626,43|43|44|51|52|54|55|56|57|58|124,42|46|47|52|56|57|62|66|69|70|74|75|76|77|78|82|86|87|92|93|98|100|64|72|80|84|89|103|105|107|109|112|114|47|119|123|124|125|119|128,22628.0,CWE-190,CWE-190,22627,1.0,CWE-190,22629.0,1.0,CWE-190,CWE-190,1.0,25580|24896,2268,2952
BIN_5203656,CWE-191,CWE-190,2,1.0,entry_line+high_pc+var_lines+ptr_sig+struct_size_sig+member_sig+char_first_type+line_seq_compact,BIN_3184049|BIN_3753983,19,111,21|22|23|26|32|36,20|22|23|24|26|28|29|32|35|36|37|40,24711.0,CWE-191,CWE-191,24708,3.0,CWE-191,24712.0,1.0,CWE-191,CWE-191,1.0,22443|21759,2268,2952
BIN_5313585,CWE-190,CWE-191,2,1.0,entry_line+high_pc+var_lines+ptr_sig+struct_size_sig+member_sig+char_first_type+line_seq_compact,BIN_4058678|BIN_9343132,19,69,21|33,20|22|23|26|28|32|33|34|37,22318.0,CWE-190,CWE-190,22315,3.0,CWE-190,22319.0,1.0,CWE-190,CWE-190,1.0,24586|25270,2268,2952
BIN_5405934,CWE-190,CWE-191,2,1.0,entry_line+high_pc+var_lines+ptr_sig+struct_size_sig+member_sig+char_first_type+line_seq_compact,BIN_4750995|BIN_7642669,19,101,21|34,20|22|26|27|26|27|33|34|35|37|39,22361.0,CWE-190,CWE-190,22360,1.0,CWE-190,22363.0,2.0,CWE-190,CWE-190,1.0,25313|24629,2268,2952
BIN_5704016,CWE-191,CWE-190,2,1.0,entry_line+high_pc+var_lines+ptr_sig+struct_size_sig+member_sig+char_first_type+line_seq_compact,BIN_3138167|BIN_5145970,19,134,21|26|27|31,20|22|24|26|27|30|31|32|35,25204.0,CWE-191,CWE-191,25201,3.0,CWE-191,25206.0,2.0,CWE-191,CWE-191,2.0,22252|22936,2268,2952
BIN_5847178,CWE-191,CWE-190,2,1.0,entry_line+high_pc+var_lines+ptr_sig+struct_size_sig+member_sig+char_first_type+line_seq_compact,BIN_4952488|BIN_7132795,26,154,28|34|52,27|30|31|34|36|39|43|47|51|52|53|56,24810.0,CWE-191,CWE-191,24809,1.0,CWE-191,24811.0,1.0,CWE-191,CWE-191,1.0,21858|22542,2268,2952
BIN_6281275,CWE-191,CWE-190,2,1.0,entry_line+high_pc+var_lines+ptr_sig+struct_size_sig+member_sig+char_first_type+line_seq_compact,BIN_5078489|BIN_5924495,19,51,21|40,20|22|27|28|39|40|41|43|49,25160.0,CWE-191,CWE-191,25158,2.0,CWE-191,25162.0,2.0,CWE-191,CWE-191,2.0,22208|22892,2268,2952
BIN_6769067,CWE-191,CWE-190,2,1.0,entry_line+high_pc+var_lines+ptr_sig+struct_size_sig+member_sig+char_first_type+line_seq_compact,BIN_2862868|BIN_4359076,25,142,27|40,26|29|30|33|35|39|40|41|44,24960.0,CWE-191,CWE-191,24959,1.0,CWE-191,24961.0,1.0,CWE-191,CWE-191,1.0,22692|22008,2268,2952
BIN_6830101,CWE-190,CWE-191,2,1.0,entry_line+high_pc+var_lines+ptr_sig+struct_size_sig+member_sig+char_first_type+line_seq_compact,BIN_6959867|BIN_9612551,19,106,21|22|23|26|32|36,20|22|23|24|26|28|29|32|35|36|37|40,22785.0,CWE-190,CWE-190,22780,5.0,CWE-190,22786.0,1.0,CWE-190,CWE-190,1.0,25053|25737,2268,2952
BIN_7407159,CWE-191,CWE-190,2,1.0,entry_line+high_pc+var_lines+ptr_sig+struct_size_sig+member_sig+char_first_type+line_seq_compact,BIN_4020782|BIN_5240767,32,67,34|47,33|36|37|40|42|46|47|48|51,24925.0,CWE-191,CWE-191,24922,3.0,CWE-191,24928.0,3.0,CWE-191,CWE-191,3.0,22657|21973,2268,2952
BIN_8729123,CWE-190,CWE-191,2,1.0,entry_line+high_pc+var_lines+ptr_sig+struct_size_sig+member_sig+char_first_type+line_seq_compact,BIN_5525106|BIN_9242360,19,108,21|33,20|22|23|26|28|32|33|34|37,22736.0,CWE-190,CWE-190,22734,2.0,CWE-190,22741.0,5.0,CWE-190,CWE-190,2.0,25004|25688,2268,2952
BIN_8960562,CWE-191,CWE-190,2,1.0,entry_line+high_pc+var_lines+ptr_sig+struct_size_sig+member_sig+char_first_type+line_seq_compact,BIN_2209586|BIN_4250796,25,233,27|39,26|28|29|32|34|38|39|40|43,24732.0,CWE-191,CWE-191,24731,1.0,CWE-191,24733.0,1.0,CWE-191,CWE-191,1.0,22464|21780,2268,2952
BIN_9616310,CWE-191,CWE-190,2,1.0,entry_line+high_pc+var_lines+ptr_sig+struct_size_sig+member_sig+char_first_type+line_seq_compact,BIN_3763826|BIN_8341197,102,55,104|111,103|106|107|110|111|112|114,24790.0,CWE-191,CWE-191,24789,1.0,CWE-191,24791.0,1.0,CWE-191,CWE-191,1.0,22522|21838,2268,2952
BIN_9918514,CWE-190,CWE-191,2,1.0,entry_line+high_pc+var_lines+ptr_sig+struct_size_sig+member_sig+char_first_type+line_seq_compact,BIN_3578755|BIN_5603596,19,93,21|27|28|32,20|23|25|27|28|31|32|33|36,22594.0,CWE-190,CWE-190,22592,2.0,CWE-190,22596.0,2.0,CWE-190,CWE-190,2.0,24862|25546,2268,2952
BIN_5565886,CWE-191,CWE-190,2,1.0,entry_line+high_pc+var_lines+ptr_sig+struct_size_sig+member_sig+char_first_type+line_seq_compact,BIN_3083954|BIN_7775277,28,72,30,29|31|33|34|35,23026.0,CWE-191,CWE-191,23025,1.0,CWE-191,23027.0,1.0,CWE-191,CWE-191,1.0,20746|19018,2280,4008
BIN_2259835,CWE-191,CWE-190,2,1.0,entry_line+high_pc+var_lines+ptr_sig+struct_size_sig+member_sig+char_first_type+line_seq_compact,BIN_4489063|BIN_7318369,19,104,21|33,20|22|23|26|28|32|33|34|37,24548.0,CWE-191,CWE-191,24546,2.0,CWE-191,24549.0,1.0,CWE-191,CWE-191,1.0,21596|22166,2382,2952
BIN_8482715,CWE-191,CWE-190,2,1.0,entry_line+high_pc+var_lines+ptr_sig+struct_size_sig+member_sig+char_first_type+line_seq_compact,BIN_6647544|BIN_7103582,19,110,21|32,20|22|23|26|28|32|33|36,23204.0,CWE-191,CWE-191,23203,1.0,CWE-191,23205.0,1.0,CWE-191,CWE-191,1.0,20735|20734,2469,2470
BIN_1470790,CWE-191,CWE-190,2,1.0,entry_line+high_pc+var_lines+ptr_sig+struct_size_sig+member_sig+char_first_type+line_seq_compact,BIN_4489063|BIN_7318369,19,104,21|33,20|22|23|26|28|32|33|34|37,25118.0,CWE-191,CWE-191,25117,1.0,CWE-191,25119.0,1.0,CWE-191,CWE-191,1.0,21596|22166,2952,3522
BIN_1911926,CWE-191,CWE-190,2,1.0,entry_line+high_pc+var_lines+ptr_sig+struct_size_sig+member_sig+char_first_type+line_seq_compact,BIN_3745342|BIN_5185593,20,133,22|22|23|35,21|24|25|28|25|30|34|35|36|30|39,25352.0,CWE-191,CWE-191,25351,1.0,CWE-191,25353.0,1.0,CWE-191,CWE-191,1.0,22400|21716,2952,3636
BIN_2044789,CWE-191,CWE-190,2,1.0,entry_line+high_pc+var_lines+ptr_sig+struct_size_sig+member_sig+char_first_type+line_seq_compact,BIN_3138167|BIN_5145970,19,134,21|26|27|31,20|22|24|26|27|30|31|32|35,25888.0,CWE-191,CWE-191,25885,3.0,CWE-191,25890.0,2.0,CWE-191,CWE-191,2.0,22252|22936,2952,3636
BIN_2328926,CWE-191,CWE-190,2,1.0,entry_line+high_pc+var_lines+ptr_sig+struct_size_sig+member_sig+char_first_type+line_seq_compact,BIN_1887982|BIN_2028955,25,104,27|40,26|29|30|33|35|39|40|41|44,25529.0,CWE-191,CWE-191,25528,1.0,CWE-191,25530.0,1.0,CWE-191,CWE-191,1.0,22577|21893,2952,3636
BIN_2762676,CWE-190,CWE-191,2,1.0,entry_line+high_pc+var_lines+ptr_sig+struct_size_sig+member_sig+char_first_type+line_seq_compact,BIN_4750995|BIN_7642669,19,101,21|34,20|22|26|27|26|27|33|34|35|37|39,21677.0,CWE-190,CWE-190,21675,2.0,CWE-190,21679.0,2.0,CWE-190,CWE-190,2.0,25313|24629,2952,3636
BIN_2848635,CWE-191,CWE-190,2,1.0,entry_line+high_pc+var_lines+ptr_sig+struct_size_sig+member_sig+char_first_type+line_seq_compact,BIN_4020782|BIN_5240767,32,67,34|47,33|36|37|40|42|46|47|48|51,25609.0,CWE-191,CWE-191,25608,1.0,CWE-191,25610.0,1.0,CWE-191,CWE-191,1.0,22657|21973,2952,3636
BIN_3216551,CWE-190,CWE-191,2,1.0,entry_line+high_pc+var_lines+ptr_sig+struct_size_sig+member_sig+char_first_type+line_seq_compact,BIN_5637812|BIN_9219700,41,626,43|43|44|51|52|54|55|56|57|58|124,42|46|47|52|56|57|62|66|69|70|74|75|76|77|78|82|86|87|92|93|98|100|64|72|80|84|89|103|105|107|109|112|114|47|119|123|124|125|119|128,21944.0,CWE-190,CWE-190,21941,3.0,CWE-190,21945.0,1.0,CWE-190,CWE-190,1.0,25580|24896,2952,3636
BIN_3229747,CWE-190,CWE-191,2,1.0,entry_line+high_pc+var_lines+ptr_sig+struct_size_sig+member_sig+char_first_type+line_seq_compact,BIN_1689252|BIN_6483920,19,49,21|29,20|23|25|28|29|30|32,21966.0,CWE-190,CWE-190,21954,12.0,CWE-190,21967.0,1.0,CWE-190,CWE-190,1.0,25602|24918,2952,3636
BIN_3244752,CWE-191,CWE-190,2,1.0,entry_line+high_pc+var_lines+ptr_sig+struct_size_sig+member_sig+char_first_type+line_seq_compact,BIN_2862868|BIN_4359076,25,142,27|40,26|29|30|33|35|39|40|41|44,25644.0,CWE-191,CWE-191,25641,3.0,CWE-191,25648.0,4.0,CWE-191,CWE-191,3.0,22692|22008,2952,3636
BIN_3349271,CWE-190,CWE-191,2,1.0,entry_line+high_pc+var_lines+ptr_sig+struct_size_sig+member_sig+char_first_type+line_seq_compact,BIN_3467786|BIN_7397384,19,64,21|34,20|22|26|27|33|34|35|37|39,21753.0,CWE-190,CWE-190,21750,3.0,CWE-190,21754.0,1.0,CWE-190,CWE-190,1.0,24705|25389,2952,3636
BIN_3358330,CWE-191,CWE-190,2,1.0,entry_line+high_pc+var_lines+ptr_sig+struct_size_sig+member_sig+char_first_type+line_seq_compact,BIN_3763826|BIN_8341197,102,55,104|111,103|106|107|110|111|112|114,25474.0,CWE-191,CWE-191,25472,2.0,CWE-191,25476.0,2.0,CWE-191,CWE-191,2.0,22522|21838,2952,3636
BIN_3825654,CWE-190,CWE-191,2,1.0,entry_line+high_pc+var_lines+ptr_sig+struct_size_sig+member_sig+char_first_type+line_seq_compact,BIN_1966434|BIN_7912357,19,138,21|21|22|34,20|23|24|27|24|29|33|34|35|29|38,21678.0,CWE-190,CWE-190,21675,3.0,CWE-190,21679.0,1.0,CWE-190,CWE-190,1.0,25314|24630,2952,3636
BIN_4338908,CWE-190,CWE-191,2,1.0,entry_line+high_pc+var_lines+ptr_sig+struct_size_sig+member_sig+char_first_type+line_seq_compact,BIN_1285333|BIN_8590210,25,67,27|40,26|29|30|33|35|39|40|41|44,21969.0,CWE-190,CWE-190,21967,2.0,CWE-190,21970.0,1.0,CWE-190,CWE-190,1.0,24921|25605,2952,3636
BIN_5916627,CWE-191,CWE-190,2,1.0,entry_line+high_pc+var_lines+ptr_sig+struct_size_sig+member_sig+char_first_type+line_seq_compact,BIN_3286227|BIN_6870145,24,69,26|38,25|27|28|31|33|37|38|39|42,25835.0,CWE-191,CWE-191,25834,1.0,CWE-191,25838.0,3.0,CWE-191,CWE-191,1.0,22199|22883,2952,3636
BIN_6244319,CWE-191,CWE-190,2,1.0,entry_line+high_pc+var_lines+ptr_sig+struct_size_sig+member_sig+char_first_type+line_seq_compact,BIN_2467716|BIN_7472492,19,59,21|40,20|22|27|28|39|40|41|43|49,25730.0,CWE-191,CWE-191,25729,1.0,CWE-191,25733.0,3.0,CWE-191,CWE-191,1.0,22778|22094,2952,3636
BIN_6301693,CWE-190,CWE-191,2,1.0,entry_line+high_pc+var_lines+ptr_sig+struct_size_sig+member_sig+char_first_type+line_seq_compact,BIN_3578755|BIN_5603596,19,93,21|27|28|32,20|23|25|27|28|31|32|33|36,21910.0,CWE-190,CWE-190,21903,7.0,CWE-190,21911.0,1.0,CWE-190,CWE-190,1.0,24862|25546,2952,3636
BIN_6978555,CWE-191,CWE-190,2,1.0,entry_line+high_pc+var_lines+ptr_sig+struct_size_sig+member_sig+char_first_type+line_seq_compact,BIN_2209586|BIN_4250796,25,233,27|39,26|28|29|32|34|38|39|40|43,25416.0,CWE-191,CWE-191,25415,1.0,CWE-191,25417.0,1.0,CWE-191,CWE-191,1.0,22464|21780,2952,3636
BIN_7397874,CWE-190,CWE-191,2,1.0,entry_line+high_pc+var_lines+ptr_sig+struct_size_sig+member_sig+char_first_type+line_seq_compact,BIN_4099492|BIN_8208223,54,469,56|63|64|66|67|68|69|123,55|58|59|64|68|73|77|80|81|85|86|87|88|89|95|96|101|103|75|83|91|106|108|111|113|118|122|123|124|127,21821.0,CWE-190,CWE-190,21820,1.0,CWE-190,21823.0,2.0,CWE-190,CWE-190,1.0,25457|24773,2952,3636
BIN_7777029,CWE-190,CWE-191,2,1.0,entry_line+high_pc+var_lines+ptr_sig+struct_size_sig+member_sig+char_first_type+line_seq_compact,BIN_5525106|BIN_9242360,19,108,21|33,20|22|23|26|28|32|33|34|37,22052.0,CWE-190,CWE-190,22051,1.0,CWE-190,22053.0,1.0,CWE-190,CWE-190,1.0,25004|25688,2952,3636
BIN_7796884,CWE-190,CWE-191,2,1.0,entry_line+high_pc+var_lines+ptr_sig+struct_size_sig+member_sig+char_first_type+line_seq_compact,BIN_3576228|BIN_8985222,24,110,26|38,25|27|28|31|33|37|38|39|42,22047.0,CWE-190,CWE-190,22043,4.0,CWE-190,22048.0,1.0,CWE-190,CWE-190,1.0,24999|25683,2952,3636
BIN_7994180,CWE-191,CWE-190,2,1.0,entry_line+high_pc+var_lines+ptr_sig+struct_size_sig+member_sig+char_first_type+line_seq_compact,BIN_5191448|BIN_8000409,41,447,43|48|49|51|52|53|54|105,42|45|49|53|58|62|65|66|70|71|72|73|74|80|81|86|88|60|68|76|91|93|96|98|104|105|106|108,25450.0,CWE-191,CWE-191,25438,12.0,CWE-191,25453.0,3.0,CWE-191,CWE-191,3.0,22498|21814,2952,3636
BIN_8057759,CWE-191,CWE-190,2,1.0,entry_line+high_pc+var_lines+ptr_sig+struct_size_sig+member_sig+char_first_type+line_seq_compact,BIN_5078489|BIN_5924495,19,51,21|40,20|22|27|28|39|40|41|43|49,25844.0,CWE-191,CWE-191,25842,2.0,CWE-191,25845.0,1.0,CWE-191,CWE-191,1.0,22208|22892,2952,3636
BIN_8853163,CWE-191,CWE-190,2,1.0,entry_line+high_pc+var_lines+ptr_sig+struct_size_sig+member_sig+char_first_type+line_seq_compact,BIN_4952488|BIN_7132795,26,154,28|34|52,27|30|31|34|36|39|43|47|51|52|53|56,25494.0,CWE-191,CWE-191,25492,2.0,CWE-191,25495.0,1.0,CWE-191,CWE-191,1.0,21858|22542,2952,3636
BIN_9501564,CWE-191,CWE-190,2,1.0,entry_line+high_pc+var_lines+ptr_sig+struct_size_sig+member_sig+char_first_type+line_seq_compact,BIN_3184049|BIN_3753983,19,111,21|22|23|26|32|36,20|22|23|24|26|28|29|32|35|36|37|40,25395.0,CWE-191,CWE-191,25394,1.0,CWE-191,25396.0,1.0,CWE-191,CWE-191,1.0,22443|21759,2952,3636
BIN_9559038,CWE-190,CWE-191,2,1.0,entry_line+high_pc+var_lines+ptr_sig+struct_size_sig+member_sig+char_first_type+line_seq_compact,BIN_4058678|BIN_9343132,19,69,21|33,20|22|23|26|28|32|33|34|37,21634.0,CWE-190,CWE-190,21633,1.0,CWE-190,21635.0,1.0,CWE-190,CWE-190,1.0,24586|25270,2952,3636
BIN_9577062,CWE-190,CWE-191,2,1.0,entry_line+high_pc+var_lines+ptr_sig+struct_size_sig+member_sig+char_first_type+line_seq_compact,BIN_6959867|BIN_9612551,19,106,21|22|23|26|32|36,20|22|23|24|26|28|29|32|35|36|37|40,22101.0,CWE-190,CWE-190,22100,1.0,CWE-190,22102.0,1.0,CWE-190,CWE-190,1.0,25053|25737,2952,3636
BIN_7852046,CWE-190,CWE-191,2,1.0,entry_line+high_pc+var_lines+ptr_sig+struct_size_sig+member_sig+char_first_type+line_seq_compact,BIN_9685679|BIN_9941716,19,147,21|32,20|22|23|26|28|32|33|36,21451.0,CWE-190,CWE-190,21449,2.0,CWE-190,21452.0,1.0,CWE-190,CWE-190,1.0,24499|24498,3047,3048
BIN_9728793,CWE-191,CWE-190,2,1.0,entry_line+high_pc+var_lines+ptr_sig+struct_size_sig+member_sig+char_first_type+line_seq_compact,BIN_3896768|BIN_8704501,19,121,21|32,20|22|26|32|33|36,24491.0,CWE-191,CWE-191,24470,21.0,CWE-191,24493.0,2.0,CWE-191,CWE-191,2.0,21444|21443,3047,3048
BIN_6453499,CWE-190,CWE-191,2,1.0,entry_line+high_pc+var_lines+ptr_sig+struct_size_sig+member_sig+char_first_type+line_seq_compact,BIN_9685679|BIN_9941716,19,147,21|32,20|22|23|26|28|32|33|36,21450.0,CWE-190,CWE-190,21449,1.0,CWE-190,21452.0,2.0,CWE-190,CWE-190,1.0,24499|24498,3048,3049
BIN_8774497,CWE-191,CWE-190,2,1.0,entry_line+high_pc+var_lines+ptr_sig+struct_size_sig+member_sig+char_first_type+line_seq_compact,BIN_3896768|BIN_8704501,19,121,21|32,20|22|26|32|33|36,24492.0,CWE-191,CWE-191,24470,22.0,CWE-191,24493.0,1.0,CWE-191,CWE-191,1.0,21444|21443,3048,3049
BIN_9852046,CWE-191,CWE-190,2,1.0,entry_line+high_pc+var_lines+ptr_sig+struct_size_sig+member_sig+char_first_type+line_seq_compact,BIN_4489063|BIN_7318369,19,104,21|33,20|22|23|26|28|32|33|34|37,25232.0,CWE-191,CWE-191,25229,3.0,CWE-191,25233.0,1.0,CWE-191,CWE-191,1.0,21596|22166,3066,3636
BIN_4265222,CWE-191,CWE-190,2,1.0,entry_line+var_lines+ptr_sig+struct_size_sig+member_sig+char_first_type+line_seq_compact,BIN_3306583|BIN_7711687,32,104,34|47,33|36|37|40|42|44|47|48|51,23729.0,CWE-191,CWE-191,23728,1.0,CWE-191,23730.0,1.0,CWE-191,CWE-191,1.0,20633|20489,3096,3240
BIN_4064480,CWE-190,CWE-191,2,1.0,entry_line+var_lines+ptr_sig+struct_size_sig+member_sig+char_first_type+line_seq_compact,BIN_4321145|BIN_7366134,19,160,21|21|22|34,20|24|25|28|25|30|34|35|30|38,20594.0,CWE-190,CWE-190,20593,1.0,CWE-190,20595.0,1.0,CWE-190,CWE-190,1.0,23786|24074,3192,3480
BIN_5343873,CWE-190,CWE-191,2,1.0,entry_line+high_pc+var_lines+ptr_sig+struct_size_sig+member_sig+char_first_type+line_seq_compact,BIN_5722851|BIN_7331219,19,83,21|33,20|22|23|26|28|30|33|34|37,20927.0,CWE-190,CWE-190,20925,2.0,CWE-190,20928.0,1.0,CWE-190,CWE-190,1.0,24214|24215,3287,3288
BIN_4051035,CWE-191,CWE-190,2,1.0,entry_line+var_lines+ptr_sig+struct_size_sig+member_sig+char_first_type+line_seq_compact,BIN_3306583|BIN_7711687,32,71,34|47,33|36|37|40|42|44|47|48|51,23921.0,CWE-191,CWE-191,23920,1.0,CWE-191,23922.0,1.0,CWE-191,CWE-191,1.0,20633|20489,3288,3432
BIN_6192941,CWE-190,CWE-191,2,1.0,entry_line+high_pc+var_lines+ptr_sig+struct_size_sig+member_sig+char_first_type+line_seq_compact,BIN_5722851|BIN_7331219,19,83,21|33,20|22|23|26|28|30|33|34|37,20926.0,CWE-190,CWE-190,20925,1.0,CWE-190,20928.0,2.0,CWE-190,CWE-190,1.0,24214|24215,3288,3289
BIN_8188466,CWE-190,CWE-191,2,1.0,entry_line+high_pc+var_lines+ptr_sig+struct_size_sig+member_sig+char_first_type+line_seq_compact,BIN_4567072|BIN_6531450,35,48,37,36|38|40|41|42|43,20932.0,CWE-190,CWE-190,20929,3.0,CWE-190,20934.0,2.0,CWE-190,CWE-190,2.0,25734|24220,3288,4802
BIN_4991602,CWE-190,CWE-191,2,1.0,entry_line+var_lines+ptr_sig+struct_size_sig+member_sig+char_first_type+line_seq_compact,BIN_2246488|BIN_4251566,19,50,21|32,20|23|24|27|28|32|33|35,20451.0,CWE-190,CWE-190,20449,2.0,CWE-190,20452.0,1.0,CWE-190,CWE-190,1.0,23979|23787,3336,3528
BIN_7015526,CWE-190,CWE-191,2,1.0,entry_line+var_lines+ptr_sig+struct_size_sig+member_sig+char_first_type+line_seq_compact,BIN_4321145|BIN_7366134,19,87,21|21|22|34,20|24|25|28|25|30|34|35|30|38,20450.0,CWE-190,CWE-190,20449,1.0,CWE-190,20452.0,2.0,CWE-190,CWE-190,1.0,23786|24074,3336,3624
BIN_2873134,CWE-191,CWE-190,2,1.0,entry_line+var_lines+ptr_sig+struct_size_sig+member_sig+char_first_type+line_seq_compact,BIN_3306583|BIN_7711687,32,144,34|47,33|36|37|40|42|44|47|48|51,24017.0,CWE-191,CWE-191,24016,1.0,CWE-191,24018.0,1.0,CWE-191,CWE-191,1.0,20633|20489,3384,3528
BIN_2839998,CWE-191,CWE-190,2,1.0,entry_line+high_pc+var_lines+ptr_sig+struct_size_sig+member_sig+char_first_type+line_seq_compact,BIN_6647544|BIN_7103582,19,110,21|32,20|22|23|26|28|32|33|36,24166.0,CWE-191,CWE-191,24163,3.0,CWE-191,24169.0,3.0,CWE-191,CWE-191,3.0,20735|20734,3431,3432
BIN_9389554,CWE-191,CWE-190,2,1.0,entry_line+high_pc+var_lines+ptr_sig+struct_size_sig+member_sig+char_first_type+line_seq_compact,BIN_3083954|BIN_7775277,28,72,30,29|31|33|34|35,24178.0,CWE-191,CWE-191,24177,1.0,CWE-191,24179.0,1.0,CWE-191,CWE-191,1.0,20746|19018,3432,5160
BIN_9529276,CWE-191,CWE-190,2,1.0,entry_line+high_pc+var_lines+ptr_sig+struct_size_sig+member_sig+char_first_type+line_seq_compact,BIN_6647544|BIN_7103582,19,110,21|32,20|22|23|26|28|32|33|36,24167.0,CWE-191,CWE-191,24163,4.0,CWE-191,24169.0,2.0,CWE-191,CWE-191,2.0,20735|20734,3432,3433
BIN_3242306,CWE-191,CWE-190,2,1.0,entry_line+high_pc+var_lines+ptr_sig+struct_size_sig+member_sig+char_first_type+line_seq_compact,BIN_1144013|BIN_7512467,19,74,21|33,20|23|24|27|29|33|34|37,23970.0,CWE-191,CWE-191,23969,1.0,CWE-191,23972.0,2.0,CWE-191,CWE-191,1.0,20443|20442,3527,3528
BIN_8567934,CWE-191,CWE-190,2,1.0,entry_line+high_pc+var_lines+ptr_sig+struct_size_sig+member_sig+char_first_type+line_seq_compact,BIN_1144013|BIN_7512467,19,74,21|33,20|23|24|27|29|33|34|37,23971.0,CWE-191,CWE-191,23969,2.0,CWE-191,23972.0,1.0,CWE-191,CWE-191,1.0,20443|20442,3528,3529
BIN_3113261,CWE-191,CWE-190,2,1.0,entry_line+high_pc+var_lines+ptr_sig+struct_size_sig+member_sig+char_first_type+line_seq_compact,BIN_5722765|BIN_6588051,19,108,21|33,20|23|24|27|29|33|34|37,23782.0,CWE-191,CWE-191,23776,6.0,CWE-191,23784.0,2.0,CWE-191,CWE-191,2.0,20159|20158,3623,3624
BIN_7798868,CWE-190,CWE-191,2,1.0,entry_line+var_lines+ptr_sig+struct_size_sig+member_sig+char_first_type+line_seq_compact,BIN_2246488|BIN_4251566,19,82,21|32,20|23|24|27|28|32|33|35,20163.0,CWE-190,CWE-190,20161,2.0,CWE-190,20164.0,1.0,CWE-190,CWE-190,1.0,23979|23787,3624,3816
BIN_8020800,CWE-190,CWE-191,2,1.0,entry_line+var_lines+ptr_sig+struct_size_sig+member_sig+char_first_type+line_seq_compact,BIN_4321145|BIN_7366134,19,119,21|21|22|34,20|24|25|28|25|30|34|35|30|38,20162.0,CWE-190,CWE-190,20161,1.0,CWE-190,20164.0,2.0,CWE-190,CWE-190,1.0,23786|24074,3624,3912
BIN_9587034,CWE-191,CWE-190,2,1.0,entry_line+high_pc+var_lines+ptr_sig+struct_size_sig+member_sig+char_first_type+line_seq_compact,BIN_5722765|BIN_6588051,19,108,21|33,20|23|24|27|29|33|34|37,23783.0,CWE-191,CWE-191,23776,7.0,CWE-191,23784.0,1.0,CWE-191,CWE-191,1.0,20159|20158,3624,3625
BIN_6510128,CWE-191,CWE-190,2,1.0,entry_line+high_pc+var_lines+ptr_sig+struct_size_sig+member_sig+char_first_type+line_seq_compact,BIN_4489063|BIN_7318369,19,104,21|33,20|22|23|26|28|32|33|34|37,25802.0,CWE-191,CWE-191,25801,1.0,CWE-191,25807.0,5.0,CWE-191,CWE-191,1.0,21596|22166,3636,4206
BIN_9709133,CWE-191,CWE-190,2,1.0,entry_line+high_pc+var_lines+ptr_sig+struct_size_sig+member_sig+char_first_type+line_seq_compact,BIN_4314267|BIN_9570974,19,246,21|33,20|22|23|26|28|30|33|34|37,23446.0,CWE-191,CWE-191,23444,2.0,CWE-191,23448.0,2.0,CWE-191,CWE-191,2.0,19775|19774,3671,3672
BIN_8416577,CWE-191,CWE-190,2,1.0,entry_line+high_pc+var_lines+ptr_sig+struct_size_sig+member_sig+char_first_type+line_seq_compact,BIN_4314267|BIN_9570974,19,246,21|33,20|22|23|26|28|30|33|34|37,23447.0,CWE-191,CWE-191,23444,3.0,CWE-191,23448.0,1.0,CWE-191,CWE-191,1.0,19775|19774,3672,3673
BIN_6981959,CWE-191,CWE-190,2,1.0,entry_line+high_pc+var_lines+ptr_sig+struct_size_sig+member_sig+char_first_type+line_seq_compact,BIN_3859417|BIN_9157971,19,93,21|33,20|22|23|26|28|30|33|34|37,23346.0,CWE-191,CWE-191,23345,1.0,CWE-191,23349.0,3.0,CWE-191,CWE-191,1.0,19627|19626,3719,3720
BIN_2786911,CWE-191,CWE-190,2,1.0,entry_line+high_pc+var_lines+ptr_sig+struct_size_sig+member_sig+char_first_type+line_seq_compact,BIN_3859417|BIN_9157971,19,93,21|33,20|22|23|26|28|30|33|34|37,23347.0,CWE-191,CWE-191,23345,2.0,CWE-191,23349.0,2.0,CWE-191,CWE-191,2.0,19627|19626,3720,3721
BIN_3728058,CWE-190,CWE-191,2,1.0,entry_line+high_pc+var_lines+ptr_sig+struct_size_sig+member_sig+char_first_type+line_seq_compact,BIN_1839903|BIN_7711873,35,59,37,36|38|40|41|42|43,19636.0,CWE-190,CWE-190,19632,4.0,CWE-190,19638.0,2.0,CWE-190,CWE-190,2.0,23356|24708,3720,5072
BIN_3139407,CWE-191,CWE-190,2,1.0,entry_line+var_lines+ptr_sig+struct_size_sig+member_sig+char_first_type+line_seq_compact,BIN_2848583|BIN_6928340,26,112,28|40,27|29|30|33|35|37|40|41|44,23245.0,CWE-191,CWE-191,23244,1.0,CWE-191,23247.0,2.0,CWE-191,CWE-191,1.0,19477|19478,3767,3768
BIN_3964648,CWE-191,CWE-190,2,1.0,entry_line+high_pc+var_lines+ptr_sig+struct_size_sig+member_sig+char_first_type+line_seq_compact,BIN_1700808|BIN_8902629,19,240,21|32,20|22|23|26|28|32|33|36,23494.0,CWE-191,CWE-191,23493,1.0,CWE-191,23499.0,5.0,CWE-191,CWE-191,1.0,19726|19727,3767,3768
BIN_4976994,CWE-190,CWE-191,2,1.0,entry_line+high_pc+var_lines+ptr_sig+struct_size_sig+member_sig+char_first_type+line_seq_compact,BIN_4829512|BIN_5494058,20,94,22|34,21|23|27|31|34|35|38,19476.0,CWE-190,CWE-190,19454,22.0,CWE-190,19477.0,1.0,CWE-190,CWE-190,1.0,23244|23243,3767,3768
BIN_9659738,CWE-191,CWE-190,2,1.0,entry_line+high_pc+var_lines+ptr_sig+struct_size_sig+member_sig+char_first_type+line_seq_compact,BIN_3726393|BIN_6706297,19,208,21|32,20|22|26|32|33|36,23483.0,CWE-191,CWE-191,23462,21.0,CWE-191,23485.0,2.0,CWE-191,CWE-191,2.0,19716|19715,3767,3768
BIN_1655598,CWE-191,CWE-190,2,1.0,entry_line+var_lines+ptr_sig+struct_size_sig+member_sig+char_first_type+line_seq_compact,BIN_2848583|BIN_6928340,26,114,28|40,27|29|30|33|35|37|40|41|44,23246.0,CWE-191,CWE-191,23244,2.0,CWE-191,23247.0,1.0,CWE-191,CWE-191,1.0,19477|19478,3768,3769
BIN_4005348,CWE-191,CWE-190,2,1.0,entry_line+high_pc+var_lines+ptr_sig+struct_size_sig+member_sig+char_first_type+line_seq_compact,BIN_3726393|BIN_6706297,19,208,21|32,20|22|26|32|33|36,23484.0,CWE-191,CWE-191,23462,22.0,CWE-191,23485.0,1.0,CWE-191,CWE-191,1.0,19716|19715,3768,3769
BIN_7920328,CWE-190,CWE-191,2,1.0,entry_line+high_pc+var_lines+ptr_sig+struct_size_sig+member_sig+char_first_type+line_seq_compact,BIN_4829512|BIN_5494058,20,94,22|34,21|23|27|31|34|35|38,19475.0,CWE-190,CWE-190,19454,21.0,CWE-190,19477.0,2.0,CWE-190,CWE-190,2.0,23244|23243,3768,3769
BIN_9685486,CWE-191,CWE-190,2,1.0,entry_line+high_pc+var_lines+ptr_sig+struct_size_sig+member_sig+char_first_type+line_seq_compact,BIN_1700808|BIN_8902629,19,240,21|32,20|22|23|26|28|32|33|36,23495.0,CWE-191,CWE-191,23493,2.0,CWE-191,23499.0,4.0,CWE-191,CWE-191,2.0,19726|19727,3768,3769
BIN_1280101,CWE-191,CWE-190,2,1.0,entry_line+high_pc+var_lines+ptr_sig+struct_size_sig+member_sig+char_first_type+line_seq_compact,BIN_1210933|BIN_7982079,19,61,21|32,20|22|26|32|33|36,23387.0,CWE-191,CWE-191,23386,1.0,CWE-191,23389.0,2.0,CWE-191,CWE-191,1.0,19571|19572,3815,3816
BIN_6971562,CWE-191,CWE-190,2,1.0,entry_line+high_pc+var_lines+ptr_sig+struct_size_sig+member_sig+char_first_type+line_seq_compact,BIN_1210933|BIN_7982079,19,61,21|32,20|22|26|32|33|36,23388.0,CWE-191,CWE-191,23386,2.0,CWE-191,23389.0,1.0,CWE-191,CWE-191,1.0,19571|19572,3816,3817
BIN_7791860,CWE-191,CWE-190,2,1.0,entry_line+high_pc+var_lines+ptr_sig+struct_size_sig+member_sig+char_first_type+line_seq_compact,BIN_2368545|BIN_5549289,20,114,22|33,21|23|24|27|29|33|34|37,23302.0,CWE-191,CWE-191,23301,1.0,CWE-191,23307.0,5.0,CWE-191,CWE-191,1.0,19439|19438,3863,3864
BIN_8858945,CWE-190,CWE-191,2,1.0,entry_line+high_pc+var_lines+ptr_sig+struct_size_sig+member_sig+char_first_type+line_seq_compact,BIN_5486469|BIN_5503209,19,77,21|33,20|22|23|26|28|30|33|34|37,19199.0,CWE-190,CWE-190,19195,4.0,CWE-190,19202.0,3.0,CWE-190,CWE-190,3.0,23063|23062,3863,3864
BIN_4242933,CWE-191,CWE-190,2,1.0,entry_line+high_pc+var_lines+ptr_sig+struct_size_sig+member_sig+char_first_type+line_seq_compact,BIN_2368545|BIN_5549289,20,114,22|33,21|23|24|27|29|33|34|37,23303.0,CWE-191,CWE-191,23301,2.0,CWE-191,23307.0,4.0,CWE-191,CWE-191,2.0,19439|19438,3864,3865
BIN_4634026,CWE-190,CWE-191,2,1.0,entry_line+high_pc+var_lines+ptr_sig+struct_size_sig+member_sig+char_first_type+line_seq_compact,BIN_5486469|BIN_5503209,19,77,21|33,20|22|23|26|28|30|33|34|37,19198.0,CWE-190,CWE-190,19195,3.0,CWE-190,19202.0,4.0,CWE-190,CWE-190,3.0,23063|23062,3864,3865
BIN_5471998,CWE-190,CWE-191,2,1.0,entry_line+high_pc+var_lines+ptr_sig+struct_size_sig+member_sig+char_first_type+line_seq_compact,BIN_1793731|BIN_5700995,19,92,21|32,20|22|26|32|33|36,19284.0,CWE-190,CWE-190,19282,2.0,CWE-190,19286.0,2.0,CWE-190,CWE-190,2.0,23195|23196,3911,3912
BIN_1304967,CWE-190,CWE-191,2,1.0,entry_line+high_pc+var_lines+ptr_sig+struct_size_sig+member_sig+char_first_type+line_seq_compact,BIN_1793731|BIN_5700995,19,92,21|32,20|22|26|32|33|36,19283.0,CWE-190,CWE-190,19282,1.0,CWE-190,19286.0,3.0,CWE-190,CWE-190,1.0,23195|23196,3912,3913
BIN_5734467,CWE-369,CWE-197,2,1.0,entry_line+var_lines+ptr_sig+struct_size_sig+member_sig+char_first_type+line_seq_compact,BIN_1634966|BIN_9031212,53,553,55|60|61|63|64|65|66|67,54|57|61|65|66|71|75|78|79|83|84|85|86|87|91|95|96|101|102|107|109|73|81|89|93|98|112|114|116|118|121|123|127|128|129,32794.0,CWE-369,CWE-369,32793,1.0,CWE-369,32797.0,3.0,CWE-369,CWE-369,1.0,28640|28688,4106,4154
BIN_7794558,CWE-369,CWE-197,2,1.0,entry_line+var_lines+ptr_sig+struct_size_sig+member_sig+char_first_type+line_seq_compact,BIN_1634966|BIN_9031212,53,553,55|60|61|63|64|65|66|67,54|57|61|65|66|71|75|78|79|83|84|85|86|87|91|95|96|101|102|107|109|73|81|89|93|98|112|114|116|118|121|123|127|128|129,32842.0,CWE-369,CWE-369,32841,1.0,CWE-369,32844.0,2.0,CWE-369,CWE-369,1.0,28640|28688,4154,4202
BIN_4144018,CWE-773,CWE-690,2,1.0,entry_line+var_lines+ptr_sig+struct_size_sig+line_seq_compact,BIN_1476607|BIN_8899629,35,71,37,36|38|40|41|42|43,52904.0,CWE-773,CWE-773,52903,1.0,CWE-773,52906.0,2.0,CWE-773,CWE-773,1.0,47995|47899,4909,5005
BIN_9399547,CWE-124,CWE-121,2,1.0,entry_line+high_pc+var_lines+ptr_sig+struct_size_sig+member_sig+char_first_type+line_seq_compact,BIN_7111487|BIN_8326250,21,228,23|29|45|46,22|25|26|29|31|34|38|42|46|49|51|53|55|53|64|60|64,11070.0,CWE-124,CWE-124,11068,2.0,CWE-124,11072.0,2.0,CWE-124,CWE-124,2.0,60|61,11009,11010
BIN_8165858,CWE-124,CWE-121,2,1.0,entry_line+high_pc+var_lines+ptr_sig+struct_size_sig+member_sig+char_first_type+line_seq_compact,BIN_7111487|BIN_8326250,21,228,23|29|45|46,22|25|26|29|31|34|38|42|46|49|51|53|55|53|64|60|64,11071.0,CWE-124,CWE-124,11068,3.0,CWE-124,11072.0,1.0,CWE-124,CWE-124,1.0,60|61,11010,11011
BIN_1464773,CWE-121,CWE-124,2,1.0,entry_line+var_lines+ptr_sig+struct_size_sig+member_sig+char_first_type+line_seq_compact,BIN_2056997|BIN_3352565,42,124,44|46,43|46|48|50|52|53,267.0,CWE-121,CWE-121,266,1.0,CWE-121,268.0,1.0,CWE-121,CWE-121,1.0,11629|11677,11362,11410
BIN_6944722,CWE-121,CWE-124,2,1.0,entry_line+var_lines+ptr_sig+struct_size_sig+member_sig+char_first_type+line_seq_compact,BIN_2056997|BIN_3352565,42,51,44|46,43|46|48|50|52|53,171.0,CWE-121,CWE-121,170,1.0,CWE-121,172.0,1.0,CWE-121,CWE-121,1.0,11629|11677,11458,11506
BIN_3923236,CWE-121,CWE-124,2,1.0,entry_line+var_lines+ptr_sig+struct_size_sig+member_sig+char_first_type+line_seq_compact,BIN_2056997|BIN_3352565,42,83,44|46,43|46|48|50|52|53,123.0,CWE-121,CWE-121,122,1.0,CWE-121,124.0,1.0,CWE-121,CWE-121,1.0,11629|11677,11506,11554
BIN_3143713,CWE-127,CWE-195,2,1.0,entry_line+high_pc+var_lines+ptr_sig+struct_size_sig+member_sig+char_first_type+line_seq_compact,BIN_6291593|BIN_8145068,36,83,38|40,37|40|42|44|46|47,14633.0,CWE-127,CWE-127,14632,1.0,CWE-127,14634.0,1.0,CWE-127,CWE-127,1.0,27517|27565,12884,12932
BIN_2592800,CWE-126,CWE-195,2,1.0,entry_line+high_pc+var_lines+ptr_sig+struct_size_sig+member_sig+char_first_type+line_seq_compact,BIN_6291593|BIN_8145068,36,83,38|40,37|40|42|44|46|47,13181.0,CWE-126,CWE-126,13180,1.0,CWE-126,13182.0,1.0,CWE-126,CWE-126,1.0,27517|27565,14336,14384
BIN_5791714,CWE-680,CWE-195,2,1.0,entry_line+high_pc+var_lines+ptr_sig+struct_size_sig+member_sig+char_first_type+line_seq_compact,BIN_6291593|BIN_8145068,36,83,38|40,37|40|42|44|46|47,46762.0,CWE-680,CWE-680,46761,1.0,CWE-680,46763.0,1.0,CWE-680,CWE-680,1.0,27517|27565,19197,19245
BIN_1700295,CWE-191,CWE-190,2,1.0,entry_line+var_lines+ptr_sig+struct_size_sig+member_sig+char_first_type+line_seq_compact,BIN_1838145|BIN_4165864,25,97,27|28|35|39,26|30|32|33|35|36|39|40|43,,,,,,,,,,,,20217|20505,,
BIN_1951646,CWE-124,CWE-127,2,1.0,entry_line+var_lines+ptr_sig+struct_size_sig+member_sig+char_first_type+line_seq_compact,BIN_5293697|BIN_5896679,32,80,34|35,33|36|37|39|40|41,,,,,,,,,,,,16380|14924,,
BIN_2038451,CWE-121,CWE-122,2,1.0,entry_line+var_lines+ptr_sig+struct_size_sig+member_sig+char_first_type+line_seq_compact,BIN_6358035|BIN_6802560,36,63,38,37|39|41|42|43|44,,,,,,,,,,,,8220|8460,,
BIN_2095537,CWE-191,CWE-190,2,1.0,entry_line+high_pc+var_lines+ptr_sig+struct_size_sig+member_sig+char_first_type+line_seq_compact,BIN_4766064|BIN_8277232,25,100,27|28|34|38,26|29|31|32|34|37|38|39|42,,,,,,,,,,,,22292|21608,,
BIN_2954464,CWE-190,CWE-191,2,1.0,entry_line+high_pc+var_lines+ptr_sig+struct_size_sig+member_sig+char_first_type+line_seq_compact,BIN_1002364|BIN_3590677,33,43,35,34|36|38|39|40|41,,,,,,,,,,,,24470|24278,,
BIN_3360299,CWE-122,CWE-789,2,1.0,entry_line+var_lines+ptr_sig+struct_size_sig+member_sig+char_first_type+line_seq_compact,BIN_2336934|BIN_3129661,76,432,78|83|84|86|87|88|89,77|80|84|88|93|97|100|101|105|106|107|108|109|115|116|121|123|95|103|111|126|128|131|133|137|138|139,,,,,,,,,,,,53336|53096,,
BIN_3461781,CWE-124,CWE-127,2,1.0,entry_line+var_lines+ptr_sig+struct_size_sig+member_sig+char_first_type+line_seq_compact,BIN_3274453|BIN_5899800,36,76,38|39,37|40|41|43|44|45|46,,,,,,,,,,,,14926|16382,,
BIN_4542360,CWE-190,CWE-191,2,1.0,entry_line+high_pc+var_lines+ptr_sig+struct_size_sig+member_sig+char_first_type+line_seq_compact,BIN_1002364|BIN_3590677,33,43,35,34|36|38|39|40|41,,,,,,,,,,,,24470|24278,,
BIN_4556246,CWE-124,CWE-127,2,1.0,entry_line+var_lines+ptr_sig+struct_size_sig+member_sig+char_first_type+line_seq_compact,BIN_3274453|BIN_5899800,36,84,38|39,37|40|41|43|44|45|46,,,,,,,,,,,,14926|16382,,
BIN_4580809,CWE-124,CWE-127,2,1.0,entry_line+var_lines+ptr_sig+struct_size_sig+member_sig+char_first_type+line_seq_compact,BIN_5293697|BIN_5896679,32,72,34|35,33|36|37|39|40|41,,,,,,,,,,,,16380|14924,,
BIN_5667234,CWE-191,CWE-190,2,1.0,entry_line+high_pc+var_lines+ptr_sig+struct_size_sig+member_sig+char_first_type+line_seq_compact,BIN_4766064|BIN_8277232,25,100,27|28|34|38,26|29|31|32|34|37|38|39|42,,,,,,,,,,,,22292|21608,,
BIN_5697672,CWE-680,CWE-195,2,1.0,entry_line+high_pc+var_lines+ptr_sig+struct_size_sig+member_sig+char_first_type+line_seq_compact,BIN_1833269|BIN_8714656,40,116,42,41|44|46|47|48|49,,,,,,,,,,,,28094|28190,,
BIN_5744508,CWE-191,CWE-190,2,1.0,entry_line+high_pc+var_lines+ptr_sig+struct_size_sig+member_sig+char_first_type+line_seq_compact,BIN_3587496|BIN_9989894,34,109,36,35|37|39|40|41|42,,,,,,,,,,,,22828|21086,,
BIN_6029350,CWE-191,CWE-190,2,1.0,entry_line+var_lines+ptr_sig+struct_size_sig+member_sig+char_first_type+line_seq_compact,BIN_1838145|BIN_4165864,25,65,27|28|35|39,26|30|32|33|35|36|39|40|43,,,,,,,,,,,,20217|20505,,
BIN_6278627,CWE-191,CWE-190,2,1.0,entry_line+var_lines+ptr_sig+struct_size_sig+member_sig+char_first_type+line_seq_compact,BIN_1838145|BIN_4165864,25,138,27|28|35|39,26|30|32|33|35|36|39|40|43,,,,,,,,,,,,20217|20505,,
BIN_8722520,CWE-191,CWE-190,2,1.0,entry_line+high_pc+var_lines+ptr_sig+struct_size_sig+member_sig+char_first_type+line_seq_compact,BIN_3587496|BIN_9989894,34,109,36,35|37|39|40|41|42,,,,,,,,,,,,22828|21086,,
BIN_8952561,CWE-680,CWE-195,2,1.0,entry_line+high_pc+var_lines+ptr_sig+struct_size_sig+member_sig+char_first_type+line_seq_compact,BIN_7191564|BIN_9844571,62,547,64|69|70|72|73|74|75|76,63|66|70|74|75|80|84|87|88|92|93|94|95|96|100|104|105|110|111|116|118|82|90|98|102|107|121|123|125|127|130|132|136|137|138,,,,,,,,,,,,27806|27710,,
BIN_8994379,CWE-191,CWE-190,2,1.0,entry_line+high_pc+var_lines+ptr_sig+struct_size_sig+member_sig+char_first_type+line_seq_compact,BIN_3587496|BIN_9989894,34,109,36,35|37|39|40|41|42,,,,,,,,,,,,22828|21086,,
BIN_9651954,CWE-122,CWE-789,2,1.0,entry_line+var_lines+ptr_sig+struct_size_sig+member_sig+char_first_type+line_seq_compact,BIN_6217942|BIN_9701123,56,126,58|62,57|60|62|64|67|71|74|75|76,,,,,,,,,,,,53384|53144,,
