binary_id,source_id_num,cwe_id,pred,n_keys,key_list,max_support,min_wrong,max_acc,left_sid,left_bid,left_cwe,left_dist,right_sid,right_bid,right_cwe,right_dist
BIN_1041261,23794,CWE-191,CWE-190,1,key_body_hex,2,26,0.9740777666999004,23792,BIN_1767377,CWE-191,2,23795,BIN_5295154,CWE-191,1
BIN_1053545,15646,CWE-127,CWE-122,1,key_len_ins_calls,4,377,0.9334157541504768,15641,BIN_7735520,CWE-127,5,15647,BIN_1096524,CWE-127,1
BIN_1054379,23928,CWE-191,CWE-190,1,key_len_ins_calls,5,377,0.9334157541504768,23927,BIN_2940570,CWE-191,1,23930,BIN_5145249,CWE-191,2
BIN_1068651,26633,CWE-194,CWE-195,1,key_callseq,2,61,0.9922970071978784,26631,BIN_6250099,CWE-194,2,26634,BIN_4150923,CWE-194,1
BIN_1131828,11078,CWE-124,CWE-121,1,key_len_ins_calls,2,377,0.9334157541504768,11076,BIN_8849850,CWE-124,2,11080,BIN_1996708,CWE-124,2
BIN_1149573,45752,CWE-606,CWE-134,3,key_ins_full|key_len_ins_calls|key_op_full,2,56,0.9925788497217068,45750,BIN_1565243,CWE-606,2,45753,BIN_7797326,CWE-606,1
BIN_1150247,23581,CWE-191,CWE-190,1,key_len_ins_calls,2,377,0.9334157541504768,23580,BIN_3721297,CWE-191,1,23582,BIN_8630893,CWE-191,1
BIN_1178703,5822,CWE-122,CWE-127,1,key_len_ins_calls,2,377,0.9334157541504768,5820,BIN_9788794,CWE-122,2,5844,BIN_5599121,CWE-122,22
BIN_1189246,1713,CWE-121,CWE-124,1,key_ins_tail24,4,79,0.991979695431472,1712,BIN_7140615,CWE-121,1,1714,BIN_6416023,CWE-121,1
BIN_1191101,11705,CWE-124,CWE-122,1,key_len_ins_calls,2,377,0.9334157541504768,11704,BIN_7129306,CWE-124,1,11706,BIN_8614132,CWE-124,1
BIN_1231705,13864,CWE-126,CWE-127,1,key_marker_tail,169,46,0.9945901446548278,13863,BIN_2224810,CWE-126,1,13866,BIN_2924663,CWE-126,2
BIN_1232719,44635,CWE-590,CWE-126,1,key_len_ins_calls,4,377,0.9334157541504768,44618,BIN_6500102,CWE-590,17,44638,BIN_3467474,CWE-590,3
BIN_1345675,39455,CWE-426,CWE-078,1,key_ins_tail18,11,74,0.9933922671667114,39451,BIN_5329558,CWE-426,4,39458,BIN_4809505,CWE-426,3
BIN_1352800,43977,CWE-590,CWE-775,1,key_len_ins_calls,3,377,0.9334157541504768,43976,BIN_1073490,CWE-590,1,43978,BIN_8539276,CWE-590,1
BIN_1387584,13107,CWE-126,CWE-127,1,key_len_ins_calls,3,377,0.9334157541504768,13086,BIN_3504751,CWE-126,21,13110,BIN_3131403,CWE-126,3
BIN_1440075,52951,CWE-773,CWE-121,1,key_len_ins_calls,2,377,0.9334157541504768,52950,BIN_2408266,CWE-773,1,52956,BIN_9706394,CWE-773,5
BIN_1442550,11457,CWE-124,CWE-121,1,key_ins_tail30,2,80,0.990573818781666,11454,BIN_7253660,CWE-124,3,11461,BIN_5886049,CWE-124,4
BIN_1455949,41852,CWE-526,CWE-252,1,key_len_ins_calls,3,377,0.9334157541504768,41851,BIN_2990915,CWE-526,1,41854,BIN_6486244,CWE-526,2
BIN_1470790,25118,CWE-191,CWE-190,1,key_callseq,2,61,0.9922970071978784,25117,BIN_6614247,CWE-191,1,25119,BIN_6697691,CWE-191,1
BIN_1480478,19525,CWE-190,CWE-590,1,key_len_ins_calls,2,377,0.9334157541504768,19522,BIN_7747048,CWE-190,3,19526,BIN_7645340,CWE-190,1
BIN_1518061,19201,CWE-190,CWE-191,1,key_len_ins_calls,2,377,0.9334157541504768,19195,BIN_9434123,CWE-190,6,19202,BIN_4433378,CWE-190,1
BIN_1578076,23888,CWE-191,CWE-190,1,key_len_ins_calls,2,377,0.9334157541504768,23886,BIN_8024493,CWE-191,2,23891,BIN_1245167,CWE-191,3
BIN_1581857,48352,CWE-758,CWE-401,1,key_len_ins_calls,2,377,0.9334157541504768,48348,BIN_9753305,CWE-758,4,48353,BIN_7331128,CWE-758,1
BIN_1612094,46493,CWE-675,CWE-415,1,key_marker_tail,2,46,0.9945901446548278,46492,BIN_2849783,CWE-675,1,46494,BIN_4830897,CWE-675,1
BIN_1629479,11081,CWE-124,CWE-121,1,key_len_ins_calls,2,377,0.9334157541504768,11080,BIN_1996708,CWE-124,1,11082,BIN_9270706,CWE-124,1
BIN_1633121,47099,CWE-680,CWE-122,1,key_op_full,2,56,0.9925788497217068,47097,BIN_2688152,CWE-680,2,47119,BIN_1972094,CWE-680,20
BIN_1634092,34428,CWE-036,CWE-023,3,key_ins_tail24|key_ins_tail30|key_ins_tail36,2,79,0.991979695431472,34426,BIN_3278825,CWE-036,2,34429,BIN_9645056,CWE-036,1
BIN_1653080,10784,CWE-122,CWE-401,1,key_op_full,4,56,0.9925788497217068,10762,BIN_8867381,CWE-122,22,10785,BIN_6783432,CWE-122,1
BIN_1670545,39454,CWE-426,CWE-078,1,key_ins_tail18,11,74,0.9933922671667114,39451,BIN_5329558,CWE-426,3,39458,BIN_4809505,CWE-426,4
BIN_1676602,34864,CWE-036,CWE-023,1,key_ins_tail36,2,97,0.9869588599085776,34861,BIN_3437164,CWE-036,3,34865,BIN_9064366,CWE-036,1
BIN_1695267,29108,CWE-023,CWE-036,1,key_ins_tail24,2,79,0.991979695431472,29107,BIN_5169930,CWE-023,1,29112,BIN_1388903,CWE-023,4
BIN_1700295,23745,CWE-191,CWE-190,2,key_len_ins_calls|key_marker_tail,3,46,0.9945901446548278,23744,BIN_3602654,CWE-191,1,23746,BIN_5291864,CWE-191,1
BIN_1710059,15253,CWE-127,CWE-124,1,key_callseq,2,61,0.9922970071978784,15252,BIN_5986670,CWE-127,1,15254,BIN_2616892,CWE-127,1
BIN_1731473,26153,CWE-194,CWE-195,1,key_callseq,2,61,0.9922970071978784,26149,BIN_1135750,CWE-194,4,26154,BIN_2239038,CWE-194,1
BIN_1735650,4420,CWE-121,CWE-124,1,key_ins_tail18,3,74,0.9933922671667114,4418,BIN_4896653,CWE-121,2,4421,BIN_4233943,CWE-121,1
BIN_1749822,24579,CWE-191,CWE-190,1,key_len_ins_calls,2,377,0.9334157541504768,24576,BIN_5316999,CWE-191,3,24580,BIN_3336296,CWE-191,1
BIN_1753242,44246,CWE-590,CWE-122,1,key_len_ins_calls,3,377,0.9334157541504768,44245,BIN_5223695,CWE-590,1,44247,BIN_1855152,CWE-590,1
BIN_1773314,31810,CWE-253,CWE-121,1,key_len_ins_calls,3,377,0.9334157541504768,31809,BIN_2043086,CWE-253,1,31812,BIN_8077151,CWE-253,2
BIN_1774050,34532,CWE-036,CWE-023,1,key_ins_tail36,4,97,0.9869588599085776,34529,BIN_7150658,CWE-036,3,34553,BIN_4984777,CWE-036,21
BIN_1812963,4913,CWE-121,CWE-126,1,key_op_full,2,56,0.9925788497217068,4912,BIN_2813467,CWE-121,1,4914,BIN_8892575,CWE-126,1
BIN_1858414,45653,CWE-606,CWE-134,2,key_ins_full|key_len_ins_calls,5,70,0.9870514243433224,45651,BIN_1693661,CWE-606,2,45655,BIN_1803314,CWE-606,2
BIN_1859093,35483,CWE-398,CWE-546,7,key_ins_full|key_ins_tail18|key_ins_tail24|key_ins_tail30|key_ins_tail36|key_len_ins_calls|key_op_full,2,56,0.9933922671667114,35481,BIN_4216303,CWE-398,2,35484,BIN_6825157,CWE-398,1
BIN_1864310,33847,CWE-036,CWE-023,2,key_ins_tail30|key_ins_tail36,2,80,0.990573818781666,33845,BIN_9430281,CWE-036,2,33848,BIN_4906345,CWE-036,1
BIN_1911926,25352,CWE-191,CWE-190,2,key_len_ins_calls|key_marker_tail,2,46,0.9945901446548278,25351,BIN_9406052,CWE-191,1,25353,BIN_9057633,CWE-191,1
BIN_1928970,34912,CWE-036,CWE-023,1,key_ins_tail36,2,97,0.9869588599085776,34910,BIN_9644421,CWE-036,2,34913,BIN_9076887,CWE-036,1
BIN_1945140,24887,CWE-191,CWE-190,1,key_len_ins_calls,2,377,0.9334157541504768,24886,BIN_3819698,CWE-191,1,24888,BIN_6349969,CWE-191,1
BIN_2006638,31953,CWE-253,CWE-252,1,key_op_full,2,56,0.9925788497217068,31952,BIN_5212786,CWE-253,1,31956,BIN_2657257,CWE-253,3
BIN_2016166,2417,CWE-121,CWE-590,1,key_len_ins_calls,2,377,0.9334157541504768,2415,BIN_6768217,CWE-121,2,2418,BIN_8195206,CWE-121,1
BIN_2049942,2457,CWE-121,CWE-590,1,key_len_ins_calls,2,377,0.9334157541504768,2455,BIN_6637339,CWE-121,2,2458,BIN_3784614,CWE-121,1
BIN_2057627,45200,CWE-590,CWE-126,1,key_len_ins_calls,3,377,0.9334157541504768,45198,BIN_2443720,CWE-590,2,45203,BIN_5634010,CWE-590,3
BIN_2058840,19684,CWE-190,CWE-191,6,key_ins_full|key_ins_tail18|key_ins_tail24|key_ins_tail30|key_ins_tail36|key_op_full,3,56,0.9933922671667114,19683,BIN_1053932,CWE-190,1,19686,BIN_9689606,CWE-190,2
BIN_2072592,37069,CWE-401,CWE-690,5,key_ins_full|key_ins_tail18|key_ins_tail24|key_ins_tail30|key_ins_tail36,2,70,0.9933922671667114,37068,BIN_3578843,CWE-401,1,37071,BIN_1746906,CWE-401,2
BIN_2095537,25244,CWE-191,CWE-190,1,key_marker_tail,2,46,0.9945901446548278,25242,BIN_2597547,CWE-191,2,25248,BIN_9226986,CWE-191,4
BIN_2096859,12677,CWE-124,CWE-121,1,key_len_ins_calls,2,377,0.9334157541504768,12675,BIN_9413323,CWE-124,2,12678,BIN_5824301,CWE-124,1
BIN_2112798,41578,CWE-479,CWE-252,1,key_op_full,2,56,0.9925788497217068,41575,BIN_5771534,CWE-479,3,41579,BIN_5822239,CWE-479,1
BIN_2112798,41578,CWE-479,CWE-253,1,key_len_ins_calls,3,377,0.9334157541504768,41575,BIN_5771534,CWE-479,3,41579,BIN_5822239,CWE-479,1
BIN_2127637,34960,CWE-036,CWE-023,1,key_ins_tail36,2,97,0.9869588599085776,34959,BIN_8734110,CWE-036,1,34962,BIN_3854892,CWE-036,2
BIN_2143047,10693,CWE-122,CWE-401,1,key_len_ins_calls,4,377,0.9334157541504768,10692,BIN_3826653,CWE-122,1,10695,BIN_7196693,CWE-122,2
BIN_2173259,22970,CWE-191,CWE-190,2,key_len_ins_calls|key_marker_tail,2,46,0.9945901446548278,22969,BIN_6420006,CWE-191,1,22971,BIN_5470775,CWE-191,1
BIN_2184735,44611,CWE-590,CWE-773,1,key_len_ins_calls,2,377,0.9334157541504768,44609,BIN_6273518,CWE-590,2,44613,BIN_3342506,CWE-590,2
BIN_2237991,19297,CWE-190,CWE-191,1,key_len_ins_calls,2,377,0.9334157541504768,19294,BIN_4131114,CWE-190,3,19298,BIN_6466276,CWE-190,1
BIN_2276936,39453,CWE-426,CWE-078,1,key_ins_tail18,3,74,0.9933922671667114,39451,BIN_5329558,CWE-426,2,39458,BIN_4809505,CWE-426,5
BIN_2324619,46192,CWE-665,CWE-124,1,key_ins_tail18,3,74,0.9933922671667114,46190,BIN_3792007,CWE-665,2,46193,BIN_8561786,CWE-665,1
BIN_2327855,45512,CWE-606,CWE-134,1,key_ins_full,2,70,0.9870514243433224,45508,BIN_4779327,CWE-606,4,45513,BIN_2814919,CWE-606,1
BIN_2328806,26437,CWE-194,CWE-195,1,key_len_ins_calls,2,377,0.9334157541504768,26436,BIN_8067151,CWE-194,1,26438,BIN_6302593,CWE-194,1
BIN_2347300,23120,CWE-191,CWE-190,1,key_len_ins_calls,3,377,0.9334157541504768,23118,BIN_5683167,CWE-191,2,23121,BIN_7464218,CWE-191,1
BIN_2347922,22362,CWE-190,CWE-191,2,key_len_ins_calls|key_marker_tail,2,46,0.9945901446548278,22360,BIN_6361736,CWE-190,2,22363,BIN_3878160,CWE-190,1
BIN_2372958,45311,CWE-606,CWE-134,5,key_ins_full|key_ins_tail30|key_ins_tail36|key_len_ins_calls|key_op_full,4,56,0.9925788497217068,45309,BIN_1390595,CWE-606,2,45313,BIN_1994067,CWE-606,2
BIN_2386122,33367,CWE-036,CWE-023,2,key_ins_tail30|key_ins_tail36,2,80,0.990573818781666,33365,BIN_5295376,CWE-036,2,33369,BIN_9113010,CWE-036,2
BIN_2457936,13410,CWE-126,CWE-121,1,key_callseq,3,61,0.9922970071978784,13408,BIN_4041572,CWE-126,2,13411,BIN_4909341,CWE-126,1
BIN_2504621,44645,CWE-590,CWE-122,1,key_len_ins_calls,5,377,0.9334157541504768,44644,BIN_4435930,CWE-590,1,44646,BIN_2126674,CWE-590,1
BIN_2505640,31334,CWE-252,CWE-762,1,key_len_ins_calls,14,377,0.9334157541504768,31332,BIN_3198092,CWE-252,2,31335,BIN_5395060,CWE-252,1
BIN_2507451,21602,CWE-190,CWE-191,1,key_marker_tail,2,46,0.9945901446548278,21600,BIN_7985849,CWE-190,2,21604,BIN_4688497,CWE-190,2
BIN_2566796,28478,CWE-197,CWE-690,1,key_len_ins_calls,3,377,0.9334157541504768,28474,BIN_7320786,CWE-197,4,28481,BIN_7465467,CWE-197,3
BIN_2570932,18981,CWE-188,CWE-398,1,key_len_ins_calls,3,377,0.9334157541504768,18976,BIN_3057071,CWE-188,5,18982,BIN_2148894,CWE-188,1
BIN_2571855,33716,CWE-036,CWE-023,4,key_ins_tail18|key_ins_tail24|key_ins_tail30|key_ins_tail36,2,74,0.9933922671667114,33714,BIN_2965030,CWE-036,2,33738,BIN_7020903,CWE-036,22
BIN_2584501,45365,CWE-606,CWE-134,1,key_ins_full,4,70,0.9870514243433224,45364,BIN_3848455,CWE-606,1,45367,BIN_8898165,CWE-606,2
BIN_2618159,34239,CWE-036,CWE-023,1,key_len_ins_calls,2,377,0.9334157541504768,34234,BIN_1450777,CWE-036,5,34241,BIN_9684048,CWE-036,2
BIN_2623770,10670,CWE-122,CWE-401,1,key_len_ins_calls,4,377,0.9334157541504768,10669,BIN_8890915,CWE-122,1,10688,BIN_2406856,CWE-122,18
BIN_2651110,45509,CWE-606,CWE-134,1,key_ins_full,4,70,0.9870514243433224,45508,BIN_4779327,CWE-606,1,45513,BIN_2814919,CWE-606,4
BIN_2655868,35464,CWE-398,CWE-546,1,key_body_hex,4,26,0.9740777666999004,35463,BIN_1324255,CWE-398,1,35466,BIN_5874301,CWE-398,2
BIN_2660104,21182,CWE-190,CWE-191,1,key_body_hex,2,26,0.9740777666999004,21180,BIN_9287832,CWE-190,2,21202,BIN_6616544,CWE-190,20
BIN_2663784,45320,CWE-606,CWE-134,3,key_ins_full|key_len_ins_calls|key_op_full,2,56,0.9925788497217068,45317,BIN_7011691,CWE-606,3,45342,BIN_4228256,CWE-606,22
BIN_2701373,33279,CWE-036,CWE-023,3,key_ins_tail24|key_ins_tail30|key_ins_tail36,2,79,0.991979695431472,33278,BIN_7042997,CWE-036,1,33280,BIN_1847519,CWE-036,1
BIN_2745664,52748,CWE-762,CWE-590,1,key_len_ins_calls,5,377,0.9334157541504768,52746,BIN_6064634,CWE-762,2,52749,BIN_9464587,CWE-762,1
BIN_2762424,14152,CWE-126,CWE-127,1,key_marker_tail,169,46,0.9945901446548278,14151,BIN_2148236,CWE-126,1,14153,BIN_1868254,CWE-126,1
BIN_2765474,13106,CWE-126,CWE-127,1,key_len_ins_calls,3,377,0.9334157541504768,13086,BIN_3504751,CWE-126,20,13110,BIN_3131403,CWE-126,4
BIN_2786911,23347,CWE-191,CWE-190,1,key_len_ins_calls,2,377,0.9334157541504768,23345,BIN_9188450,CWE-191,2,23349,BIN_3825842,CWE-191,2
BIN_2813184,47313,CWE-690,CWE-590,1,key_len_ins_calls,2,377,0.9334157541504768,47311,BIN_3449935,CWE-690,2,47315,BIN_4305742,CWE-690,2
BIN_2824854,18987,CWE-188,CWE-415,1,key_len_ins_calls,10,377,0.9334157541504768,18986,BIN_4953257,CWE-188,1,18988,BIN_1257436,CWE-188,1
BIN_2826229,33757,CWE-036,CWE-023,1,key_ins_tail36,2,97,0.9869588599085776,33756,BIN_6504468,CWE-036,1,33761,BIN_6961258,CWE-036,4
BIN_2867257,32044,CWE-253,CWE-762,1,key_len_ins_calls,9,377,0.9334157541504768,32042,BIN_3096081,CWE-253,2,32048,BIN_3679857,CWE-253,4
BIN_2879242,41581,CWE-479,CWE-252,1,key_op_full,2,56,0.9925788497217068,41580,BIN_3700518,CWE-479,1,41582,BIN_9951717,CWE-479,1
BIN_2879242,41581,CWE-479,CWE-253,1,key_len_ins_calls,3,377,0.9334157541504768,41580,BIN_3700518,CWE-479,1,41582,BIN_9951717,CWE-479,1
BIN_2899706,19200,CWE-190,CWE-191,1,key_len_ins_calls,2,377,0.9334157541504768,19195,BIN_9434123,CWE-190,5,19202,BIN_4433378,CWE-190,2
BIN_2907430,54161,CWE-078,CWE-134,2,key_len_ins_calls|key_op_full,2,56,0.9925788497217068,54160,BIN_4525764,CWE-078,1,54162,BIN_9396127,CWE-078,1
BIN_2919973,16454,CWE-127,CWE-121,1,key_len_ins_calls,2,377,0.9334157541504768,16453,BIN_1550544,CWE-127,1,16456,BIN_3067637,CWE-127,2
BIN_2928788,48078,CWE-690,CWE-415,1,key_len_ins_calls,4,377,0.9334157541504768,48075,BIN_7174010,CWE-690,3,48079,BIN_3436711,CWE-690,1
BIN_2944726,41853,CWE-526,CWE-252,1,key_len_ins_calls,3,377,0.9334157541504768,41851,BIN_2990915,CWE-526,2,41854,BIN_6486244,CWE-526,1
BIN_2991142,34436,CWE-036,CWE-023,1,key_ins_tail36,4,97,0.9869588599085776,34435,BIN_3303702,CWE-036,1,34464,BIN_1747962,CWE-036,28
BIN_3002943,44137,CWE-590,CWE-775,1,key_len_ins_calls,3,377,0.9334157541504768,44136,BIN_2542958,CWE-590,1,44139,BIN_2360245,CWE-590,2
BIN_3021059,10792,CWE-122,CWE-401,1,key_len_ins_calls,4,377,0.9334157541504768,10786,BIN_1074985,CWE-122,6,10794,BIN_2345395,CWE-122,2
BIN_3036796,41596,CWE-480,CWE-563,1,key_body_hex,5,26,0.9740777666999004,41594,BIN_3475985,CWE-480,2,41597,BIN_7861537,CWE-480,1
BIN_3038181,7011,CWE-122,CWE-124,1,key_len_ins_calls,3,377,0.9334157541504768,7005,BIN_4319398,CWE-122,6,7014,BIN_4669139,CWE-122,3
BIN_3040886,24890,CWE-191,CWE-190,1,key_len_ins_calls,2,377,0.9334157541504768,24888,BIN_6349969,CWE-191,2,24893,BIN_2955367,CWE-191,3
BIN_3046541,13108,CWE-126,CWE-127,1,key_len_ins_calls,3,377,0.9334157541504768,13086,BIN_3504751,CWE-126,22,13110,BIN_3131403,CWE-126,2
BIN_3066914,41019,CWE-464,CWE-400,1,key_callseq,6,61,0.9922970071978784,41018,BIN_4881725,CWE-464,1,41020,BIN_1824050,CWE-464,1
BIN_3074323,42479,CWE-570,CWE-457,1,key_len_ins_calls,5,377,0.9334157541504768,42477,BIN_3541045,CWE-570,2,42480,BIN_3192387,CWE-570,1
BIN_3074323,42479,CWE-570,CWE-571,1,key_marker_tail,2,46,0.9945901446548278,42477,BIN_3541045,CWE-570,2,42480,BIN_3192387,CWE-570,1
BIN_3074323,42479,CWE-570,CWE-789,1,key_callseq,3,61,0.9922970071978784,42477,BIN_3541045,CWE-570,2,42480,BIN_3192387,CWE-570,1
BIN_3106955,38844,CWE-415,CWE-762,1,key_ins_tail18,3,74,0.9933922671667114,38843,BIN_2929406,CWE-415,1,38845,BIN_7770160,CWE-415,1
BIN_3145191,15173,CWE-127,CWE-126,1,key_len_ins_calls,2,377,0.9334157541504768,15172,BIN_8112723,CWE-127,1,15176,BIN_2095385,CWE-127,3
BIN_3188887,10782,CWE-122,CWE-401,1,key_op_full,4,56,0.9925788497217068,10762,BIN_8867381,CWE-122,20,10785,BIN_6783432,CWE-122,3
BIN_3216551,21944,CWE-190,CWE-191,1,key_len_ins_calls,2,377,0.9334157541504768,21941,BIN_6314500,CWE-190,3,21945,BIN_2678831,CWE-190,1
BIN_3224302,5279,CWE-122,CWE-789,1,key_len_ins_calls,2,377,0.9334157541504768,5278,BIN_5146272,CWE-122,1,5280,BIN_9494144,CWE-122,1
BIN_3228938,41952,CWE-562,CWE-416,1,key_callseq,12,61,0.9922970071978784,41951,BIN_6494103,CWE-562,1,41957,BIN_5076009,CWE-563,5
BIN_3244177,39363,CWE-426,CWE-078,5,key_ins_tail18|key_ins_tail24|key_ins_tail30|key_len_ins_calls|key_op_full,2,56,0.9933922671667114,39362,BIN_7467391,CWE-426,1,39364,BIN_7638185,CWE-426,1
BIN_3261365,7013,CWE-122,CWE-124,1,key_len_ins_calls,3,377,0.9334157541504768,7005,BIN_4319398,CWE-122,8,7014,BIN_4669139,CWE-122,1
BIN_3273022,41455,CWE-476,CWE-415,1,key_len_ins_calls,5,377,0.9334157541504768,41453,BIN_2577880,CWE-476,2,41459,BIN_8524215,CWE-476,4
BIN_3282117,25587,CWE-191,CWE-190,1,key_body_hex,2,26,0.9740777666999004,25585,BIN_5385652,CWE-191,2,25588,BIN_5762538,CWE-191,1
BIN_3311345,4380,CWE-121,CWE-124,1,key_ins_tail18,3,74,0.9933922671667114,4376,BIN_1943197,CWE-121,4,4382,BIN_4466058,CWE-121,2
BIN_3330042,36406,CWE-401,CWE-762,1,key_len_ins_calls,6,377,0.9334157541504768,36405,BIN_6511116,CWE-401,1,36407,BIN_3769759,CWE-401,1
BIN_3372307,35489,CWE-398,CWE-546,1,key_body_hex,4,26,0.9740777666999004,35488,BIN_6521703,CWE-398,1,35491,BIN_2335031,CWE-400,2
BIN_3380219,10737,CWE-122,CWE-758,1,key_op_full,9,56,0.9925788497217068,10736,BIN_7786285,CWE-122,1,10739,BIN_9861375,CWE-122,2
BIN_3404597,8884,CWE-122,CWE-401,1,key_len_ins_calls,3,377,0.9334157541504768,8883,BIN_4461416,CWE-122,1,8886,BIN_6992289,CWE-122,2
BIN_3451873,35075,CWE-377,CWE-122,1,key_len_ins_calls,3,377,0.9334157541504768,35071,BIN_8918145,CWE-377,4,35077,BIN_3805218,CWE-377,2
BIN_3457567,25574,CWE-191,CWE-190,1,key_len_ins_calls,2,377,0.9334157541504768,25573,BIN_4141597,CWE-191,1,25575,BIN_2372050,CWE-191,1
BIN_3461274,2550,CWE-121,CWE-124,1,key_ins_tail24,4,79,0.991979695431472,2549,BIN_8401350,CWE-121,1,2552,BIN_9461461,CWE-121,2
BIN_3462698,52844,CWE-762,CWE-590,1,key_len_ins_calls,3,377,0.9334157541504768,52843,BIN_6313065,CWE-762,1,52845,BIN_8300980,CWE-762,1
BIN_3469544,28952,CWE-197,CWE-190,1,key_len_ins_calls,2,377,0.9334157541504768,28928,BIN_3465136,CWE-197,24,28956,BIN_8361191,CWE-197,4
BIN_3483825,54209,CWE-078,CWE-134,2,key_len_ins_calls|key_op_full,2,56,0.9925788497217068,54208,BIN_3045517,CWE-078,1,54210,BIN_7943418,CWE-078,1
BIN_3528480,45199,CWE-590,CWE-126,1,key_len_ins_calls,3,377,0.9334157541504768,45198,BIN_2443720,CWE-590,1,45203,BIN_5634010,CWE-590,4
BIN_3557198,45413,CWE-606,CWE-134,1,key_ins_full,5,70,0.9870514243433224,45412,BIN_6728301,CWE-606,1,45439,BIN_2337205,CWE-606,26
BIN_3566839,23587,CWE-191,CWE-190,1,key_len_ins_calls,2,377,0.9334157541504768,23585,BIN_2169013,CWE-191,2,23588,BIN_1283330,CWE-191,1
BIN_3583326,23694,CWE-191,CWE-190,1,key_marker_tail,2,46,0.9945901446548278,23692,BIN_1193478,CWE-191,2,23697,BIN_7273207,CWE-191,3
BIN_3587949,39985,CWE-427,CWE-023,1,key_ins_tail36,2,97,0.9869588599085776,39984,BIN_8127913,CWE-427,1,39987,BIN_4310754,CWE-427,2
BIN_3612771,35437,CWE-398,CWE-482,2,key_len_ins_calls|key_op_full,2,56,0.9925788497217068,35435,BIN_7857570,CWE-398,2,35440,BIN_3898468,CWE-398,3
BIN_3614543,54328,CWE-078,CWE-036,1,key_len_ins_calls,2,377,0.9334157541504768,54306,BIN_1811195,CWE-078,22,54330,BIN_8149607,CWE-078,2
BIN_3621873,46090,CWE-665,CWE-121,1,key_ins_tail18,18,74,0.9933922671667114,46089,BIN_8796939,CWE-665,1,46094,BIN_3867193,CWE-665,4
BIN_3622097,21081,CWE-190,CWE-191,1,key_len_ins_calls,2,377,0.9334157541504768,21076,BIN_6847044,CWE-190,5,21082,BIN_5504187,CWE-190,1
BIN_3671523,23738,CWE-191,CWE-190,1,key_len_ins_calls,2,377,0.9334157541504768,23736,BIN_3248234,CWE-191,2,23739,BIN_2833204,CWE-191,1
BIN_3687382,1710,CWE-121,CWE-124,1,key_ins_tail24,4,79,0.991979695431472,1709,BIN_5438522,CWE-121,1,1712,BIN_7140615,CWE-121,2
BIN_3694881,16528,CWE-127,CWE-122,1,key_len_ins_calls,7,377,0.9334157541504768,16527,BIN_5397262,CWE-127,1,16529,BIN_8440128,CWE-127,1
BIN_3711506,41950,CWE-562,CWE-416,1,key_callseq,12,61,0.9922970071978784,41948,BIN_5614966,CWE-561,2,41951,BIN_6494103,CWE-562,1
BIN_3728058,19636,CWE-190,CWE-191,6,key_ins_full|key_ins_tail18|key_ins_tail24|key_ins_tail30|key_ins_tail36|key_op_full,3,56,0.9933922671667114,19632,BIN_2871505,CWE-190,4,19638,BIN_4039409,CWE-190,2
BIN_3746614,37062,CWE-401,CWE-690,1,key_len_ins_calls,3,377,0.9334157541504768,37058,BIN_8986057,CWE-401,4,37063,BIN_8131350,CWE-401,1
BIN_3803881,14563,CWE-127,CWE-126,1,key_len_ins_calls,2,377,0.9334157541504768,14561,BIN_7228570,CWE-127,2,14564,BIN_3505497,CWE-127,1
BIN_3811120,27497,CWE-195,CWE-194,1,key_callseq,2,61,0.9922970071978784,27496,BIN_8489667,CWE-195,1,27503,BIN_6871665,CWE-195,6
BIN_3825654,21678,CWE-190,CWE-191,2,key_len_ins_calls|key_marker_tail,2,46,0.9945901446548278,21675,BIN_8137276,CWE-190,3,21679,BIN_4089955,CWE-190,1
BIN_3845926,36475,CWE-401,CWE-690,1,key_len_ins_calls,2,377,0.9334157541504768,36473,BIN_5279809,CWE-401,2,36477,BIN_2468922,CWE-401,2
BIN_3868604,52948,CWE-773,CWE-121,1,key_len_ins_calls,2,377,0.9334157541504768,52947,BIN_6399260,CWE-773,1,52950,BIN_2408266,CWE-773,2
BIN_3881675,56027,CWE-843,CWE-197,1,key_len_ins_calls,3,377,0.9334157541504768,56025,BIN_8708503,CWE-843,2,56029,BIN_7834359,CWE-843,2
BIN_3882279,29023,CWE-197,CWE-194,3,key_ins_tail18|key_ins_tail24|key_ins_tail30,4,74,0.9933922671667114,29022,BIN_8926568,CWE-197,1,29044,BIN_1570804,CWE-197,21
BIN_3896170,15170,CWE-127,CWE-126,1,key_len_ins_calls,2,377,0.9334157541504768,15167,BIN_9924516,CWE-127,3,15172,BIN_8112723,CWE-127,2
BIN_3902411,47887,CWE-690,CWE-590,1,key_len_ins_calls,2,377,0.9334157541504768,47884,BIN_7744181,CWE-690,3,47888,BIN_2838128,CWE-690,1
BIN_3905824,35465,CWE-398,CWE-546,7,key_ins_full|key_ins_tail18|key_ins_tail24|key_ins_tail30|key_ins_tail36|key_len_ins_calls|key_op_full,2,56,0.9933922671667114,35463,BIN_1324255,CWE-398,2,35466,BIN_5874301,CWE-398,1
BIN_3948351,19353,CWE-190,CWE-191,1,key_len_ins_calls,2,377,0.9334157541504768,19352,BIN_7579833,CWE-190,1,19356,BIN_3203644,CWE-190,3
BIN_3951845,32655,CWE-369,CWE-194,1,key_len_ins_calls,3,377,0.9334157541504768,32653,BIN_8391233,CWE-369,2,32656,BIN_7461730,CWE-369,1
BIN_3964648,23494,CWE-191,CWE-190,1,key_len_ins_calls,3,377,0.9334157541504768,23493,BIN_4827390,CWE-191,1,23499,BIN_9490474,CWE-191,5
BIN_3993085,24668,CWE-191,CWE-190,2,key_len_ins_calls|key_marker_tail,2,46,0.9945901446548278,24666,BIN_9476202,CWE-191,2,24672,BIN_4242866,CWE-191,4
BIN_4003162,14058,CWE-126,CWE-122,1,key_ins_tail18,6,74,0.9933922671667114,14057,BIN_3573752,CWE-126,1,14078,BIN_4763729,CWE-126,20
BIN_4003162,14058,CWE-126,CWE-690,1,key_len_ins_calls,4,377,0.9334157541504768,14057,BIN_3573752,CWE-126,1,14078,BIN_4763729,CWE-126,20
BIN_4004394,43859,CWE-590,CWE-121,1,key_len_ins_calls,2,377,0.9334157541504768,43858,BIN_8111750,CWE-590,1,43876,BIN_8844568,CWE-590,17
BIN_4049330,19340,CWE-190,CWE-191,1,key_len_ins_calls,2,377,0.9334157541504768,19338,BIN_1284545,CWE-190,2,19341,BIN_8062254,CWE-190,1
BIN_4059825,28911,CWE-197,CWE-758,1,key_len_ins_calls,4,377,0.9334157541504768,28910,BIN_5183081,CWE-197,1,28912,BIN_2529920,CWE-197,1
BIN_4065585,54327,CWE-078,CWE-036,1,key_len_ins_calls,2,377,0.9334157541504768,54306,BIN_1811195,CWE-078,21,54330,BIN_8149607,CWE-078,3
BIN_4093276,35477,CWE-398,CWE-546,1,key_body_hex,3,26,0.9740777666999004,35476,BIN_4386733,CWE-398,1,35478,BIN_4609583,CWE-398,1
BIN_4142113,34484,CWE-036,CWE-023,1,key_ins_tail36,4,97,0.9869588599085776,34483,BIN_8089194,CWE-036,1,34510,BIN_2880476,CWE-036,26
BIN_4143451,45291,CWE-605,CWE-666,4,key_ins_tail18|key_ins_tail24|key_ins_tail30|key_ins_tail36,3,74,0.9933922671667114,45290,BIN_4111853,CWE-605,1,45292,BIN_9004746,CWE-605,1
BIN_4159290,15301,CWE-127,CWE-124,1,key_callseq,2,61,0.9922970071978784,15297,BIN_2541583,CWE-127,4,15303,BIN_4562531,CWE-127,2
BIN_4197941,23978,CWE-191,CWE-190,1,key_marker_tail,2,46,0.9945901446548278,23976,BIN_8812904,CWE-191,2,23979,BIN_2246488,CWE-191,1
BIN_4202231,46138,CWE-665,CWE-122,1,key_len_ins_calls,2,377,0.9334157541504768,46137,BIN_5780199,CWE-665,1,46140,BIN_6228006,CWE-665,2
BIN_4220039,44636,CWE-590,CWE-126,1,key_len_ins_calls,4,377,0.9334157541504768,44618,BIN_6500102,CWE-590,18,44638,BIN_3467474,CWE-590,2
BIN_4242389,11504,CWE-124,CWE-127,6,key_ins_full|key_ins_tail18|key_ins_tail24|key_ins_tail30|key_ins_tail36|key_len_ins_calls,2,70,0.9933922671667114,11503,BIN_5768292,CWE-124,1,11505,BIN_5829975,CWE-124,1
BIN_4282256,52949,CWE-773,CWE-121,1,key_len_ins_calls,2,377,0.9334157541504768,52947,BIN_6399260,CWE-773,2,52950,BIN_2408266,CWE-773,1
BIN_4306097,46251,CWE-665,CWE-121,1,key_op_full,3,56,0.9925788497217068,46248,BIN_5567407,CWE-665,3,46272,BIN_7511557,CWE-666,21
BIN_4311458,7010,CWE-122,CWE-124,1,key_len_ins_calls,3,377,0.9334157541504768,7005,BIN_4319398,CWE-122,5,7014,BIN_4669139,CWE-122,4
BIN_4339148,11464,CWE-124,CWE-127,6,key_ins_full|key_ins_tail18|key_ins_tail24|key_ins_tail30|key_ins_tail36|key_len_ins_calls,2,70,0.9933922671667114,11461,BIN_5886049,CWE-124,3,11465,BIN_6572534,CWE-124,1
BIN_4355293,35226,CWE-391,CWE-590,1,key_len_ins_calls,2,377,0.9334157541504768,35223,BIN_2419114,CWE-391,3,35228,BIN_2382538,CWE-391,2
BIN_4360396,41586,CWE-479,CWE-252,1,key_op_full,3,56,0.9925788497217068,41582,BIN_9951717,CWE-479,4,41587,BIN_6020353,CWE-479,1
BIN_4373462,23929,CWE-191,CWE-190,1,key_len_ins_calls,5,377,0.9334157541504768,23927,BIN_2940570,CWE-191,2,23930,BIN_5145249,CWE-191,1
BIN_4399069,35436,CWE-398,CWE-482,2,key_len_ins_calls|key_op_full,2,56,0.9925788497217068,35435,BIN_7857570,CWE-398,1,35440,BIN_3898468,CWE-398,4
BIN_4420640,28828,CWE-197,CWE-194,2,key_ins_tail18|key_ins_tail24,2,74,0.9933922671667114,28826,BIN_1872348,CWE-197,2,28830,BIN_6960093,CWE-197,2
BIN_4440205,45321,CWE-606,CWE-134,1,key_ins_full,3,70,0.9870514243433224,45317,BIN_7011691,CWE-606,4,45342,BIN_4228256,CWE-606,21
BIN_4441124,2670,CWE-121,CWE-124,1,key_ins_tail24,4,79,0.991979695431472,2669,BIN_9897767,CWE-121,1,2671,BIN_9545180,CWE-121,1
BIN_4443777,28327,CWE-197,CWE-416,1,key_len_ins_calls,2,377,0.9334157541504768,28325,BIN_8046665,CWE-197,2,28329,BIN_2887804,CWE-197,2
BIN_4479648,53008,CWE-775,CWE-401,6,key_ins_full|key_ins_tail18|key_ins_tail24|key_ins_tail30|key_ins_tail36|key_marker_tail,13,46,0.9945901446548278,53007,BIN_7151982,CWE-775,1,53009,BIN_2112252,CWE-775,1
BIN_4500682,244,CWE-121,CWE-124,1,key_len_ins_calls,2,377,0.9334157541504768,243,BIN_3173971,CWE-121,1,246,BIN_1836317,CWE-121,2
BIN_4505343,42471,CWE-570,CWE-571,1,key_marker_tail,2,46,0.9945901446548278,42470,BIN_2991734,CWE-570,1,42473,BIN_3733767,CWE-570,2
BIN_4505343,42471,CWE-570,CWE-789,1,key_callseq,3,61,0.9922970071978784,42470,BIN_2991734,CWE-570,1,42473,BIN_3733767,CWE-570,2
BIN_4513113,12422,CWE-124,CWE-122,1,key_len_ins_calls,3,377,0.9334157541504768,12421,BIN_5705781,CWE-124,1,12426,BIN_7734840,CWE-124,4
BIN_4513762,45701,CWE-606,CWE-134,2,key_ins_full|key_len_ins_calls,7,70,0.9870514243433224,45700,BIN_7550526,CWE-606,1,45703,BIN_8747981,CWE-606,2
BIN_4533223,2511,CWE-121,CWE-124,1,key_ins_tail30,2,80,0.990573818781666,2507,BIN_8514168,CWE-121,4,2514,BIN_7900961,CWE-121,3
BIN_4576055,35076,CWE-377,CWE-122,1,key_len_ins_calls,3,377,0.9334157541504768,35071,BIN_8918145,CWE-377,5,35077,BIN_3805218,CWE-377,1
BIN_4580809,11424,CWE-124,CWE-127,6,key_ins_full|key_ins_tail18|key_ins_tail24|key_ins_tail30|key_ins_tail36|key_len_ins_calls,2,70,0.9933922671667114,11423,BIN_9943699,CWE-124,1,11425,BIN_7122701,CWE-124,1
BIN_4597639,37415,CWE-401,CWE-665,1,key_len_ins_calls,2,377,0.9334157541504768,37414,BIN_8108397,CWE-401,1,37435,BIN_1660027,CWE-401,20
BIN_4621223,53770,CWE-789,CWE-122,1,key_len_ins_calls,2,377,0.9334157541504768,53767,BIN_6751232,CWE-789,3,53771,BIN_8195312,CWE-789,1
BIN_4624159,45286,CWE-605,CWE-666,2,key_callseq|key_ins_tail36,48,61,0.9922970071978784,45285,BIN_2975305,CWE-605,1,45287,BIN_1448005,CWE-605,1
BIN_4631434,48349,CWE-758,CWE-401,1,key_len_ins_calls,2,377,0.9334157541504768,48348,BIN_9753305,CWE-758,1,48353,BIN_7331128,CWE-758,4
BIN_4634026,19198,CWE-190,CWE-191,1,key_len_ins_calls,2,377,0.9334157541504768,19195,BIN_9434123,CWE-190,3,19202,BIN_4433378,CWE-190,4
BIN_4658504,10696,CWE-122,CWE-401,1,key_len_ins_calls,4,377,0.9334157541504768,10695,BIN_7196693,CWE-122,1,10697,BIN_2270109,CWE-122,1
BIN_4660950,33668,CWE-036,CWE-023,4,key_ins_tail18|key_ins_tail24|key_ins_tail30|key_ins_tail36,2,74,0.9933922671667114,33663,BIN_6538402,CWE-036,5,33688,BIN_7238252,CWE-036,20
BIN_4672652,28831,CWE-197,CWE-194,2,key_ins_tail18|key_ins_tail24,4,74,0.9933922671667114,28830,BIN_6960093,CWE-197,1,28852,BIN_2501681,CWE-197,21
BIN_4691256,35327,CWE-398,CWE-571,1,key_body_hex,2,26,0.9740777666999004,35325,BIN_4144908,CWE-398,2,35329,BIN_9477393,CWE-398,2
BIN_4701229,24038,CWE-191,CWE-190,1,key_body_hex,2,26,0.9740777666999004,24037,BIN_5745502,CWE-191,1,24060,BIN_4827744,CWE-191,22
BIN_4718130,24418,CWE-191,CWE-190,1,key_body_hex,2,26,0.9740777666999004,24417,BIN_8884161,CWE-191,1,24421,BIN_1905666,CWE-191,3
BIN_4722027,22286,CWE-190,CWE-191,1,key_marker_tail,2,46,0.9945901446548278,22283,BIN_3082717,CWE-190,3,22287,BIN_5334213,CWE-190,1
BIN_4737236,14010,CWE-126,CWE-122,1,key_ins_tail18,6,74,0.9933922671667114,14009,BIN_5548070,CWE-126,1,14030,BIN_1995503,CWE-126,20
BIN_4737236,14010,CWE-126,CWE-690,1,key_len_ins_calls,4,377,0.9334157541504768,14009,BIN_5548070,CWE-126,1,14030,BIN_1995503,CWE-126,20
BIN_4789642,15638,CWE-127,CWE-122,1,key_len_ins_calls,4,377,0.9334157541504768,15637,BIN_3990557,CWE-127,1,15640,BIN_3349179,CWE-127,2
BIN_4814745,41456,CWE-476,CWE-415,1,key_len_ins_calls,5,377,0.9334157541504768,41453,BIN_2577880,CWE-476,3,41459,BIN_8524215,CWE-476,3
BIN_4845718,11544,CWE-124,CWE-127,6,key_ins_full|key_ins_tail18|key_ins_tail24|key_ins_tail30|key_ins_tail36|key_len_ins_calls,2,70,0.9933922671667114,11543,BIN_8823699,CWE-124,1,11545,BIN_2752764,CWE-124,1
BIN_4881902,22628,CWE-190,CWE-191,1,key_len_ins_calls,2,377,0.9334157541504768,22627,BIN_2151158,CWE-190,1,22629,BIN_7782680,CWE-190,1
BIN_4885278,35471,CWE-398,CWE-546,1,key_body_hex,4,26,0.9740777666999004,35470,BIN_1230016,CWE-398,1,35472,BIN_9378523,CWE-398,1
BIN_4905172,48956,CWE-761,CWE-126,1,key_len_ins_calls,3,377,0.9334157541504768,48954,BIN_1329066,CWE-761,2,48958,BIN_5598194,CWE-761,2
BIN_4953698,4507,CWE-121,CWE-665,1,key_op_full,2,56,0.9925788497217068,4506,BIN_2586862,CWE-121,1,4508,BIN_7896204,CWE-121,1
BIN_5017338,56026,CWE-843,CWE-197,1,key_len_ins_calls,3,377,0.9334157541504768,56025,BIN_8708503,CWE-843,1,56029,BIN_7834359,CWE-843,3
BIN_5023538,4773,CWE-121,CWE-195,1,key_len_ins_calls,4,377,0.9334157541504768,4770,BIN_1139049,CWE-121,3,4775,BIN_1255888,CWE-121,2
BIN_5029417,22440,CWE-190,CWE-191,6,key_ins_full|key_ins_tail18|key_ins_tail24|key_ins_tail30|key_ins_tail36|key_op_full,3,56,0.9933922671667114,22438,BIN_1471472,CWE-190,2,22442,BIN_5318817,CWE-190,2
BIN_5080695,45417,CWE-606,CWE-134,1,key_ins_full,4,70,0.9870514243433224,45412,BIN_6728301,CWE-606,5,45439,BIN_2337205,CWE-606,22
BIN_5098802,26201,CWE-194,CWE-195,1,key_callseq,2,61,0.9922970071978784,26200,BIN_3062999,CWE-194,1,26202,BIN_2093032,CWE-194,1
BIN_5111922,245,CWE-121,CWE-124,1,key_len_ins_calls,2,377,0.9334157541504768,243,BIN_3173971,CWE-121,2,246,BIN_1836317,CWE-121,1
BIN_5112456,10783,CWE-122,CWE-401,1,key_op_full,4,56,0.9925788497217068,10762,BIN_8867381,CWE-122,21,10785,BIN_6783432,CWE-122,2
BIN_5120193,33760,CWE-036,CWE-023,4,key_ins_tail18|key_ins_tail24|key_ins_tail30|key_ins_tail36,4,74,0.9933922671667114,33756,BIN_6504468,CWE-036,4,33761,BIN_6961258,CWE-036,1
BIN_5123866,2510,CWE-121,CWE-124,1,key_ins_tail30,3,80,0.990573818781666,2507,BIN_8514168,CWE-121,3,2514,BIN_7900961,CWE-121,4
BIN_5124003,2590,CWE-121,CWE-124,1,key_ins_tail24,4,79,0.991979695431472,2589,BIN_7923361,CWE-121,1,2591,BIN_7117829,CWE-121,1
BIN_5141830,30073,CWE-023,CWE-036,2,key_ins_tail24|key_ins_tail30,2,79,0.991979695431472,30072,BIN_7303230,CWE-023,1,30075,BIN_4117971,CWE-023,2
BIN_5157105,34236,CWE-036,CWE-023,1,key_len_ins_calls,2,377,0.9334157541504768,34234,BIN_1450777,CWE-036,2,34241,BIN_9684048,CWE-036,5
BIN_5198015,15220,CWE-127,CWE-126,1,key_len_ins_calls,2,377,0.9334157541504768,15216,BIN_3867539,CWE-127,4,15221,BIN_6594054,CWE-127,1
BIN_5203656,24711,CWE-191,CWE-190,1,key_len_ins_calls,2,377,0.9334157541504768,24708,BIN_7711873,CWE-191,3,24713,BIN_3698843,CWE-191,2
BIN_5204059,23742,CWE-191,CWE-190,1,key_len_ins_calls,3,377,0.9334157541504768,23739,BIN_2833204,CWE-191,3,23743,BIN_1981548,CWE-191,1
BIN_5255267,35468,CWE-398,CWE-546,1,key_body_hex,3,26,0.9740777666999004,35466,BIN_5874301,CWE-398,2,35470,BIN_1230016,CWE-398,2
BIN_5294669,16494,CWE-127,CWE-121,1,key_len_ins_calls,2,377,0.9334157541504768,16490,BIN_9328982,CWE-127,4,16498,BIN_1988357,CWE-127,4
BIN_5314372,23876,CWE-191,CWE-190,1,key_len_ins_calls,4,377,0.9334157541504768,23875,BIN_2142398,CWE-191,1,23878,BIN_1063554,CWE-191,2
BIN_5314476,23540,CWE-191,CWE-190,1,key_len_ins_calls,2,377,0.9334157541504768,23539,BIN_4000767,CWE-191,1,23541,BIN_9303365,CWE-191,1
BIN_5316233,39920,CWE-427,CWE-078,1,key_callseq,2,61,0.9922970071978784,39917,BIN_5869830,CWE-427,3,39921,BIN_4656548,CWE-427,1
BIN_5316870,28953,CWE-197,CWE-190,1,key_len_ins_calls,2,377,0.9334157541504768,28928,BIN_3465136,CWE-197,25,28956,BIN_8361191,CWE-197,3
BIN_5322156,39828,CWE-427,CWE-036,1,key_len_ins_calls,2,377,0.9334157541504768,39826,BIN_9284970,CWE-427,2,39830,BIN_1330871,CWE-427,2
BIN_5343873,20927,CWE-190,CWE-191,1,key_len_ins_calls,2,377,0.9334157541504768,20925,BIN_4422960,CWE-190,2,20928,BIN_9627409,CWE-190,1
BIN_5421492,41797,CWE-511,CWE-252,1,key_callseq,3,61,0.9922970071978784,41795,BIN_3449346,CWE-511,2,41798,BIN_8097012,CWE-511,1
BIN_5461993,48350,CWE-758,CWE-401,1,key_len_ins_calls,2,377,0.9334157541504768,48348,BIN_9753305,CWE-758,2,48353,BIN_7331128,CWE-758,3
BIN_5485342,24023,CWE-191,CWE-190,1,key_len_ins_calls,3,377,0.9334157541504768,24021,BIN_6901334,CWE-191,2,24025,BIN_4543778,CWE-191,2
BIN_5574840,10800,CWE-122,CWE-675,1,key_len_ins_calls,3,377,0.9334157541504768,10797,BIN_1926592,CWE-122,3,10805,BIN_9257931,CWE-122,5
BIN_5578478,15643,CWE-127,CWE-122,1,key_len_ins_calls,4,377,0.9334157541504768,15641,BIN_7735520,CWE-127,2,15647,BIN_1096524,CWE-127,4
BIN_5589217,15639,CWE-127,CWE-122,1,key_len_ins_calls,4,377,0.9334157541504768,15637,BIN_3990557,CWE-127,2,15640,BIN_3349179,CWE-127,1
BIN_5595461,40909,CWE-457,CWE-398,1,key_len_ins_calls,2,377,0.9334157541504768,40908,BIN_5255721,CWE-457,1,40915,BIN_8359031,CWE-457,6
BIN_5631677,24903,CWE-191,CWE-190,1,key_body_hex,2,26,0.9740777666999004,24902,BIN_7739179,CWE-191,1,24904,BIN_8830182,CWE-191,1
BIN_5667234,24560,CWE-191,CWE-190,1,key_marker_tail,2,46,0.9945901446548278,24559,BIN_3116399,CWE-191,1,24561,BIN_4881314,CWE-191,1
BIN_5734450,39536,CWE-427,CWE-078,1,key_callseq,4,61,0.9922970071978784,39534,BIN_2677127,CWE-427,2,39537,BIN_6271116,CWE-427,1
BIN_5782979,33846,CWE-036,CWE-023,2,key_ins_tail30|key_ins_tail36,2,80,0.990573818781666,33845,BIN_9430281,CWE-036,1,33848,BIN_4906345,CWE-036,2
BIN_5801765,2456,CWE-121,CWE-590,1,key_len_ins_calls,2,377,0.9334157541504768,2455,BIN_6637339,CWE-121,1,2458,BIN_3784614,CWE-121,2
BIN_5843003,35227,CWE-391,CWE-590,1,key_len_ins_calls,2,377,0.9334157541504768,35223,BIN_2419114,CWE-391,4,35228,BIN_2382538,CWE-391,1
BIN_5846865,40204,CWE-457,CWE-563,1,key_len_ins_calls,2,377,0.9334157541504768,40201,BIN_6599101,CWE-457,3,40209,BIN_2803431,CWE-457,5
BIN_5847178,24810,CWE-191,CWE-190,1,key_len_ins_calls,2,377,0.9334157541504768,24809,BIN_6611767,CWE-191,1,24811,BIN_3762502,CWE-191,1
BIN_5872115,26057,CWE-194,CWE-195,1,key_callseq,2,61,0.9922970071978784,26056,BIN_4190918,CWE-194,1,26058,BIN_4577374,CWE-194,1
BIN_5875619,28519,CWE-197,CWE-190,1,key_len_ins_calls,2,377,0.9334157541504768,28516,BIN_5312751,CWE-197,3,28522,BIN_8863262,CWE-197,3
BIN_5909544,15113,CWE-127,CWE-126,3,key_ins_tail18|key_ins_tail24|key_ins_tail30,2,74,0.9933922671667114,15112,BIN_9175028,CWE-127,1,15114,BIN_7257177,CWE-127,1
BIN_5957223,35459,CWE-398,CWE-546,1,key_body_hex,3,26,0.9740777666999004,35455,BIN_3997517,CWE-398,4,35460,BIN_5222386,CWE-398,1
BIN_5976244,39456,CWE-426,CWE-078,1,key_ins_tail18,3,74,0.9933922671667114,39451,BIN_5329558,CWE-426,5,39458,BIN_4809505,CWE-426,2
BIN_5998768,39728,CWE-427,CWE-078,1,key_callseq,4,61,0.9922970071978784,39722,BIN_7042800,CWE-427,6,39731,BIN_9400706,CWE-427,3
BIN_6015876,2593,CWE-121,CWE-124,1,key_ins_tail24,4,79,0.991979695431472,2591,BIN_7117829,CWE-121,2,2594,BIN_1819256,CWE-121,1
BIN_6029350,23937,CWE-191,CWE-190,1,key_marker_tail,2,46,0.9945901446548278,23934,BIN_9878047,CWE-191,3,23939,BIN_9329021,CWE-191,2
BIN_6036938,33712,CWE-036,CWE-023,4,key_ins_tail18|key_ins_tail24|key_ins_tail30|key_ins_tail36,4,74,0.9933922671667114,33711,BIN_4810305,CWE-036,1,33714,BIN_2965030,CWE-036,2
BIN_6087344,35482,CWE-398,CWE-546,1,key_body_hex,4,26,0.9740777666999004,35481,BIN_4216303,CWE-398,1,35484,BIN_6825157,CWE-398,2
BIN_6164088,24204,CWE-191,CWE-190,1,key_len_ins_calls,2,377,0.9334157541504768,24182,BIN_1389106,CWE-191,22,24206,BIN_8868635,CWE-191,2
BIN_6192502,16116,CWE-127,CWE-124,1,key_len_ins_calls,3,377,0.9334157541504768,16114,BIN_3377692,CWE-127,2,16117,BIN_7353557,CWE-127,1
BIN_6192941,20926,CWE-190,CWE-191,1,key_len_ins_calls,2,377,0.9334157541504768,20925,BIN_4422960,CWE-190,1,20928,BIN_9627409,CWE-190,2
BIN_6207047,27545,CWE-195,CWE-194,1,key_callseq,2,61,0.9922970071978784,27544,BIN_4689359,CWE-195,1,27546,BIN_6509859,CWE-195,1
BIN_6233280,4725,CWE-121,CWE-195,1,key_len_ins_calls,4,377,0.9334157541504768,4718,BIN_4247819,CWE-121,7,4726,BIN_5918763,CWE-121,1
BIN_6272532,10789,CWE-122,CWE-401,1,key_len_ins_calls,4,377,0.9334157541504768,10786,BIN_1074985,CWE-122,3,10794,BIN_2345395,CWE-122,5
BIN_6278799,34580,CWE-036,CWE-023,1,key_ins_tail36,4,97,0.9869588599085776,34578,BIN_4176040,CWE-036,2,34600,BIN_8033388,CWE-036,20
BIN_6290567,41288,CWE-476,CWE-590,1,key_ins_tail18,3,74,0.9933922671667114,41287,BIN_2583978,CWE-476,1,41289,BIN_6269060,CWE-476,1
BIN_6345303,46203,CWE-665,CWE-121,1,key_op_full,3,56,0.9925788497217068,46201,BIN_7385105,CWE-665,2,46204,BIN_7620146,CWE-665,1
BIN_6387970,24203,CWE-191,CWE-190,1,key_len_ins_calls,2,377,0.9334157541504768,24182,BIN_1389106,CWE-191,21,24206,BIN_8868635,CWE-191,3
BIN_6426394,23873,CWE-191,CWE-190,1,key_len_ins_calls,4,377,0.9334157541504768,23871,BIN_9694379,CWE-191,2,23875,BIN_2142398,CWE-191,2
BIN_6435972,26341,CWE-194,CWE-195,1,key_len_ins_calls,2,377,0.9334157541504768,26338,BIN_2334230,CWE-194,3,26343,BIN_6078458,CWE-194,2
BIN_6438869,24032,CWE-191,CWE-190,2,key_len_ins_calls|key_marker_tail,2,46,0.9945901446548278,24031,BIN_2231956,CWE-191,1,24035,BIN_9499298,CWE-191,3
BIN_6443770,49253,CWE-761,CWE-122,1,key_marker_tail,9,46,0.9945901446548278,49252,BIN_3954200,CWE-761,1,49254,BIN_8960354,CWE-761,1
BIN_6443770,49253,CWE-761,CWE-690,1,key_len_ins_calls,4,377,0.9334157541504768,49252,BIN_3954200,CWE-761,1,49254,BIN_8960354,CWE-761,1
BIN_6455415,41585,CWE-479,CWE-252,1,key_op_full,3,56,0.9925788497217068,41582,BIN_9951717,CWE-479,3,41587,BIN_6020353,CWE-479,2
BIN_6460179,52814,CWE-762,CWE-401,5,key_ins_full|key_ins_tail18|key_ins_tail24|key_ins_tail30|key_ins_tail36,2,70,0.9933922671667114,52813,BIN_4319541,CWE-762,1,52815,BIN_1210815,CWE-762,1
BIN_6484857,35457,CWE-398,CWE-546,1,key_body_hex,2,26,0.9740777666999004,35455,BIN_3997517,CWE-398,2,35460,BIN_5222386,CWE-398,3
BIN_6510059,41196,CWE-475,CWE-253,1,key_len_ins_calls,2,377,0.9334157541504768,41191,BIN_1753910,CWE-475,5,41197,BIN_5934608,CWE-475,1
BIN_6510128,25802,CWE-191,CWE-190,1,key_callseq,2,61,0.9922970071978784,25801,BIN_7683560,CWE-191,1,25807,BIN_1114347,CWE-191,5
BIN_6546404,23936,CWE-191,CWE-190,1,key_marker_tail,2,46,0.9945901446548278,23934,BIN_9878047,CWE-191,2,23939,BIN_9329021,CWE-191,3
BIN_6576466,13639,CWE-126,CWE-122,1,key_len_ins_calls,3,377,0.9334157541504768,13638,BIN_6433752,CWE-126,1,13640,BIN_1016844,CWE-126,1
BIN_6587346,2512,CWE-121,CWE-124,1,key_ins_tail30,2,80,0.990573818781666,2507,BIN_8514168,CWE-121,5,2514,BIN_7900961,CWE-121,2
BIN_6594052,25263,CWE-191,CWE-190,1,key_len_ins_calls,2,377,0.9334157541504768,25262,BIN_2532400,CWE-191,1,25265,BIN_8252696,CWE-191,2
BIN_6625247,20174,CWE-190,CWE-191,1,key_body_hex,2,26,0.9740777666999004,20173,BIN_9225760,CWE-190,1,20194,BIN_4730436,CWE-190,20
BIN_6646583,13599,CWE-126,CWE-122,1,key_len_ins_calls,3,377,0.9334157541504768,13598,BIN_9574671,CWE-126,1,13600,BIN_5188965,CWE-126,1
BIN_6656331,11456,CWE-124,CWE-121,1,key_ins_tail30,2,80,0.990573818781666,11454,BIN_7253660,CWE-124,2,11461,BIN_5886049,CWE-124,5
BIN_6670288,44637,CWE-590,CWE-126,1,key_len_ins_calls,4,377,0.9334157541504768,44618,BIN_6500102,CWE-590,19,44638,BIN_3467474,CWE-590,1
BIN_6702064,19588,CWE-190,CWE-191,6,key_ins_full|key_ins_tail18|key_ins_tail24|key_ins_tail30|key_ins_tail36|key_op_full,3,56,0.9933922671667114,19587,BIN_8987193,CWE-190,1,19590,BIN_1729429,CWE-190,2
BIN_6725480,19337,CWE-190,CWE-191,1,key_len_ins_calls,2,377,0.9334157541504768,19335,BIN_6620834,CWE-190,2,19338,BIN_1284545,CWE-190,1
BIN_6794019,31064,CWE-252,CWE-762,1,key_len_ins_calls,14,377,0.9334157541504768,31063,BIN_8236603,CWE-252,1,31065,BIN_5377443,CWE-252,1
BIN_6799540,14106,CWE-126,CWE-122,1,key_ins_tail18,6,74,0.9933922671667114,14105,BIN_5599303,CWE-126,1,14126,BIN_5811931,CWE-126,20
BIN_6799540,14106,CWE-126,CWE-690,1,key_len_ins_calls,4,377,0.9334157541504768,14105,BIN_5599303,CWE-126,1,14126,BIN_5811931,CWE-126,20
BIN_6801558,23537,CWE-191,CWE-190,1,key_len_ins_calls,2,377,0.9334157541504768,23535,BIN_8042414,CWE-191,2,23539,BIN_4000767,CWE-191,2
BIN_6804995,34816,CWE-036,CWE-023,1,key_ins_tail36,2,97,0.9869588599085776,34814,BIN_9427055,CWE-036,2,34820,BIN_6416962,CWE-036,4
BIN_6816778,4724,CWE-121,CWE-195,1,key_len_ins_calls,4,377,0.9334157541504768,4718,BIN_4247819,CWE-121,6,4726,BIN_5918763,CWE-121,2
BIN_6822378,28475,CWE-197,CWE-690,1,key_len_ins_calls,3,377,0.9334157541504768,28474,BIN_7320786,CWE-197,1,28481,BIN_7465467,CWE-197,6
BIN_6830101,22785,CWE-190,CWE-191,2,key_len_ins_calls|key_marker_tail,2,46,0.9945901446548278,22780,BIN_9570135,CWE-190,5,22786,BIN_8979774,CWE-190,1
BIN_6872681,48351,CWE-758,CWE-401,1,key_len_ins_calls,2,377,0.9334157541504768,48348,BIN_9753305,CWE-758,3,48353,BIN_7331128,CWE-758,2
BIN_6918991,13425,CWE-126,CWE-121,1,key_callseq,2,61,0.9922970071978784,13424,BIN_6928437,CWE-126,1,13426,BIN_4755052,CWE-126,1
BIN_6947524,34847,CWE-036,CWE-023,1,key_callseq,2,61,0.9922970071978784,34846,BIN_8792193,CWE-036,1,34848,BIN_3711210,CWE-036,1
BIN_6965267,45695,CWE-606,CWE-134,1,key_op_full,4,56,0.9925788497217068,45694,BIN_9880862,CWE-606,1,45697,BIN_4950733,CWE-606,2
BIN_6981959,23346,CWE-191,CWE-190,1,key_len_ins_calls,2,377,0.9334157541504768,23345,BIN_9188450,CWE-191,1,23349,BIN_3825842,CWE-191,3
BIN_6990151,38748,CWE-415,CWE-762,1,key_ins_tail18,4,74,0.9933922671667114,38747,BIN_6828723,CWE-415,1,38749,BIN_9135163,CWE-415,1
BIN_7013866,14562,CWE-127,CWE-126,1,key_len_ins_calls,2,377,0.9334157541504768,14561,BIN_7228570,CWE-127,1,14564,BIN_3505497,CWE-127,2
BIN_7017807,33366,CWE-036,CWE-023,2,key_ins_tail30|key_ins_tail36,2,80,0.990573818781666,33365,BIN_5295376,CWE-036,1,33369,BIN_9113010,CWE-036,3
BIN_7071511,11584,CWE-124,CWE-127,6,key_ins_full|key_ins_tail18|key_ins_tail24|key_ins_tail30|key_ins_tail36|key_len_ins_calls,2,70,0.9933922671667114,11583,BIN_5743095,CWE-124,1,11602,BIN_6301596,CWE-124,18
BIN_7087540,35074,CWE-377,CWE-122,1,key_len_ins_calls,3,377,0.9334157541504768,35071,BIN_8918145,CWE-377,3,35077,BIN_3805218,CWE-377,3
BIN_7147917,34717,CWE-036,CWE-023,1,key_ins_tail36,2,97,0.9869588599085776,34713,BIN_1288548,CWE-036,4,34719,BIN_9850044,CWE-036,2
BIN_7188547,24404,CWE-191,CWE-190,1,key_callseq,2,61,0.9922970071978784,24403,BIN_2464908,CWE-191,1,24405,BIN_3856543,CWE-191,1
BIN_7223045,52700,CWE-762,CWE-590,1,key_len_ins_calls,2,377,0.9334157541504768,52697,BIN_5524335,CWE-762,3,52702,BIN_7034864,CWE-762,2
BIN_7314339,41012,CWE-464,CWE-400,1,key_callseq,6,61,0.9922970071978784,41011,BIN_6787874,CWE-464,1,41017,BIN_7652014,CWE-464,5
BIN_7316191,41285,CWE-476,CWE-590,1,key_ins_tail18,3,74,0.9933922671667114,41281,BIN_6643384,CWE-476,4,41287,BIN_2583978,CWE-476,2
BIN_7342796,52718,CWE-762,CWE-401,5,key_ins_full|key_ins_tail18|key_ins_tail24|key_ins_tail30|key_ins_tail36,2,70,0.9933922671667114,52717,BIN_7267117,CWE-762,1,52719,BIN_6471705,CWE-762,1
BIN_7344971,32990,CWE-369,CWE-758,1,key_len_ins_calls,9,377,0.9334157541504768,32989,BIN_4212031,CWE-369,1,32991,BIN_5580104,CWE-369,1
BIN_7345102,28527,CWE-197,CWE-253,1,key_len_ins_calls,2,377,0.9334157541504768,28526,BIN_1945126,CWE-197,1,28529,BIN_3466977,CWE-197,2
BIN_7404830,33808,CWE-036,CWE-023,4,key_ins_tail18|key_ins_tail24|key_ins_tail30|key_ins_tail36,4,74,0.9933922671667114,33805,BIN_1678895,CWE-036,3,33810,BIN_1483769,CWE-036,2
BIN_7440162,39226,CWE-416,CWE-676,1,key_len_ins_calls,2,377,0.9334157541504768,39223,BIN_8022563,CWE-416,3,39233,BIN_9067150,CWE-416,7
BIN_7482272,48866,CWE-761,CWE-400,1,key_len_ins_calls,3,377,0.9334157541504768,48865,BIN_4848583,CWE-761,1,48867,BIN_3642714,CWE-761,1
BIN_7573742,33664,CWE-036,CWE-023,4,key_ins_tail18|key_ins_tail24|key_ins_tail30|key_ins_tail36,4,74,0.9933922671667114,33663,BIN_6538402,CWE-036,1,33688,BIN_7238252,CWE-036,24
BIN_7582953,47095,CWE-680,CWE-122,1,key_op_full,2,56,0.9925788497217068,47093,BIN_3342149,CWE-680,2,47096,BIN_9118235,CWE-680,1
BIN_7599576,33404,CWE-036,CWE-078,1,key_len_ins_calls,2,377,0.9334157541504768,33402,BIN_5609733,CWE-036,2,33411,BIN_4266933,CWE-036,7
BIN_7632738,39002,CWE-416,CWE-122,1,key_len_ins_calls,4,377,0.9334157541504768,39001,BIN_3055718,CWE-416,1,39004,BIN_6296603,CWE-416,2
BIN_7654851,39005,CWE-416,CWE-122,1,key_len_ins_calls,4,377,0.9334157541504768,39004,BIN_6296603,CWE-416,1,39006,BIN_3543223,CWE-416,1
BIN_7663395,4950,CWE-126,CWE-122,1,key_ins_tail36,2,97,0.9869588599085776,4948,BIN_3155265,CWE-126,2,4954,BIN_2317564,CWE-126,4
BIN_7671787,47567,CWE-690,CWE-401,1,key_len_ins_calls,2,377,0.9334157541504768,47566,BIN_2956225,CWE-690,1,47568,BIN_9921675,CWE-690,1
BIN_7691966,25571,CWE-191,CWE-190,1,key_len_ins_calls,2,377,0.9334157541504768,25567,BIN_1173463,CWE-191,4,25572,BIN_3808775,CWE-191,1
BIN_7707170,42415,CWE-563,CWE-617,1,key_len_ins_calls,2,377,0.9334157541504768,42413,BIN_8935309,CWE-563,2,42417,BIN_5750054,CWE-563,2
BIN_7724180,39680,CWE-427,CWE-078,1,key_callseq,2,61,0.9922970071978784,39679,BIN_5308178,CWE-427,1,39684,BIN_8144040,CWE-427,4
BIN_7728870,21756,CWE-190,CWE-191,6,key_ins_full|key_ins_tail18|key_ins_tail24|key_ins_tail30|key_ins_tail36|key_op_full,3,56,0.9933922671667114,21755,BIN_9015398,CWE-190,1,21759,BIN_3753983,CWE-190,3
BIN_7755389,28832,CWE-197,CWE-194,2,key_ins_tail18|key_ins_tail24,3,74,0.9933922671667114,28830,BIN_6960093,CWE-197,2,28852,BIN_2501681,CWE-197,20
BIN_7770803,24022,CWE-191,CWE-190,1,key_len_ins_calls,3,377,0.9334157541504768,24021,BIN_6901334,CWE-191,1,24025,BIN_4543778,CWE-191,3
BIN_7776921,39003,CWE-416,CWE-122,1,key_len_ins_calls,4,377,0.9334157541504768,39001,BIN_3055718,CWE-416,2,39004,BIN_6296603,CWE-416,1
BIN_7788595,4772,CWE-121,CWE-195,1,key_len_ins_calls,4,377,0.9334157541504768,4770,BIN_1139049,CWE-121,2,4775,BIN_1255888,CWE-121,3
BIN_7810663,37060,CWE-401,CWE-690,1,key_len_ins_calls,3,377,0.9334157541504768,37058,BIN_8986057,CWE-401,2,37063,BIN_8131350,CWE-401,3
BIN_7818697,19299,CWE-190,CWE-191,1,key_len_ins_calls,2,377,0.9334157541504768,19298,BIN_6466276,CWE-190,1,19302,BIN_1587916,CWE-190,3
BIN_7860159,30697,CWE-023,CWE-036,1,key_ins_tail36,2,97,0.9869588599085776,30694,BIN_8024090,CWE-023,3,30699,BIN_7279561,CWE-023,2
BIN_7897107,54113,CWE-078,CWE-134,2,key_len_ins_calls|key_op_full,2,56,0.9925788497217068,54112,BIN_5587171,CWE-078,1,54114,BIN_9932205,CWE-078,1
BIN_7910516,2553,CWE-121,CWE-124,1,key_ins_tail24,4,79,0.991979695431472,2552,BIN_9461461,CWE-121,1,2555,BIN_3657495,CWE-121,2
BIN_7926288,46246,CWE-665,CWE-124,1,key_len_ins_calls,6,377,0.9334157541504768,46242,BIN_6786859,CWE-665,4,46247,BIN_1436421,CWE-665,1
BIN_7929901,35297,CWE-397,CWE-401,1,key_len_ins_calls,2,377,0.9334157541504768,35293,BIN_5940213,CWE-397,4,35298,BIN_1790187,CWE-397,1
BIN_7943273,54326,CWE-078,CWE-036,1,key_len_ins_calls,2,377,0.9334157541504768,54306,BIN_1811195,CWE-078,20,54330,BIN_8149607,CWE-078,4
BIN_7947489,6493,CWE-122,CWE-459,1,key_len_ins_calls,2,377,0.9334157541504768,6492,BIN_5366456,CWE-122,1,6495,BIN_2827558,CWE-122,2
BIN_7948905,21078,CWE-190,CWE-191,1,key_len_ins_calls,2,377,0.9334157541504768,21076,BIN_6847044,CWE-190,2,21082,BIN_5504187,CWE-190,4
BIN_8005322,34238,CWE-036,CWE-023,1,key_len_ins_calls,3,377,0.9334157541504768,34234,BIN_1450777,CWE-036,4,34241,BIN_9684048,CWE-036,3
BIN_8040755,19296,CWE-190,CWE-191,1,key_len_ins_calls,2,377,0.9334157541504768,19294,BIN_4131114,CWE-190,2,19298,BIN_6466276,CWE-190,2
BIN_8050648,2673,CWE-121,CWE-124,1,key_ins_tail24,4,79,0.991979695431472,2672,BIN_8217356,CWE-121,1,2674,BIN_1694462,CWE-121,1
BIN_8054814,23931,CWE-191,CWE-190,1,key_len_ins_calls,5,377,0.9334157541504768,23930,BIN_5145249,CWE-191,1,23932,BIN_7830993,CWE-191,1
BIN_8059368,44642,CWE-590,CWE-122,1,key_len_ins_calls,5,377,0.9334157541504768,44641,BIN_2821915,CWE-590,1,44643,BIN_4657010,CWE-590,1
BIN_8104174,18980,CWE-188,CWE-398,1,key_len_ins_calls,3,377,0.9334157541504768,18976,BIN_3057071,CWE-188,4,18982,BIN_2148894,CWE-188,2
BIN_8106040,2513,CWE-121,CWE-124,1,key_ins_tail30,3,80,0.990573818781666,2507,BIN_8514168,CWE-121,6,2514,BIN_7900961,CWE-121,1
BIN_8111191,46234,CWE-665,CWE-121,1,key_callseq,2,61,0.9922970071978784,46231,BIN_2781875,CWE-665,3,46236,BIN_5607233,CWE-665,2
BIN_8116345,54065,CWE-078,CWE-134,2,key_len_ins_calls|key_op_full,2,56,0.9925788497217068,54064,BIN_5151746,CWE-078,1,54066,BIN_4690239,CWE-078,1
BIN_8159631,23982,CWE-191,CWE-190,1,key_marker_tail,2,46,0.9945901446548278,23979,BIN_2246488,CWE-191,3,23983,BIN_1436386,CWE-191,1
BIN_8165858,11071,CWE-124,CWE-121,1,key_len_ins_calls,2,377,0.9334157541504768,11068,BIN_9871924,CWE-124,3,11072,BIN_1566957,CWE-124,1
BIN_8168468,48077,CWE-690,CWE-415,1,key_len_ins_calls,4,377,0.9334157541504768,48075,BIN_7174010,CWE-690,2,48079,BIN_3436711,CWE-690,2
BIN_8180319,37111,CWE-401,CWE-690,1,key_len_ins_calls,2,377,0.9334157541504768,37110,BIN_9963988,CWE-401,1,37112,BIN_8357069,CWE-401,1
BIN_8215823,23586,CWE-191,CWE-190,1,key_len_ins_calls,2,377,0.9334157541504768,23585,BIN_2169013,CWE-191,1,23588,BIN_1283330,CWE-191,2
BIN_8217997,33276,CWE-036,CWE-023,3,key_ins_tail24|key_ins_tail30|key_ins_tail36,2,79,0.991979695431472,33274,BIN_5728397,CWE-036,2,33277,BIN_2952513,CWE-036,1
BIN_8224455,19203,CWE-190,CWE-191,1,key_len_ins_calls,2,377,0.9334157541504768,19202,BIN_4433378,CWE-190,1,19204,BIN_8362122,CWE-190,1
BIN_8264385,41195,CWE-475,CWE-253,1,key_len_ins_calls,2,377,0.9334157541504768,41191,BIN_1753910,CWE-475,4,41197,BIN_5934608,CWE-475,2
BIN_8313389,14569,CWE-127,CWE-126,3,key_ins_tail18|key_ins_tail24|key_ins_tail30,2,74,0.9933922671667114,14568,BIN_4203192,CWE-127,1,14575,BIN_3825443,CWE-127,6
BIN_8323303,11708,CWE-124,CWE-122,1,key_len_ins_calls,2,377,0.9334157541504768,11706,BIN_8614132,CWE-124,2,11709,BIN_6807767,CWE-124,1
BIN_8344503,29024,CWE-197,CWE-194,3,key_ins_tail18|key_ins_tail24|key_ins_tail30,2,74,0.9933922671667114,29022,BIN_8926568,CWE-197,2,29044,BIN_1570804,CWE-197,20
BIN_8373077,32652,CWE-369,CWE-194,1,key_len_ins_calls,3,377,0.9334157541504768,32649,BIN_8577019,CWE-369,3,32653,BIN_8391233,CWE-369,1
BIN_8382309,34079,CWE-036,CWE-023,1,key_callseq,2,61,0.9922970071978784,34078,BIN_8844438,CWE-036,1,34081,BIN_3237910,CWE-036,2
BIN_8416577,23447,CWE-191,CWE-190,1,key_len_ins_calls,2,377,0.9334157541504768,23444,BIN_9774911,CWE-191,3,23448,BIN_1446777,CWE-191,1
BIN_8445417,31954,CWE-253,CWE-252,1,key_op_full,2,56,0.9925788497217068,31952,BIN_5212786,CWE-253,2,31956,BIN_2657257,CWE-253,2
BIN_8490395,35475,CWE-398,CWE-546,1,key_body_hex,2,26,0.9740777666999004,35474,BIN_5494808,CWE-398,1,35476,BIN_4386733,CWE-398,1
BIN_8550262,2416,CWE-121,CWE-590,1,key_len_ins_calls,2,377,0.9334157541504768,2415,BIN_6768217,CWE-121,1,2418,BIN_8195206,CWE-121,2
BIN_8595131,39072,CWE-416,CWE-676,1,key_len_ins_calls,2,377,0.9334157541504768,39069,BIN_7003956,CWE-416,3,39076,BIN_1202723,CWE-416,4
BIN_8633191,39841,CWE-427,CWE-134,1,key_len_ins_calls,3,377,0.9334157541504768,39840,BIN_9990416,CWE-427,1,39842,BIN_8949865,CWE-427,1
BIN_8716102,35438,CWE-398,CWE-482,2,key_len_ins_calls|key_op_full,2,56,0.9925788497217068,35435,BIN_7857570,CWE-398,3,35440,BIN_3898468,CWE-398,2
BIN_8733266,37357,CWE-401,CWE-126,1,key_len_ins_calls,4,377,0.9334157541504768,37356,BIN_4984825,CWE-401,1,37359,BIN_3868959,CWE-401,2
BIN_8754302,45551,CWE-606,CWE-134,3,key_ins_full|key_len_ins_calls|key_op_full,7,56,0.9925788497217068,45550,BIN_9963889,CWE-606,1,45557,BIN_8629405,CWE-606,6
BIN_8759788,46445,CWE-675,CWE-415,1,key_marker_tail,2,46,0.9945901446548278,46444,BIN_7031381,CWE-675,1,46449,BIN_5820679,CWE-675,4
BIN_8781695,35180,CWE-390,CWE-401,1,key_len_ins_calls,3,377,0.9334157541504768,35178,BIN_8273378,CWE-390,2,35184,BIN_1225491,CWE-391,4
BIN_8826313,30841,CWE-023,CWE-036,2,key_ins_tail24|key_ins_tail30,2,79,0.991979695431472,30838,BIN_3624294,CWE-023,3,30842,BIN_3380034,CWE-023,1
BIN_8853163,25494,CWE-191,CWE-190,1,key_len_ins_calls,2,377,0.9334157541504768,25492,BIN_1453377,CWE-191,2,25495,BIN_3100476,CWE-191,1
BIN_8856620,45605,CWE-606,CWE-134,2,key_ins_full|key_len_ins_calls,5,70,0.9870514243433224,45599,BIN_9231525,CWE-606,6,45607,BIN_4626830,CWE-606,2
BIN_8858945,19199,CWE-190,CWE-191,1,key_len_ins_calls,2,377,0.9334157541504768,19195,BIN_9434123,CWE-190,4,19202,BIN_4433378,CWE-190,3
BIN_8898107,38700,CWE-415,CWE-762,1,key_ins_tail18,4,74,0.9933922671667114,38698,BIN_5076678,CWE-415,2,38704,BIN_4604187,CWE-415,4
BIN_8907569,34431,CWE-036,CWE-023,3,key_ins_tail24|key_ins_tail30|key_ins_tail36,2,79,0.991979695431472,34430,BIN_9915360,CWE-036,1,34432,BIN_1608406,CWE-036,1
BIN_8907680,8788,CWE-122,CWE-401,1,key_len_ins_calls,3,377,0.9334157541504768,8787,BIN_6730850,CWE-122,1,8789,BIN_9306314,CWE-122,1
BIN_8909534,1630,CWE-121,CWE-124,1,key_ins_tail24,4,79,0.991979695431472,1629,BIN_5702294,CWE-121,1,1631,BIN_5586386,CWE-121,1
BIN_8943282,4949,CWE-126,CWE-122,1,key_ins_tail36,2,97,0.9869588599085776,4948,BIN_3155265,CWE-126,1,4954,BIN_2317564,CWE-126,5
BIN_8970634,1633,CWE-121,CWE-124,1,key_ins_tail24,4,79,0.991979695431472,1632,BIN_1108182,CWE-121,1,1654,BIN_6233266,CWE-121,21
BIN_9064564,23695,CWE-191,CWE-190,2,key_len_ins_calls|key_marker_tail,2,46,0.9945901446548278,23692,BIN_1193478,CWE-191,3,23697,BIN_7273207,CWE-191,2
BIN_9131213,24202,CWE-191,CWE-190,1,key_len_ins_calls,2,377,0.9334157541504768,24182,BIN_1389106,CWE-191,20,24206,BIN_8868635,CWE-191,4
BIN_9136089,28951,CWE-197,CWE-587,1,key_len_ins_calls,2,377,0.9334157541504768,28928,BIN_3465136,CWE-197,23,28956,BIN_8361191,CWE-197,5
BIN_9137443,47424,CWE-690,CWE-762,1,key_marker_tail,26,46,0.9945901446548278,47423,BIN_7722117,CWE-690,1,47427,BIN_3708022,CWE-690,3
BIN_9148389,15636,CWE-127,CWE-122,1,key_len_ins_calls,3,377,0.9334157541504768,15635,BIN_2854229,CWE-127,1,15637,BIN_3990557,CWE-127,1
BIN_9225616,16525,CWE-127,CWE-122,1,key_len_ins_calls,7,377,0.9334157541504768,16524,BIN_8909571,CWE-127,1,16527,BIN_5397262,CWE-127,2
BIN_9235824,42303,CWE-563,CWE-476,1,key_len_ins_calls,6,377,0.9334157541504768,42300,BIN_8084893,CWE-563,3,42304,BIN_9151986,CWE-563,1
BIN_9254053,47314,CWE-690,CWE-590,1,key_len_ins_calls,2,377,0.9334157541504768,47311,BIN_3449935,CWE-690,3,47315,BIN_4305742,CWE-690,1
BIN_9302164,33812,CWE-036,CWE-023,4,key_ins_tail18|key_ins_tail24|key_ins_tail30|key_ins_tail36,2,74,0.9933922671667114,33811,BIN_3663631,CWE-036,1,33834,BIN_1137596,CWE-036,22
BIN_9306811,12918,CWE-124,CWE-194,1,key_len_ins_calls,2,377,0.9334157541504768,12916,BIN_1869375,CWE-124,2,12922,BIN_5157155,CWE-124,4
BIN_9341417,11,CWE-121,CWE-124,4,key_ins_tail18|key_ins_tail24|key_ins_tail30|key_ins_tail36,2,74,0.9933922671667114,10,BIN_9241217,CWE-121,1,12,BIN_2306879,CWE-121,1
BIN_9397953,29737,CWE-023,CWE-036,1,key_ins_tail36,2,97,0.9869588599085776,29736,BIN_9331468,CWE-023,1,29738,BIN_2351996,CWE-023,1
BIN_9399547,11070,CWE-124,CWE-121,1,key_len_ins_calls,2,377,0.9334157541504768,11068,BIN_9871924,CWE-124,2,11072,BIN_1566957,CWE-124,2
BIN_9400093,19350,CWE-190,CWE-191,1,key_len_ins_calls,2,377,0.9334157541504768,19347,BIN_8466970,CWE-190,3,19352,BIN_7579833,CWE-190,2
BIN_9440542,42599,CWE-590,CWE-762,1,key_len_ins_calls,5,377,0.9334157541504768,42597,BIN_1344871,CWE-590,2,42600,BIN_7836697,CWE-590,1
BIN_9501564,25395,CWE-191,CWE-190,1,key_len_ins_calls,2,377,0.9334157541504768,25394,BIN_4630932,CWE-191,1,25396,BIN_1593666,CWE-191,1
BIN_9515682,45464,CWE-606,CWE-134,2,key_ins_full|key_marker_tail,2,46,0.9945901446548278,45463,BIN_8048536,CWE-606,1,45465,BIN_9175436,CWE-606,1
BIN_9571609,41846,CWE-526,CWE-253,1,key_len_ins_calls,2,377,0.9334157541504768,41845,BIN_7281525,CWE-526,1,41849,BIN_4603823,CWE-526,3
BIN_9577062,22101,CWE-190,CWE-191,2,key_len_ins_calls|key_marker_tail,2,46,0.9945901446548278,22100,BIN_8537518,CWE-190,1,22102,BIN_2119673,CWE-190,1
BIN_9600942,29876,CWE-023,CWE-036,1,key_ins_tail24,2,79,0.991979695431472,29875,BIN_5017059,CWE-023,1,29878,BIN_4370146,CWE-023,2
BIN_9628835,41652,CWE-483,CWE-398,1,key_callseq,2,61,0.9922970071978784,41651,BIN_8722623,CWE-483,1,41653,BIN_5418183,CWE-483,1
BIN_9648746,38918,CWE-416,CWE-676,1,key_len_ins_calls,2,377,0.9334157541504768,38917,BIN_3337266,CWE-416,1,38922,BIN_3223260,CWE-416,4
BIN_9648859,47421,CWE-690,CWE-762,1,key_marker_tail,26,46,0.9945901446548278,47416,BIN_4841812,CWE-690,5,47422,BIN_5726928,CWE-690,1
BIN_9649649,435,CWE-135,CWE-588,1,key_len_ins_calls,3,377,0.9334157541504768,434,BIN_3320797,CWE-135,1,436,BIN_6670014,CWE-135,1
BIN_9652447,15642,CWE-127,CWE-122,1,key_len_ins_calls,4,377,0.9334157541504768,15641,BIN_7735520,CWE-127,1,15647,BIN_1096524,CWE-127,5
BIN_9672943,54529,CWE-078,CWE-194,1,key_len_ins_calls,2,377,0.9334157541504768,54526,BIN_8473491,CWE-078,3,54531,BIN_2784568,CWE-078,2
BIN_9685486,23495,CWE-191,CWE-190,1,key_len_ins_calls,3,377,0.9334157541504768,23493,BIN_4827390,CWE-191,2,23499,BIN_9490474,CWE-191,4
BIN_9685509,52842,CWE-762,CWE-590,1,key_len_ins_calls,3,377,0.9334157541504768,52841,BIN_9216486,CWE-762,1,52843,BIN_6313065,CWE-762,1
BIN_9685661,37059,CWE-401,CWE-690,1,key_len_ins_calls,3,377,0.9334157541504768,37058,BIN_8986057,CWE-401,1,37063,BIN_8131350,CWE-401,4
BIN_9696973,16321,CWE-127,CWE-121,1,key_len_ins_calls,7,377,0.9334157541504768,16320,BIN_7813561,CWE-127,1,16322,BIN_9900058,CWE-127,1
BIN_9709133,23446,CWE-191,CWE-190,1,key_len_ins_calls,2,377,0.9334157541504768,23444,BIN_9774911,CWE-191,2,23448,BIN_1446777,CWE-191,2
BIN_9738306,46186,CWE-665,CWE-121,1,key_callseq,2,61,0.9922970071978784,46185,BIN_8317419,CWE-665,1,46187,BIN_8401704,CWE-665,1
BIN_9755762,48354,CWE-758,CWE-401,1,key_len_ins_calls,2,377,0.9334157541504768,48353,BIN_7331128,CWE-758,1,48355,BIN_3000312,CWE-758,1
BIN_9858557,203,CWE-121,CWE-124,4,key_ins_tail18|key_ins_tail24|key_ins_tail30|key_ins_tail36,2,74,0.9933922671667114,201,BIN_8629397,CWE-121,2,204,BIN_1110800,CWE-121,1
BIN_9875520,53773,CWE-789,CWE-122,1,key_len_ins_calls,2,377,0.9334157541504768,53771,BIN_8195312,CWE-789,2,53775,BIN_2867176,CWE-789,2
BIN_9892230,33764,CWE-036,CWE-023,4,key_ins_tail18|key_ins_tail24|key_ins_tail30|key_ins_tail36,2,74,0.9933922671667114,33763,BIN_6372012,CWE-036,1,33784,BIN_8674033,CWE-036,20
BIN_9903346,10738,CWE-122,CWE-758,1,key_op_full,9,56,0.9925788497217068,10736,BIN_7786285,CWE-122,2,10739,BIN_9861375,CWE-122,1
BIN_9923796,35486,CWE-398,CWE-546,1,key_body_hex,3,26,0.9740777666999004,35484,BIN_6825157,CWE-398,2,35487,BIN_3314416,CWE-398,1
BIN_9963906,23985,CWE-191,CWE-190,1,key_marker_tail,2,46,0.9945901446548278,23984,BIN_7097197,CWE-191,1,23986,BIN_5028581,CWE-191,1
BIN_9990685,48764,CWE-761,CWE-134,2,key_ins_tail30|key_ins_tail36,2,80,0.990573818781666,48763,BIN_1287932,CWE-761,1,48767,BIN_5603854,CWE-761,3
