fold,binary_id,sid,true,old,new,dist,body_pred,struct_pred
1,BIN_1850914,514,CWE-126,CWE-126,CWE-121,4214,CWE-122,CWE-122
1,BIN_2463809,508,CWE-126,CWE-126,CWE-121,4220,CWE-122,CWE-122
1,BIN_2467926,530,CWE-126,CWE-126,CWE-121,4198,CWE-126,CWE-122
1,BIN_2971428,528,CWE-126,CWE-126,CWE-121,4200,CWE-122,CWE-122
1,BIN_3849583,510,CWE-126,CWE-126,CWE-121,4218,CWE-122,CWE-122
1,BIN_4097945,507,CWE-126,CWE-126,CWE-121,4221,CWE-122,CWE-126
1,BIN_4564071,509,CWE-126,CWE-126,CWE-121,4219,CWE-122,CWE-122
1,BIN_5223234,523,CWE-126,CWE-126,CWE-121,4205,CWE-122,CWE-122
1,BIN_5955145,521,CWE-126,CWE-126,CWE-121,4207,CWE-122,CWE-122
1,BIN_7570995,515,CWE-126,CWE-126,CWE-121,4213,CWE-122,CWE-122
1,BIN_8299834,527,CWE-126,CWE-126,CWE-121,4201,CWE-122,CWE-122
1,BIN_8457830,502,CWE-126,CWE-126,CWE-121,4226,CWE-122,CWE-122
1,BIN_9164795,522,CWE-126,CWE-126,CWE-121,4206,CWE-122,CWE-122
1,BIN_9951199,499,CWE-126,CWE-126,CWE-121,4229,CWE-122,CWE-122
2,BIN_1004302,6530,CWE-122,CWE-122,CWE-121,1803,CWE-126,CWE-121
2,BIN_1004922,6230,CWE-122,CWE-122,CWE-121,1503,CWE-121,CWE-121
2,BIN_1015095,6909,CWE-122,CWE-122,CWE-121,2182,CWE-122,CWE-121
2,BIN_1016030,7095,CWE-122,CWE-122,CWE-121,2368,CWE-122,CWE-121
2,BIN_1043115,6331,CWE-122,CWE-122,CWE-121,1604,CWE-121,CWE-121
2,BIN_1088154,5616,CWE-122,CWE-122,CWE-121,889,CWE-122,CWE-121
2,BIN_1101529,5486,CWE-122,CWE-122,CWE-121,759,CWE-122,CWE-121
2,BIN_1107560,6632,CWE-122,CWE-122,CWE-121,1905,CWE-126,CWE-121
2,BIN_1114712,7045,CWE-122,CWE-122,CWE-121,2318,CWE-121,CWE-121
2,BIN_1114840,5223,CWE-122,CWE-122,CWE-121,496,CWE-126,CWE-121
2,BIN_1131691,5428,CWE-122,CWE-122,CWE-121,701,CWE-122,CWE-121
2,BIN_1134761,6421,CWE-122,CWE-122,CWE-121,1694,CWE-121,CWE-121
2,BIN_1136898,5329,CWE-122,CWE-122,CWE-121,602,CWE-121,CWE-121
2,BIN_1141382,5331,CWE-122,CWE-122,CWE-121,604,CWE-121,CWE-121
2,BIN_1144420,6014,CWE-122,CWE-122,CWE-121,1287,CWE-122,CWE-126
2,BIN_1147753,5004,CWE-122,CWE-122,CWE-121,277,CWE-126,CWE-121
2,BIN_1178984,5700,CWE-122,CWE-122,CWE-121,973,CWE-122,CWE-121
2,BIN_1199158,5470,CWE-122,CWE-122,CWE-121,743,CWE-122,CWE-121
2,BIN_1226539,5580,CWE-122,CWE-122,CWE-121,853,CWE-122,CWE-126
2,BIN_1228284,6282,CWE-122,CWE-122,CWE-121,1555,CWE-121,CWE-121
2,BIN_1233196,5667,CWE-122,CWE-122,CWE-121,940,CWE-122,CWE-121
2,BIN_1267824,6039,CWE-122,CWE-122,CWE-121,1312,CWE-121,CWE-121
2,BIN_1285560,6350,CWE-122,CWE-122,CWE-121,1623,CWE-121,CWE-121
2,BIN_1294524,6916,CWE-122,CWE-122,CWE-121,2189,CWE-122,CWE-121
2,BIN_1322804,6773,CWE-122,CWE-122,CWE-121,2046,CWE-122,CWE-121
2,BIN_1334840,5630,CWE-122,CWE-122,CWE-121,903,CWE-122,CWE-121
2,BIN_1335782,6338,CWE-122,CWE-122,CWE-121,1611,CWE-121,CWE-121
2,BIN_1345022,5723,CWE-122,CWE-122,CWE-121,996,CWE-121,CWE-121
2,BIN_1350709,6430,CWE-122,CWE-122,CWE-121,1703,CWE-121,CWE-121
2,BIN_1364799,7148,CWE-122,CWE-122,CWE-121,2421,CWE-122,CWE-121
2,BIN_1371198,6342,CWE-122,CWE-122,CWE-121,1615,CWE-121,CWE-121
2,BIN_1381583,5275,CWE-122,CWE-122,CWE-121,548,CWE-122,CWE-121
2,BIN_1390376,5290,CWE-122,CWE-122,CWE-121,563,CWE-122,CWE-121
2,BIN_1409168,6962,CWE-122,CWE-122,CWE-121,2235,CWE-122,CWE-121
2,BIN_1410677,5708,CWE-122,CWE-122,CWE-121,981,CWE-122,CWE-121
2,BIN_1431795,6333,CWE-122,CWE-122,CWE-121,1606,CWE-121,CWE-121
2,BIN_1435755,5748,CWE-122,CWE-122,CWE-121,1021,CWE-121,CWE-121
2,BIN_1443758,7104,CWE-122,CWE-122,CWE-121,2377,CWE-122,CWE-121
2,BIN_1448895,6860,CWE-122,CWE-122,CWE-121,2133,CWE-122,CWE-121
2,BIN_1454836,5150,CWE-122,CWE-122,CWE-121,423,CWE-121,CWE-121
2,BIN_1455038,6183,CWE-122,CWE-122,CWE-121,1456,CWE-121,CWE-121
2,BIN_1491791,5002,CWE-122,CWE-122,CWE-121,275,CWE-126,CWE-126
2,BIN_1494655,4990,CWE-122,CWE-122,CWE-121,263,CWE-126,CWE-126
2,BIN_1501132,6592,CWE-122,CWE-122,CWE-121,1865,CWE-122,CWE-121
2,BIN_1524469,5808,CWE-122,CWE-122,CWE-121,1081,CWE-121,CWE-121
2,BIN_1536960,5796,CWE-122,CWE-122,CWE-121,1069,CWE-121,CWE-121
2,BIN_1548056,5858,CWE-122,CWE-122,CWE-121,1131,CWE-122,CWE-121
2,BIN_1549443,7097,CWE-122,CWE-122,CWE-121,2370,CWE-122,CWE-121
2,BIN_1555350,4925,CWE-126,CWE-126,CWE-121,198,CWE-121,CWE-126
2,BIN_1567335,5294,CWE-122,CWE-122,CWE-121,567,CWE-122,CWE-121
2,BIN_1568148,6976,CWE-122,CWE-122,CWE-121,2249,CWE-122,CWE-126
2,BIN_1581477,6709,CWE-122,CWE-122,CWE-121,1982,CWE-126,CWE-121
2,BIN_1590552,5078,CWE-122,CWE-122,CWE-121,351,CWE-126,CWE-121
2,BIN_1596632,5754,CWE-122,CWE-122,CWE-121,1027,CWE-121,CWE-121
2,BIN_1611957,5992,CWE-122,CWE-122,CWE-121,1265,CWE-122,CWE-121
2,BIN_1620925,5814,CWE-122,CWE-122,CWE-121,1087,CWE-121,CWE-121
2,BIN_1649295,5994,CWE-122,CWE-122,CWE-121,1267,CWE-122,CWE-121
2,BIN_1658643,6013,CWE-122,CWE-122,CWE-121,1286,CWE-122,CWE-121
2,BIN_1668725,6812,CWE-122,CWE-122,CWE-121,2085,CWE-122,CWE-121
2,BIN_1677536,5053,CWE-122,CWE-122,CWE-121,326,CWE-121,CWE-121
2,BIN_1683774,7092,CWE-122,CWE-122,CWE-121,2365,CWE-122,CWE-121
2,BIN_1693371,6040,CWE-122,CWE-122,CWE-121,1313,CWE-121,CWE-121
2,BIN_1714399,5034,CWE-122,CWE-122,CWE-121,307,CWE-126,CWE-121
2,BIN_1730279,5339,CWE-122,CWE-122,CWE-121,612,CWE-121,CWE-121
2,BIN_1734505,5248,CWE-122,CWE-122,CWE-121,521,CWE-126,CWE-121
2,BIN_1744211,6332,CWE-122,CWE-122,CWE-121,1605,CWE-121,CWE-121
2,BIN_1749583,6714,CWE-122,CWE-122,CWE-121,1987,CWE-126,CWE-121
2,BIN_1764065,5524,CWE-122,CWE-122,CWE-121,797,CWE-121,CWE-121
2,BIN_1799704,6925,CWE-122,CWE-122,CWE-121,2198,CWE-122,CWE-121
2,BIN_1803923,5338,CWE-122,CWE-122,CWE-121,611,CWE-121,CWE-121
2,BIN_1807451,5868,CWE-122,CWE-122,CWE-121,1141,CWE-122,CWE-121
2,BIN_1820726,6762,CWE-122,CWE-122,CWE-121,2035,CWE-122,CWE-121
2,BIN_1834468,6784,CWE-122,CWE-122,CWE-121,2057,CWE-122,CWE-126
2,BIN_1853292,7199,CWE-122,CWE-122,CWE-121,2472,CWE-122,CWE-121
2,BIN_1866659,6135,CWE-122,CWE-122,CWE-121,1408,CWE-121,CWE-121
2,BIN_1869027,6010,CWE-122,CWE-122,CWE-121,1283,CWE-121,CWE-121
2,BIN_1879044,6301,CWE-122,CWE-122,CWE-121,1574,CWE-121,CWE-121
2,BIN_1894173,5948,CWE-122,CWE-122,CWE-121,1221,CWE-122,CWE-121
2,BIN_1910762,6056,CWE-122,CWE-122,CWE-121,1329,CWE-121,CWE-121
2,BIN_1933063,7117,CWE-122,CWE-122,CWE-121,2390,CWE-122,CWE-121
2,BIN_1934033,6900,CWE-122,CWE-122,CWE-121,2173,CWE-122,CWE-121
2,BIN_1942771,5099,CWE-122,CWE-122,CWE-121,372,CWE-126,CWE-121
2,BIN_1945579,6108,CWE-122,CWE-122,CWE-121,1381,CWE-122,CWE-126
2,BIN_1956589,5237,CWE-122,CWE-122,CWE-121,510,CWE-126,CWE-121
2,BIN_1966184,6483,CWE-122,CWE-122,CWE-121,1756,CWE-126,CWE-121
2,BIN_1981948,6964,CWE-122,CWE-122,CWE-121,2237,CWE-122,CWE-121
2,BIN_1998060,6974,CWE-122,CWE-122,CWE-121,2247,CWE-122,CWE-121
2,BIN_2001343,6949,CWE-122,CWE-122,CWE-121,2222,CWE-122,CWE-121
2,BIN_2003951,5715,CWE-122,CWE-122,CWE-121,988,CWE-122,CWE-121
2,BIN_2036373,5140,CWE-122,CWE-122,CWE-121,413,CWE-126,CWE-121
2,BIN_2059093,5003,CWE-122,CWE-122,CWE-121,276,CWE-126,CWE-126
2,BIN_2066435,6569,CWE-122,CWE-122,CWE-121,1842,CWE-126,CWE-121
2,BIN_2069473,6622,CWE-122,CWE-122,CWE-121,1895,CWE-126,CWE-121
2,BIN_2069883,5422,CWE-122,CWE-122,CWE-121,695,CWE-122,CWE-121
2,BIN_2073575,4955,CWE-122,CWE-122,CWE-121,228,CWE-122,CWE-122
2,BIN_2110203,6185,CWE-122,CWE-122,CWE-121,1458,CWE-121,CWE-121
2,BIN_2111672,6680,CWE-122,CWE-122,CWE-121,1953,CWE-126,CWE-121
2,BIN_2114752,6768,CWE-122,CWE-122,CWE-121,2041,CWE-122,CWE-121
2,BIN_2118506,6640,CWE-122,CWE-122,CWE-121,1913,CWE-122,CWE-121
2,BIN_2158139,5327,CWE-122,CWE-122,CWE-121,600,CWE-121,CWE-121
2,BIN_2176461,6051,CWE-122,CWE-122,CWE-121,1324,CWE-121,CWE-121
2,BIN_2178000,6485,CWE-122,CWE-122,CWE-121,1758,CWE-126,CWE-121
2,BIN_2191638,6577,CWE-122,CWE-122,CWE-121,1850,CWE-126,CWE-121
2,BIN_2197970,5749,CWE-122,CWE-122,CWE-121,1022,CWE-121,CWE-121
2,BIN_2212345,5805,CWE-122,CWE-122,CWE-121,1078,CWE-121,CWE-121
2,BIN_2277109,5152,CWE-122,CWE-122,CWE-121,425,CWE-126,CWE-121
2,BIN_2283793,6670,CWE-122,CWE-122,CWE-121,1943,CWE-126,CWE-121
2,BIN_2306383,5769,CWE-122,CWE-122,CWE-121,1042,CWE-121,CWE-121
2,BIN_2308106,4975,CWE-126,CWE-126,CWE-121,248,CWE-122,CWE-122
2,BIN_2317564,4954,CWE-126,CWE-126,CWE-121,227,CWE-122,CWE-122
2,BIN_2325008,5770,CWE-122,CWE-122,CWE-121,1043,CWE-121,CWE-121
2,BIN_2327080,6998,CWE-122,CWE-122,CWE-121,2271,CWE-122,CWE-121
2,BIN_2339225,5668,CWE-122,CWE-122,CWE-121,941,CWE-121,CWE-121
2,BIN_2356911,6303,CWE-122,CWE-122,CWE-121,1576,CWE-126,CWE-121
2,BIN_2357173,5853,CWE-122,CWE-122,CWE-121,1126,CWE-122,CWE-121
2,BIN_2360461,5415,CWE-122,CWE-122,CWE-121,688,CWE-122,CWE-121
2,BIN_2366858,5007,CWE-122,CWE-122,CWE-121,280,CWE-126,CWE-121
2,BIN_2367216,6637,CWE-122,CWE-122,CWE-121,1910,CWE-126,CWE-126
2,BIN_2389950,7209,CWE-122,CWE-122,CWE-121,2482,CWE-121,CWE-121
2,BIN_2429904,7206,CWE-122,CWE-122,CWE-121,2479,CWE-122,CWE-121
2,BIN_2465593,7151,CWE-122,CWE-122,CWE-121,2424,CWE-122,CWE-121
2,BIN_2465627,6101,CWE-122,CWE-122,CWE-121,1374,CWE-121,CWE-121
2,BIN_2492772,5802,CWE-122,CWE-122,CWE-121,1075,CWE-121,CWE-121
2,BIN_2495138,6675,CWE-122,CWE-122,CWE-121,1948,CWE-126,CWE-121
2,BIN_2495516,5189,CWE-122,CWE-122,CWE-121,462,CWE-126,CWE-126
2,BIN_2513058,6476,CWE-122,CWE-122,CWE-121,1749,CWE-126,CWE-121
2,BIN_2516403,5677,CWE-122,CWE-122,CWE-121,950,CWE-122,CWE-121
2,BIN_2517589,5525,CWE-122,CWE-122,CWE-121,798,CWE-122,CWE-121
2,BIN_2518872,5418,CWE-122,CWE-122,CWE-121,691,CWE-122,CWE-121
2,BIN_2531858,7145,CWE-122,CWE-122,CWE-121,2418,CWE-122,CWE-121
2,BIN_2586497,5182,CWE-122,CWE-122,CWE-121,455,CWE-126,CWE-126
2,BIN_2586737,6195,CWE-122,CWE-122,CWE-121,1468,CWE-121,CWE-121
2,BIN_2612370,7093,CWE-122,CWE-122,CWE-121,2366,CWE-122,CWE-121
2,BIN_2619366,5953,CWE-122,CWE-122,CWE-121,1226,CWE-122,CWE-121
2,BIN_2634328,5270,CWE-122,CWE-122,CWE-121,543,CWE-122,CWE-121
2,BIN_2642266,5867,CWE-122,CWE-122,CWE-121,1140,CWE-121,CWE-121
2,BIN_2643118,5773,CWE-122,CWE-122,CWE-121,1046,CWE-121,CWE-121
2,BIN_2671974,6375,CWE-122,CWE-122,CWE-121,1648,CWE-121,CWE-121
2,BIN_2701287,5857,CWE-122,CWE-122,CWE-121,1130,CWE-122,CWE-121
2,BIN_2704166,6662,CWE-122,CWE-122,CWE-121,1935,CWE-126,CWE-121
2,BIN_2705331,6054,CWE-122,CWE-122,CWE-121,1327,CWE-121,CWE-121
2,BIN_2706866,5625,CWE-122,CWE-122,CWE-121,898,CWE-121,CWE-121
2,BIN_2711275,5535,CWE-122,CWE-122,CWE-121,808,CWE-126,CWE-121
2,BIN_2741125,5376,CWE-122,CWE-122,CWE-121,649,CWE-122,CWE-121
2,BIN_2742106,7070,CWE-122,CWE-122,CWE-121,2343,CWE-121,CWE-121
2,BIN_2752525,5854,CWE-122,CWE-122,CWE-121,1127,CWE-122,CWE-121
2,BIN_2753060,5574,CWE-122,CWE-122,CWE-121,847,CWE-121,CWE-121
2,BIN_2758777,5956,CWE-122,CWE-122,CWE-121,1229,CWE-121,CWE-121
2,BIN_2773902,6382,CWE-122,CWE-122,CWE-121,1655,CWE-121,CWE-121
2,BIN_2777182,5661,CWE-122,CWE-122,CWE-121,934,CWE-122,CWE-121
2,BIN_2811640,6674,CWE-122,CWE-122,CWE-121,1947,CWE-126,CWE-121
2,BIN_2812389,5570,CWE-122,CWE-122,CWE-121,843,CWE-121,CWE-121
2,BIN_2827558,6495,CWE-122,CWE-122,CWE-121,1768,CWE-126,CWE-121
2,BIN_2841800,5523,CWE-122,CWE-122,CWE-121,796,CWE-122,CWE-121
2,BIN_2863604,5915,CWE-122,CWE-122,CWE-121,1188,CWE-121,CWE-121
2,BIN_2871693,5130,CWE-122,CWE-122,CWE-121,403,CWE-126,CWE-121
2,BIN_2886650,6712,CWE-122,CWE-122,CWE-121,1985,CWE-126,CWE-121
2,BIN_2890346,4967,CWE-122,CWE-122,CWE-121,240,CWE-122,CWE-122
2,BIN_2891149,7216,CWE-122,CWE-122,CWE-121,2489,CWE-122,CWE-126
2,BIN_2909581,6969,CWE-122,CWE-122,CWE-121,2242,CWE-122,CWE-121
2,BIN_2926315,5560,CWE-122,CWE-122,CWE-121,833,CWE-121,CWE-121
2,BIN_2936408,5370,CWE-122,CWE-122,CWE-121,643,CWE-122,CWE-121
2,BIN_2949104,6482,CWE-122,CWE-122,CWE-121,1755,CWE-126,CWE-121
2,BIN_2993958,6725,CWE-122,CWE-122,CWE-121,1998,CWE-126,CWE-121
2,BIN_3002619,5894,CWE-122,CWE-122,CWE-121,1167,CWE-122,CWE-121
2,BIN_3012468,5037,CWE-122,CWE-122,CWE-121,310,CWE-126,CWE-121
2,BIN_3013191,6829,CWE-122,CWE-122,CWE-121,2102,CWE-122,CWE-121
2,BIN_3015630,5178,CWE-122,CWE-122,CWE-121,451,CWE-126,CWE-126
2,BIN_3018078,7000,CWE-122,CWE-122,CWE-121,2273,CWE-122,CWE-121
2,BIN_3033706,6153,CWE-122,CWE-122,CWE-121,1426,CWE-121,CWE-121
2,BIN_3047927,5274,CWE-122,CWE-122,CWE-121,547,CWE-122,CWE-121
2,BIN_3057542,5273,CWE-122,CWE-122,CWE-121,546,CWE-122,CWE-121
2,BIN_3067531,5509,CWE-122,CWE-122,CWE-121,782,CWE-122,CWE-121
2,BIN_3073305,6971,CWE-122,CWE-122,CWE-121,2244,CWE-122,CWE-121
2,BIN_3097698,6858,CWE-122,CWE-122,CWE-121,2131,CWE-122,CWE-121
2,BIN_3101393,5864,CWE-122,CWE-122,CWE-121,1137,CWE-121,CWE-121
2,BIN_3101461,6044,CWE-122,CWE-122,CWE-121,1317,CWE-121,CWE-121
2,BIN_3104038,5674,CWE-122,CWE-122,CWE-121,947,CWE-122,CWE-121
2,BIN_3129690,6810,CWE-122,CWE-122,CWE-121,2083,CWE-122,CWE-121
2,BIN_3148000,5818,CWE-122,CWE-122,CWE-121,1091,CWE-121,CWE-121
2,BIN_3155265,4948,CWE-126,CWE-126,CWE-121,221,CWE-122,CWE-122
2,BIN_3163724,5033,CWE-122,CWE-122,CWE-121,306,CWE-126,CWE-121
2,BIN_3164615,6388,CWE-122,CWE-122,CWE-121,1661,CWE-121,CWE-121
2,BIN_3185813,5041,CWE-122,CWE-122,CWE-121,314,CWE-126,CWE-121
2,BIN_3196572,5960,CWE-122,CWE-122,CWE-121,1233,CWE-121,CWE-121
2,BIN_3205541,5852,CWE-122,CWE-122,CWE-121,1125,CWE-122,CWE-121
2,BIN_3235485,6628,CWE-122,CWE-122,CWE-121,1901,CWE-126,CWE-121
2,BIN_3238667,5436,CWE-122,CWE-122,CWE-121,709,CWE-122,CWE-126
2,BIN_3242294,5390,CWE-122,CWE-122,CWE-121,663,CWE-122,CWE-121
2,BIN_3243416,6615,CWE-122,CWE-122,CWE-121,1888,CWE-126,CWE-121
2,BIN_3252892,6853,CWE-122,CWE-122,CWE-121,2126,CWE-122,CWE-121
2,BIN_3252988,6571,CWE-122,CWE-122,CWE-121,1844,CWE-126,CWE-121
2,BIN_3254462,6399,CWE-122,CWE-122,CWE-121,1672,CWE-126,CWE-121
2,BIN_3262607,6285,CWE-122,CWE-122,CWE-121,1558,CWE-121,CWE-121
2,BIN_3277066,4979,CWE-122,CWE-122,CWE-121,252,CWE-126,CWE-126
2,BIN_3294095,5377,CWE-122,CWE-122,CWE-121,650,CWE-122,CWE-121
2,BIN_3294476,5328,CWE-122,CWE-122,CWE-121,601,CWE-121,CWE-121
2,BIN_3295339,6281,CWE-122,CWE-122,CWE-121,1554,CWE-121,CWE-121
2,BIN_3327546,5871,CWE-122,CWE-122,CWE-121,1144,CWE-126,CWE-121
2,BIN_3332500,6302,CWE-122,CWE-122,CWE-121,1575,CWE-121,CWE-121
2,BIN_3333959,7053,CWE-122,CWE-122,CWE-121,2326,CWE-121,CWE-121
2,BIN_3347258,5474,CWE-122,CWE-122,CWE-121,747,CWE-122,CWE-121
2,BIN_3351929,5813,CWE-122,CWE-122,CWE-121,1086,CWE-121,CWE-121
2,BIN_3364127,5296,CWE-122,CWE-122,CWE-121,569,CWE-122,CWE-126
2,BIN_3372387,7107,CWE-122,CWE-122,CWE-121,2380,CWE-122,CWE-121
2,BIN_3387246,6624,CWE-122,CWE-122,CWE-121,1897,CWE-126,CWE-121
2,BIN_3394259,6193,CWE-122,CWE-122,CWE-121,1466,CWE-121,CWE-121
2,BIN_3416280,6150,CWE-122,CWE-122,CWE-121,1423,CWE-121,CWE-121
2,BIN_3424554,7055,CWE-122,CWE-122,CWE-121,2328,CWE-121,CWE-121
2,BIN_3446980,6625,CWE-122,CWE-122,CWE-121,1898,CWE-126,CWE-121
2,BIN_3451962,6093,CWE-122,CWE-122,CWE-121,1366,CWE-121,CWE-121
2,BIN_3465977,6228,CWE-122,CWE-122,CWE-121,1501,CWE-121,CWE-121
2,BIN_3480476,6926,CWE-122,CWE-122,CWE-121,2199,CWE-122,CWE-121
2,BIN_3485855,4958,CWE-122,CWE-122,CWE-121,231,CWE-122,CWE-122
2,BIN_3503754,6245,CWE-122,CWE-122,CWE-121,1518,CWE-121,CWE-121
2,BIN_3520362,5200,CWE-122,CWE-122,CWE-121,473,CWE-126,CWE-126
2,BIN_3542991,7064,CWE-122,CWE-122,CWE-121,2337,CWE-121,CWE-121
2,BIN_3546650,4998,CWE-122,CWE-122,CWE-121,271,CWE-126,CWE-121
2,BIN_3579849,5054,CWE-122,CWE-122,CWE-121,327,CWE-121,CWE-121
2,BIN_3583981,5510,CWE-122,CWE-122,CWE-121,783,CWE-122,CWE-121
2,BIN_3584712,5193,CWE-122,CWE-122,CWE-121,466,CWE-121,CWE-126
2,BIN_3603819,6733,CWE-122,CWE-122,CWE-121,2006,CWE-126,CWE-121
2,BIN_3609878,6677,CWE-122,CWE-122,CWE-121,1950,CWE-126,CWE-121
2,BIN_3614675,6379,CWE-122,CWE-122,CWE-121,1652,CWE-121,CWE-121
2,BIN_3627551,6486,CWE-122,CWE-122,CWE-121,1759,CWE-126,CWE-121
2,BIN_3628172,6915,CWE-122,CWE-122,CWE-121,2188,CWE-122,CWE-121
2,BIN_3641473,5378,CWE-122,CWE-122,CWE-121,651,CWE-122,CWE-121
2,BIN_3667325,6621,CWE-122,CWE-122,CWE-121,1894,CWE-126,CWE-121
2,BIN_3670623,6280,CWE-122,CWE-122,CWE-121,1553,CWE-121,CWE-121
2,BIN_3672596,6005,CWE-122,CWE-122,CWE-121,1278,CWE-122,CWE-121
2,BIN_3679602,7049,CWE-122,CWE-122,CWE-121,2322,CWE-121,CWE-121
2,BIN_3696882,6713,CWE-122,CWE-122,CWE-121,1986,CWE-126,CWE-121
2,BIN_3699690,6429,CWE-122,CWE-122,CWE-121,1702,CWE-121,CWE-121
2,BIN_3703700,5097,CWE-122,CWE-122,CWE-121,370,CWE-121,CWE-121
2,BIN_3712224,6922,CWE-122,CWE-122,CWE-121,2195,CWE-122,CWE-121
2,BIN_3714608,5618,CWE-122,CWE-122,CWE-121,891,CWE-122,CWE-121
2,BIN_3724702,5564,CWE-122,CWE-122,CWE-121,837,CWE-121,CWE-121
2,BIN_3741859,4944,CWE-126,CWE-126,CWE-121,217,CWE-122,CWE-122
2,BIN_3757806,5718,CWE-122,CWE-122,CWE-121,991,CWE-122,CWE-121
2,BIN_3758294,6820,CWE-122,CWE-122,CWE-121,2093,CWE-122,CWE-121
2,BIN_3764403,5044,CWE-122,CWE-122,CWE-121,317,CWE-121,CWE-121
2,BIN_3772631,4915,CWE-126,CWE-126,CWE-121,188,CWE-121,CWE-126
2,BIN_3786510,5534,CWE-122,CWE-122,CWE-121,807,CWE-122,CWE-121
2,BIN_3811303,6635,CWE-122,CWE-122,CWE-121,1908,CWE-126,CWE-121
2,BIN_3812170,7017,CWE-122,CWE-122,CWE-121,2290,CWE-122,CWE-121
2,BIN_3813823,6806,CWE-122,CWE-122,CWE-121,2079,CWE-122,CWE-121
2,BIN_3830335,6293,CWE-122,CWE-122,CWE-121,1566,CWE-121,CWE-121
2,BIN_3854160,5092,CWE-122,CWE-122,CWE-121,365,CWE-126,CWE-121
2,BIN_3860426,5244,CWE-122,CWE-122,CWE-121,517,CWE-126,CWE-126
2,BIN_3862175,6524,CWE-122,CWE-122,CWE-121,1797,CWE-126,CWE-121
2,BIN_3866169,7096,CWE-122,CWE-122,CWE-121,2369,CWE-122,CWE-121
2,BIN_3873280,5187,CWE-122,CWE-122,CWE-121,460,CWE-126,CWE-126
2,BIN_3878738,6344,CWE-122,CWE-122,CWE-121,1617,CWE-121,CWE-121
2,BIN_3878802,6711,CWE-122,CWE-122,CWE-121,1984,CWE-126,CWE-121
2,BIN_3896932,6154,CWE-122,CWE-122,CWE-121,1427,CWE-121,CWE-121
2,BIN_3926681,6086,CWE-122,CWE-122,CWE-121,1359,CWE-121,CWE-121
2,BIN_3942402,6814,CWE-122,CWE-122,CWE-121,2087,CWE-122,CWE-121
2,BIN_3968945,7193,CWE-122,CWE-122,CWE-121,2466,CWE-122,CWE-121
2,BIN_3988158,5186,CWE-122,CWE-122,CWE-121,459,CWE-126,CWE-126
2,BIN_4000716,6907,CWE-122,CWE-122,CWE-121,2180,CWE-122,CWE-121
2,BIN_4015146,5845,CWE-122,CWE-122,CWE-121,1118,CWE-122,CWE-121
2,BIN_4017574,5051,CWE-122,CWE-122,CWE-121,324,CWE-126,CWE-121
2,BIN_4021901,6590,CWE-122,CWE-122,CWE-121,1863,CWE-126,CWE-121
2,BIN_4031455,6869,CWE-122,CWE-122,CWE-121,2142,CWE-122,CWE-121
2,BIN_4032433,6613,CWE-122,CWE-122,CWE-121,1886,CWE-126,CWE-121
2,BIN_4063814,6570,CWE-122,CWE-122,CWE-121,1843,CWE-126,CWE-121
2,BIN_4100816,6718,CWE-122,CWE-122,CWE-121,1991,CWE-126,CWE-121
2,BIN_4124799,6094,CWE-122,CWE-122,CWE-121,1367,CWE-121,CWE-121
2,BIN_4141033,6090,CWE-122,CWE-122,CWE-121,1363,CWE-121,CWE-121
2,BIN_4155341,6335,CWE-122,CWE-122,CWE-121,1608,CWE-121,CWE-121
2,BIN_4160634,6523,CWE-122,CWE-122,CWE-121,1796,CWE-126,CWE-121
2,BIN_4162446,5468,CWE-122,CWE-122,CWE-121,741,CWE-122,CWE-121
2,BIN_4170058,6867,CWE-122,CWE-122,CWE-121,2140,CWE-122,CWE-121
2,BIN_4213355,5320,CWE-122,CWE-122,CWE-121,593,CWE-121,CWE-121
2,BIN_4220692,6518,CWE-122,CWE-122,CWE-121,1791,CWE-126,CWE-121
2,BIN_4225866,7118,CWE-122,CWE-122,CWE-121,2391,CWE-122,CWE-121
2,BIN_4230228,6062,CWE-122,CWE-122,CWE-121,1335,CWE-121,CWE-121
2,BIN_4230450,5526,CWE-122,CWE-122,CWE-121,799,CWE-122,CWE-121
2,BIN_4251166,5466,CWE-122,CWE-122,CWE-121,739,CWE-122,CWE-121
2,BIN_4261644,5005,CWE-122,CWE-122,CWE-121,278,CWE-121,CWE-121
2,BIN_4274515,6880,CWE-122,CWE-122,CWE-121,2153,CWE-122,CWE-126
2,BIN_4288050,5995,CWE-122,CWE-122,CWE-121,1268,CWE-122,CWE-121
2,BIN_4288433,5605,CWE-122,CWE-122,CWE-121,878,CWE-122,CWE-121
2,BIN_4292121,5277,CWE-122,CWE-122,CWE-121,550,CWE-122,CWE-121
2,BIN_4311542,6526,CWE-122,CWE-122,CWE-121,1799,CWE-126,CWE-121
2,BIN_4311758,5819,CWE-122,CWE-122,CWE-121,1092,CWE-121,CWE-121
2,BIN_4311999,5226,CWE-122,CWE-122,CWE-121,499,CWE-126,CWE-121
2,BIN_4319209,6723,CWE-122,CWE-122,CWE-121,1996,CWE-126,CWE-121
2,BIN_4319398,7005,CWE-122,CWE-122,CWE-121,2278,CWE-122,CWE-121
2,BIN_4335815,5652,CWE-122,CWE-122,CWE-121,925,CWE-122,CWE-121
2,BIN_4378784,6543,CWE-122,CWE-122,CWE-121,1816,CWE-126,CWE-121
2,BIN_4410861,5771,CWE-122,CWE-122,CWE-121,1044,CWE-121,CWE-121
2,BIN_4412923,6623,CWE-122,CWE-122,CWE-121,1896,CWE-126,CWE-121
2,BIN_4418650,5197,CWE-122,CWE-122,CWE-121,470,CWE-121,CWE-121
2,BIN_4425161,6392,CWE-122,CWE-122,CWE-121,1665,CWE-121,CWE-121
2,BIN_4428232,5176,CWE-122,CWE-122,CWE-121,449,CWE-126,CWE-126
2,BIN_4429869,6866,CWE-122,CWE-122,CWE-121,2139,CWE-122,CWE-121
2,BIN_4444540,7022,CWE-122,CWE-122,CWE-121,2295,CWE-122,CWE-121
2,BIN_4468888,6300,CWE-122,CWE-122,CWE-121,1573,CWE-122,CWE-126
2,BIN_4485257,4976,CWE-122,CWE-122,CWE-121,249,CWE-122,CWE-126
2,BIN_4486942,6636,CWE-122,CWE-122,CWE-121,1909,CWE-122,CWE-121
2,BIN_4507610,5900,CWE-122,CWE-122,CWE-121,1173,CWE-122,CWE-121
2,BIN_4513779,5807,CWE-122,CWE-122,CWE-121,1080,CWE-121,CWE-121
2,BIN_4521570,6474,CWE-122,CWE-122,CWE-121,1747,CWE-126,CWE-121
2,BIN_4535185,5670,CWE-122,CWE-122,CWE-121,943,CWE-122,CWE-121
2,BIN_4548435,5608,CWE-122,CWE-122,CWE-121,881,CWE-122,CWE-121
2,BIN_4548608,5488,CWE-122,CWE-122,CWE-121,761,CWE-122,CWE-126
2,BIN_4561751,6276,CWE-122,CWE-122,CWE-121,1549,CWE-121,CWE-121
2,BIN_4571896,7001,CWE-122,CWE-122,CWE-121,2274,CWE-122,CWE-121
2,BIN_4577239,5284,CWE-122,CWE-122,CWE-121,557,CWE-122,CWE-121
2,BIN_4577870,5772,CWE-122,CWE-122,CWE-121,1045,CWE-122,CWE-121
2,BIN_4602937,6385,CWE-122,CWE-122,CWE-121,1658,CWE-121,CWE-121
2,BIN_4617918,5091,CWE-122,CWE-122,CWE-121,364,CWE-126,CWE-121
2,BIN_4621037,6710,CWE-122,CWE-122,CWE-121,1983,CWE-126,CWE-121
2,BIN_4621222,7024,CWE-122,CWE-122,CWE-121,2297,CWE-122,CWE-126
2,BIN_4627060,6189,CWE-122,CWE-122,CWE-121,1462,CWE-121,CWE-121
2,BIN_4628035,5416,CWE-122,CWE-122,CWE-121,689,CWE-122,CWE-121
2,BIN_4655354,6872,CWE-122,CWE-122,CWE-121,2145,CWE-122,CWE-121
2,BIN_4660012,5662,CWE-122,CWE-122,CWE-121,935,CWE-122,CWE-121
2,BIN_4669139,7014,CWE-122,CWE-122,CWE-121,2287,CWE-122,CWE-121
2,BIN_4688966,5269,CWE-122,CWE-122,CWE-121,542,CWE-122,CWE-121
2,BIN_4705713,5724,CWE-122,CWE-122,CWE-121,997,CWE-122,CWE-126
2,BIN_4709133,6237,CWE-122,CWE-122,CWE-121,1510,CWE-121,CWE-121
2,BIN_4711650,6614,CWE-122,CWE-122,CWE-121,1887,CWE-126,CWE-121
2,BIN_4734088,4997,CWE-122,CWE-122,CWE-121,270,CWE-126,CWE-126
2,BIN_4737659,5763,CWE-122,CWE-122,CWE-121,1036,CWE-121,CWE-121
2,BIN_4745856,5893,CWE-122,CWE-122,CWE-121,1166,CWE-122,CWE-121
2,BIN_4756961,5610,CWE-122,CWE-122,CWE-121,883,CWE-122,CWE-121
2,BIN_4779903,5654,CWE-122,CWE-122,CWE-121,927,CWE-122,CWE-121
2,BIN_4782810,5043,CWE-122,CWE-122,CWE-121,316,CWE-126,CWE-121
2,BIN_4790582,6091,CWE-122,CWE-122,CWE-121,1364,CWE-121,CWE-121
2,BIN_4811189,7152,CWE-122,CWE-122,CWE-121,2425,CWE-122,CWE-121
2,BIN_4824557,6918,CWE-122,CWE-122,CWE-121,2191,CWE-122,CWE-121
2,BIN_4839161,6999,CWE-122,CWE-122,CWE-121,2272,CWE-122,CWE-121
2,BIN_4850010,6668,CWE-122,CWE-122,CWE-121,1941,CWE-126,CWE-121
2,BIN_4857580,5612,CWE-122,CWE-122,CWE-121,885,CWE-122,CWE-121
2,BIN_4878558,7141,CWE-122,CWE-122,CWE-121,2414,CWE-122,CWE-121
2,BIN_4886411,6529,CWE-122,CWE-122,CWE-121,1802,CWE-126,CWE-121
2,BIN_4887578,6290,CWE-122,CWE-122,CWE-121,1563,CWE-121,CWE-121
2,BIN_4889136,6468,CWE-122,CWE-122,CWE-121,1741,CWE-126,CWE-121
2,BIN_4896253,5472,CWE-122,CWE-122,CWE-121,745,CWE-122,CWE-121
2,BIN_4900909,5035,CWE-122,CWE-122,CWE-121,308,CWE-126,CWE-121
2,BIN_4911498,5094,CWE-122,CWE-122,CWE-121,367,CWE-126,CWE-126
2,BIN_4917938,6817,CWE-122,CWE-122,CWE-121,2090,CWE-122,CWE-121
2,BIN_4928264,6612,CWE-122,CWE-122,CWE-121,1885,CWE-126,CWE-121
2,BIN_4943245,6771,CWE-122,CWE-122,CWE-121,2044,CWE-122,CWE-121
2,BIN_4946142,5663,CWE-122,CWE-122,CWE-121,936,CWE-122,CWE-121
2,BIN_4964648,6678,CWE-122,CWE-122,CWE-121,1951,CWE-126,CWE-121
2,BIN_4990946,5520,CWE-122,CWE-122,CWE-121,793,CWE-122,CWE-121
2,BIN_5013014,6374,CWE-122,CWE-122,CWE-121,1647,CWE-121,CWE-121
2,BIN_5017840,5055,CWE-122,CWE-122,CWE-121,328,CWE-121,CWE-121
2,BIN_5024356,5325,CWE-122,CWE-122,CWE-121,598,CWE-121,CWE-121
2,BIN_5058535,6433,CWE-122,CWE-122,CWE-121,1706,CWE-121,CWE-121
2,BIN_5069209,5238,CWE-122,CWE-122,CWE-121,511,CWE-126,CWE-126
2,BIN_5083955,6968,CWE-122,CWE-122,CWE-121,2241,CWE-122,CWE-121
2,BIN_5090959,5942,CWE-122,CWE-122,CWE-121,1215,CWE-122,CWE-121
2,BIN_5146272,5278,CWE-122,CWE-122,CWE-121,551,CWE-122,CWE-121
2,BIN_5186093,4920,CWE-126,CWE-126,CWE-121,193,CWE-121,CWE-126
2,BIN_5187056,6772,CWE-122,CWE-122,CWE-121,2045,CWE-121,CWE-121
2,BIN_5207054,5080,CWE-122,CWE-122,CWE-121,353,CWE-126,CWE-121
2,BIN_5238470,5949,CWE-122,CWE-122,CWE-121,1222,CWE-122,CWE-121
2,BIN_5261886,6862,CWE-122,CWE-122,CWE-121,2135,CWE-122,CWE-121
2,BIN_5297647,6235,CWE-122,CWE-122,CWE-121,1508,CWE-121,CWE-121
2,BIN_5300960,7046,CWE-122,CWE-122,CWE-121,2319,CWE-121,CWE-121
2,BIN_5355427,5614,CWE-122,CWE-122,CWE-121,887,CWE-122,CWE-121
2,BIN_5356629,5561,CWE-122,CWE-122,CWE-121,834,CWE-121,CWE-121
2,BIN_5364437,5776,CWE-122,CWE-122,CWE-121,1049,CWE-122,CWE-121
2,BIN_5366456,6492,CWE-122,CWE-122,CWE-121,1765,CWE-122,CWE-121
2,BIN_5381674,5950,CWE-122,CWE-122,CWE-121,1223,CWE-122,CWE-121
2,BIN_5390820,4988,CWE-122,CWE-122,CWE-121,261,CWE-126,CWE-126
2,BIN_5397102,7047,CWE-122,CWE-122,CWE-121,2320,CWE-121,CWE-121
2,BIN_5413653,7213,CWE-122,CWE-122,CWE-121,2486,CWE-122,CWE-121
2,BIN_5413828,4947,CWE-126,CWE-126,CWE-121,220,CWE-122,CWE-122
2,BIN_5420752,5943,CWE-122,CWE-122,CWE-121,1216,CWE-122,CWE-121
2,BIN_5426825,5131,CWE-122,CWE-122,CWE-121,404,CWE-126,CWE-121
2,BIN_5430274,5222,CWE-122,CWE-122,CWE-121,495,CWE-126,CWE-121
2,BIN_5432009,5247,CWE-122,CWE-122,CWE-121,520,CWE-126,CWE-126
2,BIN_5444762,6863,CWE-122,CWE-122,CWE-121,2136,CWE-122,CWE-121
2,BIN_5475906,4991,CWE-122,CWE-122,CWE-121,264,CWE-126,CWE-126
2,BIN_5485243,6437,CWE-122,CWE-122,CWE-121,1710,CWE-121,CWE-121
2,BIN_5486685,6780,CWE-122,CWE-122,CWE-121,2053,CWE-122,CWE-126
2,BIN_5487259,6048,CWE-122,CWE-122,CWE-121,1321,CWE-121,CWE-121
2,BIN_5493288,5678,CWE-122,CWE-122,CWE-121,951,CWE-122,CWE-121
2,BIN_5516038,5103,CWE-122,CWE-122,CWE-121,376,CWE-126,CWE-126
2,BIN_5526123,6243,CWE-122,CWE-122,CWE-121,1516,CWE-121,CWE-121
2,BIN_5539522,5565,CWE-122,CWE-122,CWE-121,838,CWE-121,CWE-121
2,BIN_5547386,5897,CWE-122,CWE-122,CWE-121,1170,CWE-122,CWE-121
2,BIN_5559695,5898,CWE-122,CWE-122,CWE-121,1171,CWE-122,CWE-121
2,BIN_5562001,5291,CWE-122,CWE-122,CWE-121,564,CWE-121,CWE-121
2,BIN_5566349,6972,CWE-122,CWE-122,CWE-121,2245,CWE-122,CWE-126
2,BIN_5575274,6902,CWE-122,CWE-122,CWE-121,2175,CWE-122,CWE-121
2,BIN_5584379,5804,CWE-122,CWE-122,CWE-121,1077,CWE-121,CWE-121
2,BIN_5588894,5149,CWE-122,CWE-122,CWE-121,422,CWE-121,CWE-121
2,BIN_5599121,5844,CWE-122,CWE-122,CWE-121,1117,CWE-122,CWE-121
2,BIN_5602016,5810,CWE-122,CWE-122,CWE-121,1083,CWE-121,CWE-121
2,BIN_5602114,6389,CWE-122,CWE-122,CWE-121,1662,CWE-121,CWE-121
2,BIN_5608052,5190,CWE-122,CWE-122,CWE-121,463,CWE-126,CWE-126
2,BIN_5633642,5477,CWE-122,CWE-122,CWE-121,750,CWE-122,CWE-121
2,BIN_5671478,5052,CWE-122,CWE-122,CWE-121,325,CWE-126,CWE-126
2,BIN_5676817,4957,CWE-122,CWE-122,CWE-121,230,CWE-122,CWE-122
2,BIN_5692531,6156,CWE-122,CWE-122,CWE-121,1429,CWE-122,CWE-126
2,BIN_5692768,7052,CWE-122,CWE-122,CWE-121,2325,CWE-121,CWE-121
2,BIN_5701423,7143,CWE-122,CWE-122,CWE-121,2416,CWE-122,CWE-121
2,BIN_5709444,5382,CWE-122,CWE-122,CWE-121,655,CWE-122,CWE-121
2,BIN_5709605,5462,CWE-122,CWE-122,CWE-121,735,CWE-122,CWE-121
2,BIN_5721382,6284,CWE-122,CWE-122,CWE-121,1557,CWE-121,CWE-121
2,BIN_5740953,6160,CWE-122,CWE-122,CWE-121,1433,CWE-122,CWE-126
2,BIN_5741728,5712,CWE-122,CWE-122,CWE-121,985,CWE-122,CWE-121
2,BIN_5749933,6665,CWE-122,CWE-122,CWE-121,1938,CWE-126,CWE-121
2,BIN_5756942,6961,CWE-122,CWE-122,CWE-121,2234,CWE-122,CWE-121
2,BIN_5762697,6731,CWE-122,CWE-122,CWE-121,2004,CWE-126,CWE-121
2,BIN_5794434,5573,CWE-122,CWE-122,CWE-121,846,CWE-121,CWE-121
2,BIN_5794818,6660,CWE-122,CWE-122,CWE-121,1933,CWE-126,CWE-121
2,BIN_5804140,6805,CWE-122,CWE-122,CWE-121,2078,CWE-122,CWE-121
2,BIN_5820480,6446,CWE-122,CWE-122,CWE-121,1719,CWE-121,CWE-121
2,BIN_5861769,6434,CWE-122,CWE-122,CWE-121,1707,CWE-121,CWE-121
2,BIN_5866049,6480,CWE-122,CWE-122,CWE-121,1753,CWE-126,CWE-121
2,BIN_5881688,7099,CWE-122,CWE-122,CWE-121,2372,CWE-122,CWE-121
2,BIN_5882806,6049,CWE-122,CWE-122,CWE-121,1322,CWE-121,CWE-121
2,BIN_5895479,6000,CWE-122,CWE-122,CWE-121,1273,CWE-122,CWE-121
2,BIN_5898123,5536,CWE-122,CWE-122,CWE-121,809,CWE-122,CWE-126
2,BIN_5905555,6951,CWE-122,CWE-122,CWE-121,2224,CWE-122,CWE-121
2,BIN_5922006,5869,CWE-122,CWE-122,CWE-121,1142,CWE-122,CWE-121
2,BIN_5928361,5371,CWE-122,CWE-122,CWE-121,644,CWE-122,CWE-121
2,BIN_5940507,5861,CWE-122,CWE-122,CWE-121,1134,CWE-122,CWE-121
2,BIN_5944220,5125,CWE-122,CWE-122,CWE-121,398,CWE-121,CWE-121
2,BIN_5949973,6855,CWE-122,CWE-122,CWE-121,2128,CWE-122,CWE-121
2,BIN_5981098,6760,CWE-122,CWE-122,CWE-121,2033,CWE-122,CWE-121
2,BIN_5998118,5045,CWE-122,CWE-122,CWE-121,318,CWE-126,CWE-121
2,BIN_6019454,7003,CWE-122,CWE-122,CWE-121,2276,CWE-122,CWE-121
2,BIN_6029066,6004,CWE-122,CWE-122,CWE-121,1277,CWE-121,CWE-121
2,BIN_6052558,6639,CWE-122,CWE-122,CWE-121,1912,CWE-126,CWE-121
2,BIN_6064493,6807,CWE-122,CWE-122,CWE-121,2080,CWE-122,CWE-121
2,BIN_6078409,6242,CWE-122,CWE-122,CWE-121,1515,CWE-121,CWE-121
2,BIN_6113109,5372,CWE-122,CWE-122,CWE-121,645,CWE-122,CWE-121
2,BIN_6114566,6685,CWE-122,CWE-122,CWE-121,1958,CWE-126,CWE-121
2,BIN_6121037,6111,CWE-122,CWE-122,CWE-121,1384,CWE-126,CWE-121
2,BIN_6122216,6575,CWE-122,CWE-122,CWE-121,1848,CWE-126,CWE-121
2,BIN_6123550,5913,CWE-122,CWE-122,CWE-121,1186,CWE-121,CWE-121
2,BIN_6158187,5142,CWE-122,CWE-122,CWE-121,415,CWE-126,CWE-126
2,BIN_6181371,5816,CWE-122,CWE-122,CWE-121,1089,CWE-121,CWE-121
2,BIN_6226087,5903,CWE-122,CWE-122,CWE-121,1176,CWE-122,CWE-121
2,BIN_6258503,5241,CWE-122,CWE-122,CWE-121,514,CWE-121,CWE-121
2,BIN_6259703,7051,CWE-122,CWE-122,CWE-121,2324,CWE-121,CWE-121
2,BIN_6277642,7202,CWE-122,CWE-122,CWE-121,2475,CWE-122,CWE-121
2,BIN_6283205,6347,CWE-122,CWE-122,CWE-121,1620,CWE-121,CWE-121
2,BIN_6297907,5902,CWE-122,CWE-122,CWE-121,1175,CWE-122,CWE-121
2,BIN_6300779,7195,CWE-122,CWE-122,CWE-121,2468,CWE-122,CWE-121
2,BIN_6339089,6147,CWE-122,CWE-122,CWE-121,1420,CWE-121,CWE-121
2,BIN_6340889,6472,CWE-122,CWE-122,CWE-121,1745,CWE-126,CWE-121
2,BIN_6349108,5473,CWE-122,CWE-122,CWE-121,746,CWE-122,CWE-121
2,BIN_6351296,5521,CWE-122,CWE-122,CWE-121,794,CWE-122,CWE-121
2,BIN_6356599,7019,CWE-122,CWE-122,CWE-121,2292,CWE-122,CWE-121
2,BIN_6365556,5846,CWE-122,CWE-122,CWE-121,1119,CWE-122,CWE-121
2,BIN_6389835,5225,CWE-122,CWE-122,CWE-121,498,CWE-126,CWE-121
2,BIN_6418582,6736,CWE-122,CWE-122,CWE-121,2009,CWE-122,CWE-121
2,BIN_6426002,5228,CWE-122,CWE-122,CWE-121,501,CWE-121,CWE-121
2,BIN_6427524,5483,CWE-122,CWE-122,CWE-121,756,CWE-121,CWE-121
2,BIN_6431228,6157,CWE-122,CWE-122,CWE-121,1430,CWE-121,CWE-121
2,BIN_6440321,7188,CWE-122,CWE-122,CWE-121,2461,CWE-122,CWE-121
2,BIN_6440355,4965,CWE-126,CWE-126,CWE-121,238,CWE-122,CWE-122
2,BIN_6481016,5657,CWE-122,CWE-122,CWE-121,930,CWE-122,CWE-121
2,BIN_6483478,6673,CWE-122,CWE-122,CWE-121,1946,CWE-126,CWE-121
2,BIN_6484564,5076,CWE-122,CWE-122,CWE-121,349,CWE-126,CWE-121
2,BIN_6487224,6827,CWE-122,CWE-122,CWE-121,2100,CWE-122,CWE-121
2,BIN_6493055,4978,CWE-126,CWE-126,CWE-121,251,CWE-122,CWE-126
2,BIN_6504243,5702,CWE-122,CWE-122,CWE-121,975,CWE-122,CWE-121
2,BIN_6527935,5797,CWE-122,CWE-122,CWE-121,1070,CWE-121,CWE-121
2,BIN_6536170,6190,CWE-122,CWE-122,CWE-121,1463,CWE-121,CWE-121
2,BIN_6537653,6776,CWE-122,CWE-122,CWE-121,2049,CWE-121,CWE-121
2,BIN_6540658,5809,CWE-122,CWE-122,CWE-121,1082,CWE-121,CWE-121
2,BIN_6561435,6232,CWE-122,CWE-122,CWE-121,1505,CWE-121,CWE-121
2,BIN_6586338,5847,CWE-122,CWE-122,CWE-121,1120,CWE-122,CWE-121
2,BIN_6604424,6386,CWE-122,CWE-122,CWE-121,1659,CWE-121,CWE-121
2,BIN_6621089,5082,CWE-122,CWE-122,CWE-121,355,CWE-126,CWE-121
2,BIN_6643171,5762,CWE-122,CWE-122,CWE-121,1035,CWE-121,CWE-121
2,BIN_6676079,5557,CWE-122,CWE-122,CWE-121,830,CWE-121,CWE-121
2,BIN_6685372,6009,CWE-122,CWE-122,CWE-121,1282,CWE-121,CWE-121
2,BIN_6688707,5461,CWE-122,CWE-122,CWE-121,734,CWE-122,CWE-121
2,BIN_6692141,5126,CWE-122,CWE-122,CWE-121,399,CWE-121,CWE-121
2,BIN_6704539,5098,CWE-122,CWE-122,CWE-121,371,CWE-121,CWE-121
2,BIN_6719524,6764,CWE-122,CWE-122,CWE-121,2037,CWE-122,CWE-121
2,BIN_6722879,6279,CWE-122,CWE-122,CWE-121,1552,CWE-121,CWE-121
2,BIN_6750516,5184,CWE-122,CWE-122,CWE-121,457,CWE-126,CWE-126
2,BIN_6791570,6681,CWE-122,CWE-122,CWE-121,1954,CWE-126,CWE-121
2,BIN_6800986,5463,CWE-122,CWE-122,CWE-121,736,CWE-122,CWE-121
2,BIN_6852016,5571,CWE-122,CWE-122,CWE-121,844,CWE-121,CWE-121
2,BIN_6864243,6329,CWE-122,CWE-122,CWE-121,1602,CWE-121,CWE-121
2,BIN_6869717,5912,CWE-122,CWE-122,CWE-121,1185,CWE-121,CWE-121
2,BIN_6881989,7200,CWE-122,CWE-122,CWE-121,2473,CWE-122,CWE-121
2,BIN_6907430,5703,CWE-122,CWE-122,CWE-121,976,CWE-122,CWE-121
2,BIN_6908553,5952,CWE-122,CWE-122,CWE-121,1225,CWE-122,CWE-121
2,BIN_6914360,5704,CWE-122,CWE-122,CWE-121,977,CWE-122,CWE-121
2,BIN_6916808,5513,CWE-122,CWE-122,CWE-121,786,CWE-122,CWE-121
2,BIN_6933669,5849,CWE-122,CWE-122,CWE-121,1122,CWE-122,CWE-121
2,BIN_6936347,7101,CWE-122,CWE-122,CWE-121,2374,CWE-122,CWE-121
2,BIN_6944536,6825,CWE-122,CWE-122,CWE-121,2098,CWE-122,CWE-121
2,BIN_6951048,6626,CWE-122,CWE-122,CWE-121,1899,CWE-126,CWE-121
2,BIN_6967346,5850,CWE-122,CWE-122,CWE-121,1123,CWE-122,CWE-121
2,BIN_6987537,5964,CWE-122,CWE-122,CWE-121,1237,CWE-122,CWE-121
2,BIN_6990626,6960,CWE-122,CWE-122,CWE-121,2233,CWE-122,CWE-121
2,BIN_6994088,5460,CWE-122,CWE-122,CWE-121,733,CWE-122,CWE-121
2,BIN_6996683,6759,CWE-122,CWE-122,CWE-121,2032,CWE-122,CWE-121
2,BIN_6997142,5958,CWE-122,CWE-122,CWE-121,1231,CWE-122,CWE-121
2,BIN_7033805,5196,CWE-122,CWE-122,CWE-121,469,CWE-126,CWE-126
2,BIN_7038306,7142,CWE-122,CWE-122,CWE-121,2415,CWE-122,CWE-121
2,BIN_7044977,5951,CWE-122,CWE-122,CWE-121,1224,CWE-122,CWE-121
2,BIN_7064708,7154,CWE-122,CWE-122,CWE-121,2427,CWE-122,CWE-121
2,BIN_7074641,5856,CWE-122,CWE-122,CWE-121,1129,CWE-122,CWE-121
2,BIN_7075138,5955,CWE-122,CWE-122,CWE-121,1228,CWE-122,CWE-121
2,BIN_7088831,5957,CWE-122,CWE-122,CWE-121,1230,CWE-122,CWE-121
2,BIN_7098862,5624,CWE-122,CWE-122,CWE-121,897,CWE-121,CWE-121
2,BIN_7157540,6444,CWE-122,CWE-122,CWE-121,1717,CWE-122,CWE-126
2,BIN_7167629,6096,CWE-122,CWE-122,CWE-121,1369,CWE-121,CWE-121
2,BIN_7171081,6873,CWE-122,CWE-122,CWE-121,2146,CWE-122,CWE-121
2,BIN_7192118,6447,CWE-122,CWE-122,CWE-121,1720,CWE-126,CWE-121
2,BIN_7197650,6087,CWE-122,CWE-122,CWE-121,1360,CWE-121,CWE-121
2,BIN_7199000,4956,CWE-122,CWE-122,CWE-121,229,CWE-122,CWE-122
2,BIN_7217464,6006,CWE-122,CWE-122,CWE-121,1279,CWE-122,CWE-121
2,BIN_7250134,6908,CWE-122,CWE-122,CWE-121,2181,CWE-122,CWE-121
2,BIN_7257855,6781,CWE-122,CWE-122,CWE-121,2054,CWE-122,CWE-121
2,BIN_7280762,5480,CWE-122,CWE-122,CWE-121,753,CWE-121,CWE-121
2,BIN_7288470,4993,CWE-122,CWE-122,CWE-121,266,CWE-126,CWE-126
2,BIN_7305078,5617,CWE-122,CWE-122,CWE-121,890,CWE-122,CWE-121
2,BIN_7325876,6231,CWE-122,CWE-122,CWE-121,1504,CWE-121,CWE-121
2,BIN_7334744,6438,CWE-122,CWE-122,CWE-121,1711,CWE-121,CWE-121
2,BIN_7356822,6475,CWE-122,CWE-122,CWE-121,1748,CWE-126,CWE-121
2,BIN_7368551,6717,CWE-122,CWE-122,CWE-121,1990,CWE-126,CWE-121
2,BIN_7381915,6634,CWE-122,CWE-122,CWE-121,1907,CWE-126,CWE-121
2,BIN_7386310,5148,CWE-122,CWE-122,CWE-121,421,CWE-126,CWE-121
2,BIN_7389770,6824,CWE-122,CWE-122,CWE-121,2097,CWE-122,CWE-121
2,BIN_7394357,7119,CWE-122,CWE-122,CWE-121,2392,CWE-122,CWE-126
2,BIN_7395087,5229,CWE-122,CWE-122,CWE-121,502,CWE-121,CWE-121
2,BIN_7401577,5317,CWE-122,CWE-122,CWE-121,590,CWE-121,CWE-121
2,BIN_7402246,7056,CWE-122,CWE-122,CWE-121,2329,CWE-121,CWE-121
2,BIN_7405684,6387,CWE-122,CWE-122,CWE-121,1660,CWE-121,CWE-121
2,BIN_7413700,5907,CWE-122,CWE-122,CWE-121,1180,CWE-122,CWE-121
2,BIN_7419271,4937,CWE-126,CWE-126,CWE-121,210,CWE-121,CWE-121
2,BIN_7424577,5989,CWE-122,CWE-122,CWE-121,1262,CWE-122,CWE-121
2,BIN_7425440,5945,CWE-122,CWE-122,CWE-121,1218,CWE-122,CWE-121
2,BIN_7426649,6587,CWE-122,CWE-122,CWE-121,1860,CWE-126,CWE-121
2,BIN_7439736,5944,CWE-122,CWE-122,CWE-121,1217,CWE-122,CWE-121
2,BIN_7442066,5759,CWE-122,CWE-122,CWE-121,1032,CWE-121,CWE-121
2,BIN_7457199,6236,CWE-122,CWE-122,CWE-121,1509,CWE-121,CWE-121
2,BIN_7463260,7072,CWE-122,CWE-122,CWE-121,2345,CWE-122,CWE-126
2,BIN_7473873,7113,CWE-122,CWE-122,CWE-121,2386,CWE-121,CWE-121
2,BIN_7487982,6045,CWE-122,CWE-122,CWE-121,1318,CWE-121,CWE-121
2,BIN_7489794,6296,CWE-122,CWE-122,CWE-121,1569,CWE-121,CWE-121
2,BIN_7490692,6540,CWE-122,CWE-122,CWE-121,1813,CWE-122,CWE-121
2,BIN_7504711,6578,CWE-122,CWE-122,CWE-121,1851,CWE-126,CWE-121
2,BIN_7543150,5707,CWE-122,CWE-122,CWE-121,980,CWE-122,CWE-121
2,BIN_7547511,6420,CWE-122,CWE-122,CWE-121,1693,CWE-121,CWE-121
2,BIN_7550664,6052,CWE-122,CWE-122,CWE-121,1325,CWE-121,CWE-121
2,BIN_7573262,6377,CWE-122,CWE-122,CWE-121,1650,CWE-121,CWE-121
2,BIN_7578395,5481,CWE-122,CWE-122,CWE-121,754,CWE-121,CWE-121
2,BIN_7583455,6854,CWE-122,CWE-122,CWE-121,2127,CWE-122,CWE-121
2,BIN_7589528,5908,CWE-122,CWE-122,CWE-121,1181,CWE-121,CWE-121
2,BIN_7606177,4963,CWE-126,CWE-126,CWE-121,236,CWE-122,CWE-126
2,BIN_7633690,6722,CWE-122,CWE-122,CWE-121,1995,CWE-126,CWE-121
2,BIN_7635917,5374,CWE-122,CWE-122,CWE-121,647,CWE-122,CWE-121
2,BIN_7646681,5104,CWE-122,CWE-122,CWE-121,377,CWE-126,CWE-126
2,BIN_7675188,4994,CWE-122,CWE-122,CWE-121,267,CWE-126,CWE-126
2,BIN_7675509,5755,CWE-122,CWE-122,CWE-121,1028,CWE-121,CWE-121
2,BIN_7689626,6956,CWE-122,CWE-122,CWE-121,2229,CWE-122,CWE-121
2,BIN_7695038,6852,CWE-122,CWE-122,CWE-121,2125,CWE-122,CWE-121
2,BIN_7699468,6277,CWE-122,CWE-122,CWE-121,1550,CWE-121,CWE-121
2,BIN_7724395,6241,CWE-122,CWE-122,CWE-121,1514,CWE-121,CWE-121
2,BIN_7734574,6963,CWE-122,CWE-122,CWE-121,2236,CWE-122,CWE-121
2,BIN_7783154,6782,CWE-122,CWE-122,CWE-121,2055,CWE-122,CWE-121
2,BIN_7828475,7164,CWE-122,CWE-122,CWE-121,2437,CWE-122,CWE-126
2,BIN_7829971,5664,CWE-122,CWE-122,CWE-121,937,CWE-122,CWE-121
2,BIN_7847747,6484,CWE-122,CWE-122,CWE-121,1757,CWE-126,CWE-121
2,BIN_7864087,6471,CWE-122,CWE-122,CWE-121,1744,CWE-126,CWE-121
2,BIN_7871300,6201,CWE-122,CWE-122,CWE-121,1474,CWE-121,CWE-121
2,BIN_7873808,6098,CWE-122,CWE-122,CWE-121,1371,CWE-121,CWE-121
2,BIN_7882731,5620,CWE-122,CWE-122,CWE-121,893,CWE-121,CWE-121
2,BIN_7891992,5224,CWE-122,CWE-122,CWE-121,497,CWE-126,CWE-121
2,BIN_7892592,6441,CWE-122,CWE-122,CWE-121,1714,CWE-121,CWE-121
2,BIN_7894088,7002,CWE-122,CWE-122,CWE-121,2275,CWE-122,CWE-121
2,BIN_7926653,5478,CWE-122,CWE-122,CWE-121,751,CWE-122,CWE-121
2,BIN_7931205,5760,CWE-122,CWE-122,CWE-121,1033,CWE-121,CWE-121
2,BIN_7939955,7050,CWE-122,CWE-122,CWE-121,2323,CWE-121,CWE-121
2,BIN_7968832,6620,CWE-122,CWE-122,CWE-121,1893,CWE-126,CWE-121
2,BIN_7985591,6341,CWE-122,CWE-122,CWE-121,1614,CWE-121,CWE-121
2,BIN_7989829,5988,CWE-122,CWE-122,CWE-121,1261,CWE-122,CWE-121
2,BIN_8004172,6036,CWE-122,CWE-122,CWE-121,1309,CWE-121,CWE-121
2,BIN_8011765,6959,CWE-122,CWE-122,CWE-121,2232,CWE-122,CWE-121
2,BIN_8020757,5000,CWE-122,CWE-122,CWE-121,273,CWE-126,CWE-126
2,BIN_8032173,6490,CWE-122,CWE-122,CWE-121,1763,CWE-126,CWE-121
2,BIN_8062573,5606,CWE-122,CWE-122,CWE-121,879,CWE-122,CWE-121
2,BIN_8090969,7198,CWE-122,CWE-122,CWE-121,2471,CWE-122,CWE-121
2,BIN_8091666,5954,CWE-122,CWE-122,CWE-121,1227,CWE-122,CWE-121
2,BIN_8094888,5475,CWE-122,CWE-122,CWE-121,748,CWE-122,CWE-121
2,BIN_8094916,5751,CWE-122,CWE-122,CWE-121,1024,CWE-121,CWE-121
2,BIN_8103703,6815,CWE-122,CWE-122,CWE-121,2088,CWE-122,CWE-121
2,BIN_8142499,5660,CWE-122,CWE-122,CWE-121,933,CWE-122,CWE-121
2,BIN_8186882,6732,CWE-122,CWE-122,CWE-121,2005,CWE-122,CWE-121
2,BIN_8196898,5517,CWE-122,CWE-122,CWE-121,790,CWE-122,CWE-121
2,BIN_8199671,6821,CWE-122,CWE-122,CWE-121,2094,CWE-122,CWE-121
2,BIN_8208108,6630,CWE-122,CWE-122,CWE-121,1903,CWE-126,CWE-126
2,BIN_8218042,6488,CWE-122,CWE-122,CWE-121,1761,CWE-126,CWE-121
2,BIN_8223748,6616,CWE-122,CWE-122,CWE-121,1889,CWE-126,CWE-121
2,BIN_8274587,6683,CWE-122,CWE-122,CWE-121,1956,CWE-126,CWE-121
2,BIN_8296738,5609,CWE-122,CWE-122,CWE-121,882,CWE-122,CWE-121
2,BIN_8299487,5655,CWE-122,CWE-122,CWE-121,928,CWE-122,CWE-121
2,BIN_8301532,5389,CWE-122,CWE-122,CWE-121,662,CWE-122,CWE-121
2,BIN_8340274,5056,CWE-122,CWE-122,CWE-121,329,CWE-126,CWE-126
2,BIN_8346355,6811,CWE-122,CWE-122,CWE-121,2084,CWE-122,CWE-121
2,BIN_8350541,6393,CWE-122,CWE-122,CWE-121,1666,CWE-121,CWE-121
2,BIN_8352032,5665,CWE-122,CWE-122,CWE-121,938,CWE-122,CWE-121
2,BIN_8354605,7203,CWE-122,CWE-122,CWE-121,2476,CWE-122,CWE-121
2,BIN_8378687,6661,CWE-122,CWE-122,CWE-121,1934,CWE-126,CWE-121
2,BIN_8382657,6435,CWE-122,CWE-122,CWE-121,1708,CWE-121,CWE-121
2,BIN_8387798,5128,CWE-122,CWE-122,CWE-121,401,CWE-126,CWE-121
2,BIN_8452884,6478,CWE-122,CWE-122,CWE-121,1751,CWE-126,CWE-121
2,BIN_8457876,6288,CWE-122,CWE-122,CWE-121,1561,CWE-121,CWE-121
2,BIN_8483944,5562,CWE-122,CWE-122,CWE-121,835,CWE-121,CWE-121
2,BIN_8498960,5413,CWE-122,CWE-122,CWE-121,686,CWE-122,CWE-121
2,BIN_8538356,7115,CWE-122,CWE-122,CWE-121,2388,CWE-121,CWE-121
2,BIN_8549398,5866,CWE-122,CWE-122,CWE-121,1139,CWE-121,CWE-121
2,BIN_8573394,5998,CWE-122,CWE-122,CWE-121,1271,CWE-122,CWE-121
2,BIN_8578977,6348,CWE-122,CWE-122,CWE-121,1621,CWE-122,CWE-126
2,BIN_8580758,5133,CWE-122,CWE-122,CWE-121,406,CWE-126,CWE-121
2,BIN_8591660,5343,CWE-122,CWE-122,CWE-121,616,CWE-126,CWE-121
2,BIN_8622607,6581,CWE-122,CWE-122,CWE-121,1854,CWE-126,CWE-121
2,BIN_8630622,5584,CWE-122,CWE-122,CWE-121,857,CWE-122,CWE-126
2,BIN_8637006,6566,CWE-122,CWE-122,CWE-121,1839,CWE-126,CWE-121
2,BIN_8652047,6003,CWE-122,CWE-122,CWE-121,1276,CWE-122,CWE-121
2,BIN_8664503,6861,CWE-122,CWE-122,CWE-121,2134,CWE-122,CWE-121
2,BIN_8670953,5706,CWE-122,CWE-122,CWE-121,979,CWE-122,CWE-121
2,BIN_8681781,5567,CWE-122,CWE-122,CWE-121,840,CWE-121,CWE-121
2,BIN_8690174,5177,CWE-122,CWE-122,CWE-121,450,CWE-126,CWE-126
2,BIN_8693435,5172,CWE-122,CWE-122,CWE-121,445,CWE-126,CWE-126
2,BIN_8697931,5920,CWE-122,CWE-122,CWE-121,1193,CWE-122,CWE-121
2,BIN_8708905,6423,CWE-122,CWE-122,CWE-121,1696,CWE-121,CWE-121
2,BIN_8712303,6954,CWE-122,CWE-122,CWE-121,2227,CWE-122,CWE-121
2,BIN_8730713,5817,CWE-122,CWE-122,CWE-121,1090,CWE-121,CWE-121
2,BIN_8739758,5482,CWE-122,CWE-122,CWE-121,755,CWE-122,CWE-121
2,BIN_8750773,6426,CWE-122,CWE-122,CWE-121,1699,CWE-121,CWE-121
2,BIN_8754313,5768,CWE-122,CWE-122,CWE-121,1041,CWE-121,CWE-121
2,BIN_8771098,5032,CWE-122,CWE-122,CWE-121,305,CWE-126,CWE-121
2,BIN_8771477,7163,CWE-122,CWE-122,CWE-121,2436,CWE-121,CWE-121
2,BIN_8773144,5181,CWE-122,CWE-122,CWE-121,454,CWE-126,CWE-126
2,BIN_8801103,6813,CWE-122,CWE-122,CWE-121,2086,CWE-122,CWE-121
2,BIN_8846522,5414,CWE-122,CWE-122,CWE-121,687,CWE-122,CWE-121
2,BIN_8862232,7150,CWE-122,CWE-122,CWE-121,2423,CWE-122,CWE-121
2,BIN_8865882,6289,CWE-122,CWE-122,CWE-121,1562,CWE-121,CWE-121
2,BIN_8892575,4914,CWE-126,CWE-126,CWE-121,187,CWE-121,CWE-126
2,BIN_8897046,6832,CWE-122,CWE-122,CWE-121,2105,CWE-122,CWE-126
2,BIN_8902122,6682,CWE-122,CWE-122,CWE-121,1955,CWE-126,CWE-121
2,BIN_8912828,7140,CWE-122,CWE-122,CWE-121,2413,CWE-122,CWE-121
2,BIN_8921766,6425,CWE-122,CWE-122,CWE-121,1698,CWE-121,CWE-121
2,BIN_8923559,5286,CWE-122,CWE-122,CWE-121,559,CWE-122,CWE-121
2,BIN_8936687,5030,CWE-122,CWE-122,CWE-121,303,CWE-126,CWE-121
2,BIN_8955709,5919,CWE-122,CWE-122,CWE-121,1192,CWE-126,CWE-121
2,BIN_8956908,6092,CWE-122,CWE-122,CWE-121,1365,CWE-121,CWE-121
2,BIN_8958454,6136,CWE-122,CWE-122,CWE-121,1409,CWE-121,CWE-121
2,BIN_8965821,6521,CWE-122,CWE-122,CWE-121,1794,CWE-126,CWE-121
2,BIN_8980869,6059,CWE-122,CWE-122,CWE-121,1332,CWE-121,CWE-121
2,BIN_8981969,5324,CWE-122,CWE-122,CWE-121,597,CWE-121,CWE-121
2,BIN_8994967,6726,CWE-122,CWE-122,CWE-121,1999,CWE-126,CWE-121
2,BIN_9016973,7048,CWE-122,CWE-122,CWE-121,2321,CWE-121,CWE-121
2,BIN_9032223,7190,CWE-122,CWE-122,CWE-121,2463,CWE-122,CWE-121
2,BIN_9040007,6819,CWE-122,CWE-122,CWE-121,2092,CWE-122,CWE-121
2,BIN_9064522,6442,CWE-122,CWE-122,CWE-121,1715,CWE-121,CWE-121
2,BIN_9067984,6060,CWE-122,CWE-122,CWE-121,1333,CWE-122,CWE-126
2,BIN_9100315,6564,CWE-122,CWE-122,CWE-121,1837,CWE-126,CWE-121
2,BIN_9111646,6252,CWE-122,CWE-122,CWE-121,1525,CWE-122,CWE-126
2,BIN_9119767,6373,CWE-122,CWE-122,CWE-121,1646,CWE-121,CWE-121
2,BIN_9142096,6715,CWE-122,CWE-122,CWE-121,1988,CWE-126,CWE-121
2,BIN_9159020,6576,CWE-122,CWE-122,CWE-121,1849,CWE-126,CWE-121
2,BIN_9182888,5518,CWE-122,CWE-122,CWE-121,791,CWE-122,CWE-121
2,BIN_9197545,5369,CWE-122,CWE-122,CWE-121,642,CWE-122,CWE-121
2,BIN_9202140,7098,CWE-122,CWE-122,CWE-121,2371,CWE-122,CWE-121
2,BIN_9217292,5081,CWE-122,CWE-122,CWE-121,354,CWE-126,CWE-121
2,BIN_9236604,6580,CWE-122,CWE-122,CWE-121,1853,CWE-126,CWE-121
2,BIN_9243663,6328,CWE-122,CWE-122,CWE-121,1601,CWE-121,CWE-121
2,BIN_9243919,5384,CWE-122,CWE-122,CWE-121,657,CWE-121,CWE-121
2,BIN_9257844,6330,CWE-122,CWE-122,CWE-121,1603,CWE-121,CWE-121
2,BIN_9259027,6534,CWE-122,CWE-122,CWE-121,1807,CWE-126,CWE-121
2,BIN_9291815,6912,CWE-122,CWE-122,CWE-121,2185,CWE-122,CWE-121
2,BIN_9307315,6720,CWE-122,CWE-122,CWE-121,1993,CWE-126,CWE-121
2,BIN_9310484,7165,CWE-122,CWE-122,CWE-121,2438,CWE-122,CWE-121
2,BIN_9335407,5147,CWE-122,CWE-122,CWE-121,420,CWE-121,CWE-121
2,BIN_9359934,6378,CWE-122,CWE-122,CWE-121,1651,CWE-121,CWE-121
2,BIN_9363746,6973,CWE-122,CWE-122,CWE-121,2246,CWE-122,CWE-121
2,BIN_9364601,5323,CWE-122,CWE-122,CWE-121,596,CWE-121,CWE-121
2,BIN_9370935,5139,CWE-122,CWE-122,CWE-121,412,CWE-121,CWE-121
2,BIN_9378885,5236,CWE-122,CWE-122,CWE-121,509,CWE-121,CWE-121
2,BIN_9385007,5268,CWE-122,CWE-122,CWE-121,541,CWE-122,CWE-121
2,BIN_9399817,6579,CWE-122,CWE-122,CWE-121,1852,CWE-126,CWE-121
2,BIN_9400887,5533,CWE-122,CWE-122,CWE-121,806,CWE-122,CWE-121
2,BIN_9400985,6286,CWE-122,CWE-122,CWE-121,1559,CWE-121,CWE-121
2,BIN_9422669,5233,CWE-122,CWE-122,CWE-121,506,CWE-121,CWE-121
2,BIN_9473440,6105,CWE-122,CWE-122,CWE-121,1378,CWE-121,CWE-121
2,BIN_9473955,5765,CWE-122,CWE-122,CWE-121,1038,CWE-121,CWE-121
2,BIN_9475209,5941,CWE-122,CWE-122,CWE-121,1214,CWE-122,CWE-121
2,BIN_9476321,5556,CWE-122,CWE-122,CWE-121,829,CWE-121,CWE-121
2,BIN_9487564,7109,CWE-122,CWE-122,CWE-121,2382,CWE-122,CWE-121
2,BIN_9492440,4987,CWE-122,CWE-122,CWE-121,260,CWE-126,CWE-126
2,BIN_9494144,5280,CWE-122,CWE-122,CWE-121,553,CWE-122,CWE-121
2,BIN_9495387,5438,CWE-122,CWE-122,CWE-121,711,CWE-122,CWE-121
2,BIN_9505923,5042,CWE-122,CWE-122,CWE-121,315,CWE-126,CWE-121
2,BIN_9524992,6537,CWE-122,CWE-122,CWE-121,1810,CWE-126,CWE-121
2,BIN_9547809,6728,CWE-122,CWE-122,CWE-121,2001,CWE-126,CWE-121
2,BIN_9558542,5437,CWE-122,CWE-122,CWE-121,710,CWE-122,CWE-121
2,BIN_9564586,5387,CWE-122,CWE-122,CWE-121,660,CWE-121,CWE-121
2,BIN_9573547,5711,CWE-122,CWE-122,CWE-121,984,CWE-122,CWE-121
2,BIN_9619555,5576,CWE-122,CWE-122,CWE-121,849,CWE-121,CWE-121
2,BIN_9649248,5388,CWE-122,CWE-122,CWE-121,661,CWE-122,CWE-126
2,BIN_9672431,4926,CWE-126,CWE-126,CWE-121,199,CWE-121,CWE-121
2,BIN_9689290,5433,CWE-122,CWE-122,CWE-121,706,CWE-121,CWE-121
2,BIN_9710706,6542,CWE-122,CWE-122,CWE-121,1815,CWE-126,CWE-121
2,BIN_9711243,5569,CWE-122,CWE-122,CWE-121,842,CWE-121,CWE-121
2,BIN_9742878,6948,CWE-122,CWE-122,CWE-121,2221,CWE-122,CWE-121
2,BIN_9749145,6432,CWE-122,CWE-122,CWE-121,1705,CWE-121,CWE-121
2,BIN_9751775,6903,CWE-122,CWE-122,CWE-121,2176,CWE-122,CWE-121
2,BIN_9752343,5656,CWE-122,CWE-122,CWE-121,929,CWE-122,CWE-121
2,BIN_9761639,5146,CWE-122,CWE-122,CWE-121,419,CWE-121,CWE-121
2,BIN_9775267,6239,CWE-122,CWE-122,CWE-121,1512,CWE-121,CWE-121
2,BIN_9788794,5820,CWE-122,CWE-122,CWE-121,1093,CWE-122,CWE-121
2,BIN_9799241,6336,CWE-122,CWE-122,CWE-121,1609,CWE-121,CWE-121
2,BIN_9799961,6181,CWE-122,CWE-122,CWE-121,1454,CWE-121,CWE-121
2,BIN_9802382,6146,CWE-122,CWE-122,CWE-121,1419,CWE-121,CWE-121
2,BIN_9839772,6568,CWE-122,CWE-122,CWE-121,1841,CWE-126,CWE-121
2,BIN_9850503,5604,CWE-122,CWE-122,CWE-121,877,CWE-122,CWE-121
2,BIN_9861451,6390,CWE-122,CWE-122,CWE-121,1663,CWE-121,CWE-121
2,BIN_9870703,4960,CWE-122,CWE-122,CWE-121,233,CWE-122,CWE-122
2,BIN_9877582,5380,CWE-122,CWE-122,CWE-121,653,CWE-122,CWE-121
2,BIN_9885883,5288,CWE-122,CWE-122,CWE-121,561,CWE-121,CWE-121
2,BIN_9892022,5049,CWE-122,CWE-122,CWE-121,322,CWE-121,CWE-121
2,BIN_9893767,5231,CWE-122,CWE-122,CWE-121,504,CWE-126,CWE-121
2,BIN_9898200,6340,CWE-122,CWE-122,CWE-121,1613,CWE-121,CWE-121
2,BIN_9899553,6730,CWE-122,CWE-122,CWE-121,2003,CWE-126,CWE-121
2,BIN_9931810,7060,CWE-122,CWE-122,CWE-121,2333,CWE-121,CWE-121
2,BIN_9931850,6721,CWE-122,CWE-122,CWE-121,1994,CWE-126,CWE-121
2,BIN_9933044,6761,CWE-122,CWE-122,CWE-121,2034,CWE-122,CWE-121
2,BIN_9938055,6716,CWE-122,CWE-122,CWE-121,1989,CWE-126,CWE-121
2,BIN_9946578,6095,CWE-122,CWE-122,CWE-121,1368,CWE-121,CWE-121
2,BIN_9950661,5991,CWE-122,CWE-122,CWE-121,1264,CWE-122,CWE-121
2,BIN_9970841,5892,CWE-122,CWE-122,CWE-121,1165,CWE-122,CWE-121
2,BIN_9974891,4992,CWE-122,CWE-122,CWE-121,265,CWE-126,CWE-126
3,BIN_1012298,13516,CWE-126,CWE-126,CWE-122,3769,CWE-121,CWE-121
3,BIN_1016844,13640,CWE-126,CWE-126,CWE-122,3893,CWE-121,CWE-121
3,BIN_1032537,13682,CWE-126,CWE-126,CWE-122,3935,CWE-122,CWE-121
3,BIN_1041074,14392,CWE-126,CWE-126,CWE-122,4645,CWE-121,CWE-122
3,BIN_1041840,13061,CWE-126,CWE-126,CWE-122,3314,CWE-121,CWE-121
3,BIN_1051119,13374,CWE-126,CWE-126,CWE-122,3627,CWE-121,CWE-121
3,BIN_1051910,14368,CWE-126,CWE-126,CWE-122,4621,CWE-121,CWE-121
3,BIN_1069809,14353,CWE-126,CWE-126,CWE-122,4606,CWE-121,CWE-121
3,BIN_1090270,13987,CWE-126,CWE-126,CWE-122,4240,CWE-121,CWE-122
3,BIN_1091477,10848,CWE-126,CWE-126,CWE-122,1101,CWE-122,CWE-121
3,BIN_1100259,13597,CWE-126,CWE-126,CWE-122,3850,CWE-121,CWE-122
3,BIN_1120381,13321,CWE-126,CWE-126,CWE-122,3574,CWE-121,CWE-121
3,BIN_1171124,14360,CWE-126,CWE-126,CWE-122,4613,CWE-121,CWE-121
3,BIN_1172582,13360,CWE-126,CWE-126,CWE-122,3613,CWE-121,CWE-121
3,BIN_1173990,13999,CWE-126,CWE-126,CWE-122,4252,CWE-121,CWE-122
3,BIN_1212179,13172,CWE-126,CWE-126,CWE-122,3425,CWE-122,CWE-122
3,BIN_1326064,13387,CWE-126,CWE-126,CWE-122,3640,CWE-121,CWE-121
3,BIN_1335659,13154,CWE-126,CWE-126,CWE-122,3407,CWE-121,CWE-121
3,BIN_1346205,13444,CWE-126,CWE-126,CWE-122,3697,CWE-121,CWE-121
3,BIN_1379817,13694,CWE-126,CWE-126,CWE-122,3947,CWE-121,CWE-122
3,BIN_1411939,14372,CWE-126,CWE-126,CWE-122,4625,CWE-121,CWE-121
3,BIN_1440161,14438,CWE-126,CWE-126,CWE-122,4691,CWE-121,CWE-122
3,BIN_1448321,14283,CWE-126,CWE-126,CWE-122,4536,CWE-121,CWE-121
3,BIN_1457343,13376,CWE-126,CWE-126,CWE-122,3629,CWE-121,CWE-121
3,BIN_1458181,13520,CWE-126,CWE-126,CWE-122,3773,CWE-121,CWE-121
3,BIN_1471505,13272,CWE-126,CWE-126,CWE-122,3525,CWE-122,CWE-122
3,BIN_1495003,13456,CWE-126,CWE-126,CWE-122,3709,CWE-121,CWE-121
3,BIN_1498871,14311,CWE-126,CWE-126,CWE-122,4564,CWE-121,CWE-121
3,BIN_1503747,13359,CWE-126,CWE-126,CWE-122,3612,CWE-121,CWE-121
3,BIN_1509162,13637,CWE-126,CWE-126,CWE-122,3890,CWE-121,CWE-121
3,BIN_1530357,14099,CWE-126,CWE-126,CWE-122,4352,CWE-121,CWE-122
3,BIN_1600465,13494,CWE-126,CWE-126,CWE-122,3747,CWE-121,CWE-121
3,BIN_1629829,13386,CWE-126,CWE-126,CWE-122,3639,CWE-121,CWE-121
3,BIN_1652528,14276,CWE-126,CWE-126,CWE-122,4529,CWE-121,CWE-121
3,BIN_1670184,13398,CWE-126,CWE-126,CWE-122,3651,CWE-121,CWE-121
3,BIN_1671462,13273,CWE-126,CWE-126,CWE-122,3526,CWE-122,CWE-122
3,BIN_1702320,13116,CWE-126,CWE-126,CWE-122,3369,CWE-121,CWE-121
3,BIN_1705266,13318,CWE-126,CWE-126,CWE-122,3571,CWE-121,CWE-121
3,BIN_1711107,13807,CWE-126,CWE-126,CWE-122,4060,CWE-122,CWE-122
3,BIN_1713917,13452,CWE-126,CWE-126,CWE-122,3705,CWE-121,CWE-121
3,BIN_1752079,10837,CWE-126,CWE-126,CWE-122,1090,CWE-126,CWE-122
3,BIN_1760787,13912,CWE-126,CWE-126,CWE-122,4165,CWE-122,CWE-122
3,BIN_1801585,14367,CWE-126,CWE-126,CWE-122,4620,CWE-121,CWE-121
3,BIN_1802257,14280,CWE-126,CWE-126,CWE-122,4533,CWE-121,CWE-121
3,BIN_1828712,13488,CWE-126,CWE-126,CWE-122,3741,CWE-121,CWE-121
3,BIN_1868254,14153,CWE-126,CWE-126,CWE-122,4406,CWE-122,CWE-122
3,BIN_1870432,14405,CWE-126,CWE-126,CWE-122,4658,CWE-121,CWE-122
3,BIN_1876817,14292,CWE-126,CWE-126,CWE-122,4545,CWE-121,CWE-121
3,BIN_1886565,13811,CWE-126,CWE-126,CWE-122,4064,CWE-121,CWE-122
3,BIN_1889073,13384,CWE-126,CWE-126,CWE-122,3637,CWE-121,CWE-121
3,BIN_1910344,13478,CWE-126,CWE-126,CWE-122,3731,CWE-121,CWE-121
3,BIN_1910621,13525,CWE-126,CWE-126,CWE-122,3778,CWE-121,CWE-121
3,BIN_1952368,10847,CWE-126,CWE-126,CWE-122,1100,CWE-122,CWE-122
3,BIN_1995503,14030,CWE-126,CWE-126,CWE-122,4283,CWE-122,CWE-122
3,BIN_2004640,13072,CWE-126,CWE-126,CWE-122,3325,CWE-121,CWE-121
3,BIN_2011980,13130,CWE-126,CWE-126,CWE-122,3383,CWE-122,CWE-122
3,BIN_2024240,14287,CWE-126,CWE-126,CWE-122,4540,CWE-121,CWE-121
3,BIN_2043948,13180,CWE-126,CWE-126,CWE-122,3433,CWE-121,CWE-121
3,BIN_2061112,14403,CWE-126,CWE-126,CWE-122,4656,CWE-121,CWE-122
3,BIN_2091841,13957,CWE-126,CWE-126,CWE-122,4210,CWE-121,CWE-122
3,BIN_2126235,13373,CWE-126,CWE-126,CWE-122,3626,CWE-121,CWE-121
3,BIN_2137591,13111,CWE-126,CWE-126,CWE-122,3364,CWE-121,CWE-121
3,BIN_2148236,14151,CWE-126,CWE-126,CWE-122,4404,CWE-121,CWE-122
3,BIN_2158521,14482,CWE-126,CWE-126,CWE-122,4735,CWE-121,CWE-122
3,BIN_2224810,13863,CWE-126,CWE-126,CWE-122,4116,CWE-121,CWE-122
3,BIN_2227277,13791,CWE-126,CWE-126,CWE-122,4044,CWE-122,CWE-122
3,BIN_2245738,13417,CWE-126,CWE-126,CWE-122,3670,CWE-122,CWE-121
3,BIN_2266341,14321,CWE-126,CWE-126,CWE-122,4574,CWE-121,CWE-121
3,BIN_2285476,13814,CWE-126,CWE-126,CWE-122,4067,CWE-122,CWE-122
3,BIN_2291801,13256,CWE-126,CWE-126,CWE-122,3509,CWE-121,CWE-122
3,BIN_2330756,13415,CWE-126,CWE-126,CWE-122,3668,CWE-122,CWE-121
3,BIN_2364031,13947,CWE-126,CWE-126,CWE-122,4200,CWE-122,CWE-122
3,BIN_2366994,13074,CWE-126,CWE-126,CWE-122,3327,CWE-121,CWE-121
3,BIN_2383618,14394,CWE-126,CWE-126,CWE-122,4647,CWE-121,CWE-122
3,BIN_2388425,13058,CWE-126,CWE-126,CWE-122,3311,CWE-121,CWE-121
3,BIN_2396068,10845,CWE-126,CWE-126,CWE-122,1098,CWE-122,CWE-122
3,BIN_2414244,13939,CWE-126,CWE-126,CWE-122,4192,CWE-122,CWE-122
3,BIN_2453225,13385,CWE-126,CWE-126,CWE-122,3638,CWE-121,CWE-121
3,BIN_2471664,13450,CWE-126,CWE-126,CWE-122,3703,CWE-121,CWE-121
3,BIN_2499991,14033,CWE-126,CWE-126,CWE-122,4286,CWE-122,CWE-122
3,BIN_2541390,13113,CWE-126,CWE-126,CWE-122,3366,CWE-121,CWE-121
3,BIN_2566599,14445,CWE-126,CWE-126,CWE-122,4698,CWE-121,CWE-122
3,BIN_2567431,14032,CWE-126,CWE-126,CWE-122,4285,CWE-122,CWE-122
3,BIN_2577522,13854,CWE-126,CWE-126,CWE-122,4107,CWE-121,CWE-122
3,BIN_2630769,14007,CWE-126,CWE-126,CWE-122,4260,CWE-121,CWE-122
3,BIN_2649832,13068,CWE-126,CWE-126,CWE-122,3321,CWE-121,CWE-121
3,BIN_2678235,14055,CWE-126,CWE-126,CWE-122,4308,CWE-122,CWE-122
3,BIN_2688854,13357,CWE-126,CWE-126,CWE-122,3610,CWE-121,CWE-121
3,BIN_2692781,14000,CWE-126,CWE-126,CWE-122,4253,CWE-121,CWE-122
3,BIN_2709879,13991,CWE-126,CWE-126,CWE-122,4244,CWE-121,CWE-122
3,BIN_2735724,13744,CWE-126,CWE-126,CWE-122,3997,CWE-122,CWE-122
3,BIN_2773821,14183,CWE-126,CWE-126,CWE-122,4436,CWE-122,CWE-122
3,BIN_2783298,14228,CWE-126,CWE-126,CWE-122,4481,CWE-122,CWE-122
3,BIN_2814357,14402,CWE-126,CWE-126,CWE-122,4655,CWE-121,CWE-122
3,BIN_2838546,14395,CWE-126,CWE-126,CWE-122,4648,CWE-121,CWE-122
3,BIN_2850905,13897,CWE-126,CWE-126,CWE-122,4150,CWE-122,CWE-122
3,BIN_2863107,13434,CWE-126,CWE-126,CWE-122,3687,CWE-122,CWE-121
3,BIN_2864279,13250,CWE-126,CWE-126,CWE-122,3503,CWE-121,CWE-122
3,BIN_2877159,13175,CWE-126,CWE-126,CWE-122,3428,CWE-121,CWE-121
3,BIN_2883740,13422,CWE-126,CWE-126,CWE-122,3675,CWE-122,CWE-121
3,BIN_2893838,13276,CWE-126,CWE-126,CWE-122,3529,CWE-121,CWE-121
3,BIN_2905034,14002,CWE-126,CWE-126,CWE-122,4255,CWE-121,CWE-122
3,BIN_2924663,13866,CWE-126,CWE-126,CWE-122,4119,CWE-122,CWE-122
3,BIN_2937614,14400,CWE-126,CWE-126,CWE-122,4653,CWE-121,CWE-122
3,BIN_2956597,14318,CWE-126,CWE-126,CWE-122,4571,CWE-121,CWE-121
3,BIN_2988519,13802,CWE-126,CWE-126,CWE-122,4055,CWE-122,CWE-122
3,BIN_2998395,14313,CWE-126,CWE-126,CWE-122,4566,CWE-121,CWE-121
3,BIN_2999719,13427,CWE-126,CWE-126,CWE-122,3680,CWE-122,CWE-121
3,BIN_3000893,14227,CWE-126,CWE-126,CWE-122,4480,CWE-122,CWE-122
3,BIN_3008699,13911,CWE-126,CWE-126,CWE-122,4164,CWE-122,CWE-122
3,BIN_3019646,13397,CWE-126,CWE-126,CWE-122,3650,CWE-121,CWE-121
3,BIN_3033886,14409,CWE-126,CWE-126,CWE-122,4662,CWE-121,CWE-122
3,BIN_3038317,14434,CWE-126,CWE-126,CWE-122,4687,CWE-121,CWE-122
3,BIN_3073956,13531,CWE-126,CWE-126,CWE-122,3784,CWE-121,CWE-121
3,BIN_3077975,13487,CWE-126,CWE-126,CWE-122,3740,CWE-121,CWE-121
3,BIN_3081394,13815,CWE-126,CWE-126,CWE-122,4068,CWE-122,CWE-122
3,BIN_3110502,14436,CWE-126,CWE-126,CWE-122,4689,CWE-121,CWE-122
3,BIN_3131403,13110,CWE-126,CWE-126,CWE-122,3363,CWE-121,CWE-121
3,BIN_3135331,14247,CWE-126,CWE-126,CWE-122,4500,CWE-122,CWE-122
3,BIN_3192086,13569,CWE-126,CWE-126,CWE-122,3822,CWE-121,CWE-121
3,BIN_3193697,13855,CWE-126,CWE-126,CWE-122,4108,CWE-121,CWE-122
3,BIN_3207093,13895,CWE-126,CWE-126,CWE-122,4148,CWE-122,CWE-122
3,BIN_3212229,13402,CWE-126,CWE-126,CWE-122,3655,CWE-122,CWE-121
3,BIN_3214947,13351,CWE-126,CWE-126,CWE-122,3604,CWE-121,CWE-121
3,BIN_3214996,13165,CWE-126,CWE-126,CWE-122,3418,CWE-121,CWE-121
3,BIN_3217254,14180,CWE-126,CWE-126,CWE-122,4433,CWE-122,CWE-122
3,BIN_3243448,13696,CWE-126,CWE-126,CWE-122,3949,CWE-121,CWE-122
3,BIN_3300808,14142,CWE-126,CWE-126,CWE-122,4395,CWE-121,CWE-122
3,BIN_3350360,14224,CWE-126,CWE-126,CWE-122,4477,CWE-122,CWE-122
3,BIN_3350876,14044,CWE-126,CWE-126,CWE-122,4297,CWE-122,CWE-122
3,BIN_3356020,13219,CWE-126,CWE-126,CWE-122,3472,CWE-121,CWE-121
3,BIN_3360435,13310,CWE-126,CWE-126,CWE-122,3563,CWE-121,CWE-121
3,BIN_3361114,13220,CWE-126,CWE-126,CWE-122,3473,CWE-122,CWE-122
3,BIN_3372520,13213,CWE-126,CWE-126,CWE-122,3466,CWE-121,CWE-121
3,BIN_3403310,13227,CWE-126,CWE-126,CWE-122,3480,CWE-121,CWE-121
3,BIN_3419669,13934,CWE-126,CWE-126,CWE-122,4187,CWE-122,CWE-122
3,BIN_3428917,13652,CWE-126,CWE-126,CWE-122,3905,CWE-121,CWE-121
3,BIN_3444790,13076,CWE-126,CWE-126,CWE-122,3329,CWE-121,CWE-121
3,BIN_3482603,13316,CWE-126,CWE-126,CWE-122,3569,CWE-122,CWE-122
3,BIN_3504751,13086,CWE-126,CWE-126,CWE-122,3339,CWE-121,CWE-121
3,BIN_3507995,14080,CWE-126,CWE-126,CWE-122,4333,CWE-122,CWE-122
3,BIN_3523283,13406,CWE-126,CWE-126,CWE-122,3659,CWE-122,CWE-121
3,BIN_3539408,13657,CWE-126,CWE-126,CWE-122,3910,CWE-121,CWE-121
3,BIN_3540205,13179,CWE-126,CWE-126,CWE-122,3432,CWE-121,CWE-121
3,BIN_3544070,14133,CWE-126,CWE-126,CWE-122,4386,CWE-121,CWE-122
3,BIN_3551390,13951,CWE-126,CWE-126,CWE-122,4204,CWE-122,CWE-122
3,BIN_3573752,14057,CWE-126,CWE-126,CWE-122,4310,CWE-122,CWE-122
3,BIN_3584988,13522,CWE-126,CWE-126,CWE-122,3775,CWE-121,CWE-121
3,BIN_3586538,14273,CWE-126,CWE-126,CWE-122,4526,CWE-121,CWE-121
3,BIN_3593887,13613,CWE-126,CWE-126,CWE-122,3866,CWE-121,CWE-122
3,BIN_3640215,13157,CWE-126,CWE-126,CWE-122,3410,CWE-121,CWE-121
3,BIN_3673240,13746,CWE-126,CWE-126,CWE-122,3999,CWE-122,CWE-122
3,BIN_3679279,14447,CWE-126,CWE-126,CWE-122,4700,CWE-121,CWE-122
3,BIN_3694353,13722,CWE-126,CWE-126,CWE-122,3975,CWE-122,CWE-122
3,BIN_3718510,13757,CWE-126,CWE-126,CWE-122,4010,CWE-122,CWE-122
3,BIN_3727260,14448,CWE-126,CWE-126,CWE-122,4701,CWE-121,CWE-122
3,BIN_3730468,13304,CWE-126,CWE-126,CWE-122,3557,CWE-121,CWE-121
3,BIN_3733028,13945,CWE-126,CWE-126,CWE-122,4198,CWE-122,CWE-122
3,BIN_3746483,14187,CWE-126,CWE-126,CWE-122,4440,CWE-122,CWE-122
3,BIN_3749224,14391,CWE-126,CWE-126,CWE-122,4644,CWE-121,CWE-122
3,BIN_3759833,13367,CWE-126,CWE-126,CWE-122,3620,CWE-121,CWE-121
3,BIN_3769896,13499,CWE-126,CWE-126,CWE-122,3752,CWE-121,CWE-121
3,BIN_3773464,13691,CWE-126,CWE-126,CWE-122,3944,CWE-122,CWE-121
3,BIN_3792380,13377,CWE-126,CWE-126,CWE-122,3630,CWE-121,CWE-121
3,BIN_3802008,13168,CWE-126,CWE-126,CWE-122,3421,CWE-121,CWE-121
3,BIN_3807184,14052,CWE-126,CWE-126,CWE-122,4305,CWE-121,CWE-122
3,BIN_3813603,13699,CWE-126,CWE-126,CWE-122,3952,CWE-121,CWE-122
3,BIN_3917477,13660,CWE-126,CWE-126,CWE-122,3913,CWE-121,CWE-121
3,BIN_3937573,10862,CWE-126,CWE-126,CWE-122,1115,CWE-122,CWE-121
3,BIN_3966984,13705,CWE-126,CWE-126,CWE-122,3958,CWE-121,CWE-122
3,BIN_3967828,13218,CWE-126,CWE-126,CWE-122,3471,CWE-121,CWE-121
3,BIN_3969713,14089,CWE-126,CWE-126,CWE-122,4342,CWE-122,CWE-122
3,BIN_3971532,14473,CWE-126,CWE-126,CWE-122,4726,CWE-121,CWE-122
3,BIN_4008677,13528,CWE-126,CWE-126,CWE-122,3781,CWE-121,CWE-121
3,BIN_4021247,14223,CWE-126,CWE-126,CWE-122,4476,CWE-122,CWE-122
3,BIN_4025659,14096,CWE-126,CWE-126,CWE-122,4349,CWE-122,CWE-122
3,BIN_4025991,14043,CWE-126,CWE-126,CWE-122,4296,CWE-122,CWE-122
3,BIN_4038766,13706,CWE-126,CWE-126,CWE-122,3959,CWE-121,CWE-122
3,BIN_4041572,13408,CWE-126,CWE-126,CWE-122,3661,CWE-122,CWE-121
3,BIN_4064328,13526,CWE-126,CWE-126,CWE-122,3779,CWE-121,CWE-121
3,BIN_4113930,13079,CWE-126,CWE-126,CWE-122,3332,CWE-122,CWE-121
3,BIN_4134390,13496,CWE-126,CWE-126,CWE-122,3749,CWE-121,CWE-121
3,BIN_4158938,13620,CWE-126,CWE-126,CWE-122,3873,CWE-121,CWE-121
3,BIN_4163292,13537,CWE-126,CWE-126,CWE-122,3790,CWE-121,CWE-121
3,BIN_4168087,13605,CWE-126,CWE-126,CWE-122,3858,CWE-121,CWE-122
3,BIN_4191743,13709,CWE-126,CWE-126,CWE-122,3962,CWE-121,CWE-122
3,BIN_4195275,14326,CWE-126,CWE-126,CWE-122,4579,CWE-121,CWE-121
3,BIN_4219492,13413,CWE-126,CWE-126,CWE-122,3666,CWE-122,CWE-121
3,BIN_4230568,13407,CWE-126,CWE-126,CWE-122,3660,CWE-122,CWE-121
3,BIN_4242803,13124,CWE-126,CWE-126,CWE-122,3377,CWE-122,CWE-121
3,BIN_4246365,14370,CWE-126,CWE-126,CWE-122,4623,CWE-121,CWE-121
3,BIN_4260243,13996,CWE-126,CWE-126,CWE-122,4249,CWE-121,CWE-122
3,BIN_4260810,14103,CWE-126,CWE-126,CWE-122,4356,CWE-122,CWE-122
3,BIN_4266372,13688,CWE-126,CWE-126,CWE-122,3941,CWE-122,CWE-121
3,BIN_4283761,14202,CWE-126,CWE-126,CWE-122,4455,CWE-122,CWE-122
3,BIN_4309930,13888,CWE-126,CWE-126,CWE-122,4141,CWE-122,CWE-122
3,BIN_4329876,14194,CWE-126,CWE-126,CWE-122,4447,CWE-121,CWE-122
3,BIN_4338504,13445,CWE-126,CWE-126,CWE-122,3698,CWE-121,CWE-121
3,BIN_4349026,13448,CWE-126,CWE-126,CWE-122,3701,CWE-121,CWE-121
3,BIN_4377584,10857,CWE-126,CWE-126,CWE-122,1110,CWE-126,CWE-121
3,BIN_4458134,14485,CWE-126,CWE-126,CWE-122,4738,CWE-121,CWE-122
3,BIN_4466615,13069,CWE-126,CWE-126,CWE-122,3322,CWE-121,CWE-121
3,BIN_4471725,13436,CWE-126,CWE-126,CWE-122,3689,CWE-121,CWE-121
3,BIN_4483700,14094,CWE-126,CWE-126,CWE-122,4347,CWE-121,CWE-122
3,BIN_4508386,13320,CWE-126,CWE-126,CWE-122,3573,CWE-121,CWE-121
3,BIN_4530072,14129,CWE-126,CWE-126,CWE-122,4382,CWE-121,CWE-122
3,BIN_4592112,13134,CWE-126,CWE-126,CWE-122,3387,CWE-122,CWE-121
3,BIN_4592788,13700,CWE-126,CWE-126,CWE-122,3953,CWE-121,CWE-122
3,BIN_4657020,13381,CWE-126,CWE-126,CWE-122,3634,CWE-121,CWE-121
3,BIN_4684994,14471,CWE-126,CWE-126,CWE-122,4724,CWE-121,CWE-122
3,BIN_4689679,14430,CWE-126,CWE-126,CWE-122,4683,CWE-121,CWE-122
3,BIN_4702792,13558,CWE-126,CWE-126,CWE-122,3811,CWE-121,CWE-121
3,BIN_4703589,13303,CWE-126,CWE-126,CWE-122,3556,CWE-121,CWE-121
3,BIN_4720605,13390,CWE-126,CWE-126,CWE-122,3643,CWE-121,CWE-121
3,BIN_4733716,14195,CWE-126,CWE-126,CWE-122,4448,CWE-121,CWE-122
3,BIN_4749824,13071,CWE-126,CWE-126,CWE-122,3324,CWE-121,CWE-121
3,BIN_4755052,13426,CWE-126,CWE-126,CWE-122,3679,CWE-122,CWE-121
3,BIN_4757442,14135,CWE-126,CWE-126,CWE-122,4388,CWE-121,CWE-122
3,BIN_4763729,14078,CWE-126,CWE-126,CWE-122,4331,CWE-122,CWE-122
3,BIN_4766491,13942,CWE-126,CWE-126,CWE-122,4195,CWE-122,CWE-122
3,BIN_4776300,14046,CWE-126,CWE-126,CWE-122,4299,CWE-121,CWE-122
3,BIN_4815420,14238,CWE-126,CWE-126,CWE-122,4491,CWE-121,CWE-122
3,BIN_4818534,13433,CWE-126,CWE-126,CWE-122,3686,CWE-122,CWE-121
3,BIN_4818982,13251,CWE-126,CWE-126,CWE-122,3504,CWE-121,CWE-122
3,BIN_4830379,13167,CWE-126,CWE-126,CWE-122,3420,CWE-121,CWE-121
3,BIN_4830871,14328,CWE-126,CWE-126,CWE-122,4581,CWE-121,CWE-121
3,BIN_4843592,14366,CWE-126,CWE-126,CWE-122,4619,CWE-121,CWE-121
3,BIN_4877726,10858,CWE-126,CWE-126,CWE-122,1111,CWE-126,CWE-121
3,BIN_4878635,14235,CWE-126,CWE-126,CWE-122,4488,CWE-122,CWE-122
3,BIN_4884145,14476,CWE-126,CWE-126,CWE-122,4729,CWE-121,CWE-122
3,BIN_4899283,13214,CWE-126,CWE-126,CWE-122,3467,CWE-121,CWE-121
3,BIN_4909341,13411,CWE-126,CWE-126,CWE-122,3664,CWE-121,CWE-122
3,BIN_4971103,14356,CWE-126,CWE-126,CWE-122,4609,CWE-121,CWE-121
3,BIN_4985946,13903,CWE-126,CWE-126,CWE-122,4156,CWE-122,CWE-122
3,BIN_4994584,13679,CWE-126,CWE-126,CWE-122,3932,CWE-122,CWE-121
3,BIN_5023653,13319,CWE-126,CWE-126,CWE-122,3572,CWE-121,CWE-121
3,BIN_5044745,14056,CWE-126,CWE-126,CWE-122,4309,CWE-122,CWE-122
3,BIN_5052502,13810,CWE-126,CWE-126,CWE-122,4063,CWE-121,CWE-122
3,BIN_5061889,14373,CWE-126,CWE-126,CWE-122,4626,CWE-121,CWE-121
3,BIN_5064937,13762,CWE-126,CWE-126,CWE-122,4015,CWE-121,CWE-122
3,BIN_5065862,13573,CWE-126,CWE-126,CWE-122,3826,CWE-121,CWE-121
3,BIN_5093686,13572,CWE-126,CWE-126,CWE-122,3825,CWE-121,CWE-121
3,BIN_5127502,13856,CWE-126,CWE-126,CWE-122,4109,CWE-121,CWE-122
3,BIN_5160898,13850,CWE-126,CWE-126,CWE-122,4103,CWE-121,CWE-122
3,BIN_5188965,13600,CWE-126,CWE-126,CWE-122,3853,CWE-121,CWE-122
3,BIN_5193006,14327,CWE-126,CWE-126,CWE-122,4580,CWE-121,CWE-121
3,BIN_5215170,13063,CWE-126,CWE-126,CWE-122,3316,CWE-121,CWE-121
3,BIN_5242380,13215,CWE-126,CWE-126,CWE-122,3468,CWE-121,CWE-121
3,BIN_5243528,14414,CWE-126,CWE-126,CWE-122,4667,CWE-121,CWE-121
3,BIN_5269174,13477,CWE-126,CWE-126,CWE-122,3730,CWE-121,CWE-121
3,BIN_5377690,14488,CWE-126,CWE-126,CWE-122,4741,CWE-121,CWE-122
3,BIN_5399119,13431,CWE-126,CWE-126,CWE-122,3684,CWE-122,CWE-121
3,BIN_5399787,14236,CWE-126,CWE-126,CWE-122,4489,CWE-122,CWE-122
3,BIN_5441256,13703,CWE-126,CWE-126,CWE-122,3956,CWE-121,CWE-122
3,BIN_5467431,13564,CWE-126,CWE-126,CWE-122,3817,CWE-121,CWE-121
3,BIN_5511556,13265,CWE-126,CWE-126,CWE-122,3518,CWE-121,CWE-122
3,BIN_5532182,13305,CWE-126,CWE-126,CWE-122,3558,CWE-121,CWE-121
3,BIN_5542058,14470,CWE-126,CWE-126,CWE-122,4723,CWE-121,CWE-122
3,BIN_5547737,13371,CWE-126,CWE-126,CWE-122,3624,CWE-121,CWE-121
3,BIN_5548070,14009,CWE-126,CWE-126,CWE-122,4262,CWE-122,CWE-122
3,BIN_5580390,13490,CWE-126,CWE-126,CWE-122,3743,CWE-121,CWE-121
3,BIN_5580461,14324,CWE-126,CWE-126,CWE-122,4577,CWE-121,CWE-121
3,BIN_5599303,14105,CWE-126,CWE-126,CWE-122,4358,CWE-122,CWE-122
3,BIN_5608900,14359,CWE-126,CWE-126,CWE-122,4612,CWE-121,CWE-121
3,BIN_5620810,13711,CWE-126,CWE-126,CWE-122,3964,CWE-121,CWE-122
3,BIN_5624880,13861,CWE-126,CWE-126,CWE-122,4114,CWE-121,CWE-122
3,BIN_5627233,14393,CWE-126,CWE-126,CWE-122,4646,CWE-121,CWE-122
3,BIN_5644059,14443,CWE-126,CWE-126,CWE-122,4696,CWE-121,CWE-122
3,BIN_5644176,13695,CWE-126,CWE-126,CWE-122,3948,CWE-121,CWE-122
3,BIN_5648822,13447,CWE-126,CWE-126,CWE-122,3700,CWE-121,CWE-121
3,BIN_5736906,13419,CWE-126,CWE-126,CWE-122,3672,CWE-122,CWE-121
3,BIN_5764153,13432,CWE-126,CWE-126,CWE-122,3685,CWE-122,CWE-121
3,BIN_5778589,13692,CWE-126,CWE-126,CWE-122,3945,CWE-122,CWE-121
3,BIN_5792368,13491,CWE-126,CWE-126,CWE-122,3744,CWE-121,CWE-121
3,BIN_5801304,13128,CWE-126,CWE-126,CWE-122,3381,CWE-121,CWE-121
3,BIN_5806038,13437,CWE-126,CWE-126,CWE-122,3690,CWE-121,CWE-121
3,BIN_5811931,14126,CWE-126,CWE-126,CWE-122,4379,CWE-121,CWE-122
3,BIN_5825848,13349,CWE-126,CWE-126,CWE-122,3602,CWE-121,CWE-121
3,BIN_5840664,13479,CWE-126,CWE-126,CWE-122,3732,CWE-121,CWE-121
3,BIN_5852246,13519,CWE-126,CWE-126,CWE-122,3772,CWE-121,CWE-121
3,BIN_5867960,13412,CWE-126,CWE-126,CWE-122,3665,CWE-122,CWE-121
3,BIN_5878827,13817,CWE-126,CWE-126,CWE-122,4070,CWE-122,CWE-122
3,BIN_5887289,13325,CWE-126,CWE-126,CWE-122,3578,CWE-122,CWE-122
3,BIN_5899877,13656,CWE-126,CWE-126,CWE-122,3909,CWE-121,CWE-121
3,BIN_5903967,14047,CWE-126,CWE-126,CWE-122,4300,CWE-122,CWE-122
3,BIN_5920706,13845,CWE-126,CWE-126,CWE-122,4098,CWE-121,CWE-122
3,BIN_5984453,13580,CWE-126,CWE-126,CWE-122,3833,CWE-121,CWE-121
3,BIN_5986718,13208,CWE-126,CWE-126,CWE-122,3461,CWE-121,CWE-121
3,BIN_6005861,14081,CWE-126,CWE-126,CWE-122,4334,CWE-122,CWE-122
3,BIN_6018286,13530,CWE-126,CWE-126,CWE-122,3783,CWE-121,CWE-121
3,BIN_6035116,14127,CWE-126,CWE-126,CWE-122,4380,CWE-121,CWE-122
3,BIN_6037270,13890,CWE-126,CWE-126,CWE-122,4143,CWE-122,CWE-122
3,BIN_6090340,13650,CWE-126,CWE-126,CWE-122,3903,CWE-121,CWE-121
3,BIN_6093443,14230,CWE-126,CWE-126,CWE-122,4483,CWE-122,CWE-122
3,BIN_6093816,13217,CWE-126,CWE-126,CWE-122,3470,CWE-121,CWE-121
3,BIN_6108768,13574,CWE-126,CWE-126,CWE-122,3827,CWE-121,CWE-121
3,BIN_6136338,14325,CWE-126,CWE-126,CWE-122,4578,CWE-121,CWE-121
3,BIN_6142338,14249,CWE-126,CWE-126,CWE-122,4502,CWE-122,CWE-122
3,BIN_6208709,14334,CWE-126,CWE-126,CWE-122,4587,CWE-121,CWE-121
3,BIN_6224592,14198,CWE-126,CWE-126,CWE-122,4451,CWE-122,CWE-122
3,BIN_6225105,13938,CWE-126,CWE-126,CWE-122,4191,CWE-122,CWE-122
3,BIN_6237488,13842,CWE-126,CWE-126,CWE-122,4095,CWE-121,CWE-122
3,BIN_6266346,14355,CWE-126,CWE-126,CWE-122,4608,CWE-121,CWE-121
3,BIN_6284445,13405,CWE-126,CWE-126,CWE-122,3658,CWE-122,CWE-121
3,BIN_6342230,13798,CWE-126,CWE-126,CWE-122,4051,CWE-122,CWE-122
3,BIN_6369065,13848,CWE-126,CWE-126,CWE-122,4101,CWE-121,CWE-122
3,BIN_6390794,13122,CWE-126,CWE-126,CWE-122,3375,CWE-122,CWE-121
3,BIN_6431366,14130,CWE-126,CWE-126,CWE-122,4383,CWE-121,CWE-122
3,BIN_6433752,13638,CWE-126,CWE-126,CWE-122,3891,CWE-121,CWE-121
3,BIN_6437533,14369,CWE-126,CWE-126,CWE-122,4622,CWE-121,CWE-121
3,BIN_6467064,13698,CWE-126,CWE-126,CWE-122,3951,CWE-121,CWE-122
3,BIN_6500607,13561,CWE-126,CWE-126,CWE-122,3814,CWE-121,CWE-121
3,BIN_6510301,13378,CWE-126,CWE-126,CWE-122,3631,CWE-121,CWE-121
3,BIN_6552941,13278,CWE-126,CWE-126,CWE-122,3531,CWE-121,CWE-122
3,BIN_6555142,13347,CWE-126,CWE-126,CWE-122,3600,CWE-121,CWE-121
3,BIN_6574893,13428,CWE-126,CWE-126,CWE-122,3681,CWE-122,CWE-121
3,BIN_6578324,13536,CWE-126,CWE-126,CWE-122,3789,CWE-121,CWE-121
3,BIN_6588502,14431,CWE-126,CWE-126,CWE-122,4684,CWE-121,CWE-122
3,BIN_6590970,14185,CWE-126,CWE-126,CWE-122,4438,CWE-122,CWE-122
3,BIN_6601783,13389,CWE-126,CWE-126,CWE-122,3642,CWE-121,CWE-121
3,BIN_6630483,13983,CWE-126,CWE-126,CWE-122,4236,CWE-121,CWE-122
3,BIN_6638724,13601,CWE-126,CWE-126,CWE-122,3854,CWE-121,CWE-122
3,BIN_6659544,13365,CWE-126,CWE-126,CWE-122,3618,CWE-121,CWE-121
3,BIN_6682077,13959,CWE-126,CWE-126,CWE-122,4212,CWE-122,CWE-122
3,BIN_6687862,13805,CWE-126,CWE-126,CWE-122,4058,CWE-122,CWE-122
3,BIN_6719636,13901,CWE-126,CWE-126,CWE-122,4154,CWE-122,CWE-122
3,BIN_6736827,13961,CWE-126,CWE-126,CWE-122,4214,CWE-122,CWE-122
3,BIN_6752620,14036,CWE-126,CWE-126,CWE-122,4289,CWE-122,CWE-122
3,BIN_6760482,13453,CWE-126,CWE-126,CWE-122,3706,CWE-121,CWE-121
3,BIN_6799654,14234,CWE-126,CWE-126,CWE-122,4487,CWE-122,CWE-122
3,BIN_6810242,13937,CWE-126,CWE-126,CWE-122,4190,CWE-122,CWE-122
3,BIN_6866979,13383,CWE-126,CWE-126,CWE-122,3636,CWE-121,CWE-121
3,BIN_6875043,13073,CWE-126,CWE-126,CWE-122,3326,CWE-121,CWE-121
3,BIN_6928437,13424,CWE-126,CWE-126,CWE-122,3677,CWE-122,CWE-121
3,BIN_6949968,13681,CWE-126,CWE-126,CWE-122,3934,CWE-122,CWE-121
3,BIN_6961271,10864,CWE-126,CWE-126,CWE-122,1117,CWE-126,CWE-121
3,BIN_6974734,13956,CWE-126,CWE-126,CWE-122,4209,CWE-121,CWE-122
3,BIN_7002843,13524,CWE-126,CWE-126,CWE-122,3777,CWE-121,CWE-121
3,BIN_7010073,14277,CWE-126,CWE-126,CWE-122,4530,CWE-121,CWE-121
3,BIN_7012051,13404,CWE-126,CWE-126,CWE-122,3657,CWE-122,CWE-121
3,BIN_7025945,14201,CWE-126,CWE-126,CWE-122,4454,CWE-122,CWE-122
3,BIN_7071646,13521,CWE-126,CWE-126,CWE-122,3774,CWE-121,CWE-121
3,BIN_7076803,14440,CWE-126,CWE-126,CWE-122,4693,CWE-121,CWE-122
3,BIN_7096367,13653,CWE-126,CWE-126,CWE-122,3906,CWE-121,CWE-121
3,BIN_7109123,13770,CWE-126,CWE-126,CWE-122,4023,CWE-122,CWE-122
3,BIN_7119537,13575,CWE-126,CWE-126,CWE-122,3828,CWE-121,CWE-121
3,BIN_7157206,13710,CWE-126,CWE-126,CWE-122,3963,CWE-121,CWE-122
3,BIN_7171523,13224,CWE-126,CWE-126,CWE-122,3477,CWE-121,CWE-121
3,BIN_7223457,14190,CWE-126,CWE-126,CWE-122,4443,CWE-121,CWE-122
3,BIN_7247478,13577,CWE-126,CWE-126,CWE-122,3830,CWE-121,CWE-121
3,BIN_7255451,14350,CWE-126,CWE-126,CWE-122,4603,CWE-121,CWE-121
3,BIN_7266303,13268,CWE-126,CWE-126,CWE-122,3521,CWE-121,CWE-122
3,BIN_7320707,14148,CWE-126,CWE-126,CWE-122,4401,CWE-121,CWE-122
3,BIN_7334408,13910,CWE-126,CWE-126,CWE-122,4163,CWE-122,CWE-122
3,BIN_7341307,13899,CWE-126,CWE-126,CWE-122,4152,CWE-122,CWE-122
3,BIN_7361260,13127,CWE-126,CWE-126,CWE-122,3380,CWE-121,CWE-121
3,BIN_7412223,14003,CWE-126,CWE-126,CWE-122,4256,CWE-121,CWE-122
3,BIN_7424311,13796,CWE-126,CWE-126,CWE-122,4049,CWE-122,CWE-122
3,BIN_7428800,13619,CWE-126,CWE-126,CWE-122,3872,CWE-121,CWE-121
3,BIN_7437256,13943,CWE-126,CWE-126,CWE-122,4196,CWE-122,CWE-122
3,BIN_7451422,13533,CWE-126,CWE-126,CWE-122,3786,CWE-121,CWE-121
3,BIN_7453150,14037,CWE-126,CWE-126,CWE-122,4290,CWE-122,CWE-122
3,BIN_7468233,13904,CWE-126,CWE-126,CWE-122,4157,CWE-122,CWE-122
3,BIN_7484751,13843,CWE-126,CWE-126,CWE-122,4096,CWE-121,CWE-122
3,BIN_7491870,14399,CWE-126,CWE-126,CWE-122,4652,CWE-121,CWE-122
3,BIN_7501391,13944,CWE-126,CWE-126,CWE-122,4197,CWE-122,CWE-122
3,BIN_7505706,14054,CWE-126,CWE-126,CWE-122,4307,CWE-122,CWE-122
3,BIN_7508370,10859,CWE-126,CWE-126,CWE-122,1112,CWE-126,CWE-121
3,BIN_7563366,13210,CWE-126,CWE-126,CWE-122,3463,CWE-121,CWE-121
3,BIN_7572530,13767,CWE-126,CWE-126,CWE-122,4020,CWE-122,CWE-122
3,BIN_7574094,14407,CWE-126,CWE-126,CWE-122,4660,CWE-121,CWE-122
3,BIN_7593428,14140,CWE-126,CWE-126,CWE-122,4393,CWE-121,CWE-122
3,BIN_7602088,13571,CWE-126,CWE-126,CWE-122,3824,CWE-121,CWE-121
3,BIN_7611578,14083,CWE-126,CWE-126,CWE-122,4336,CWE-122,CWE-122
3,BIN_7620848,13260,CWE-126,CWE-126,CWE-122,3513,CWE-121,CWE-122
3,BIN_7626714,14100,CWE-126,CWE-126,CWE-122,4353,CWE-121,CWE-122
3,BIN_7634612,14481,CWE-126,CWE-126,CWE-122,4734,CWE-121,CWE-122
3,BIN_7661705,13252,CWE-126,CWE-126,CWE-122,3505,CWE-121,CWE-122
3,BIN_7665479,13643,CWE-126,CWE-126,CWE-122,3896,CWE-121,CWE-121
3,BIN_7717243,14006,CWE-126,CWE-126,CWE-122,4259,CWE-122,CWE-122
3,BIN_7722119,14242,CWE-126,CWE-126,CWE-122,4495,CWE-121,CWE-122
3,BIN_7732936,14232,CWE-126,CWE-126,CWE-122,4485,CWE-122,CWE-122
3,BIN_7737839,13683,CWE-126,CWE-126,CWE-122,3936,CWE-122,CWE-121
3,BIN_7749479,13059,CWE-126,CWE-126,CWE-122,3312,CWE-121,CWE-121
3,BIN_7762344,13255,CWE-126,CWE-126,CWE-122,3508,CWE-121,CWE-122
3,BIN_7771745,13907,CWE-126,CWE-126,CWE-122,4160,CWE-121,CWE-122
3,BIN_7796763,14374,CWE-126,CWE-126,CWE-122,4627,CWE-121,CWE-121
3,BIN_7816345,14233,CWE-126,CWE-126,CWE-122,4486,CWE-122,CWE-122
3,BIN_7829594,13067,CWE-126,CWE-126,CWE-122,3320,CWE-121,CWE-121
3,BIN_7841743,14351,CWE-126,CWE-126,CWE-122,4604,CWE-121,CWE-121
3,BIN_7876070,14294,CWE-126,CWE-126,CWE-122,4547,CWE-121,CWE-121
3,BIN_7932736,14397,CWE-126,CWE-126,CWE-122,4650,CWE-121,CWE-122
3,BIN_7936107,14038,CWE-126,CWE-126,CWE-122,4291,CWE-122,CWE-122
3,BIN_7947351,13902,CWE-126,CWE-126,CWE-122,4155,CWE-121,CWE-122
3,BIN_7997659,14031,CWE-126,CWE-126,CWE-122,4284,CWE-122,CWE-122
3,BIN_8009368,14289,CWE-126,CWE-126,CWE-122,4542,CWE-121,CWE-121
3,BIN_8042217,13535,CWE-126,CWE-126,CWE-122,3788,CWE-121,CWE-121
3,BIN_8043175,13614,CWE-126,CWE-126,CWE-122,3867,CWE-121,CWE-122
3,BIN_8045376,10865,CWE-126,CWE-126,CWE-122,1118,CWE-122,CWE-121
3,BIN_8053591,13801,CWE-126,CWE-126,CWE-122,4054,CWE-122,CWE-122
3,BIN_8068328,13379,CWE-126,CWE-126,CWE-122,3632,CWE-121,CWE-121
3,BIN_8072041,13348,CWE-126,CWE-126,CWE-122,3601,CWE-121,CWE-121
3,BIN_8074579,13860,CWE-126,CWE-126,CWE-122,4113,CWE-121,CWE-122
3,BIN_8084283,13366,CWE-126,CWE-126,CWE-122,3619,CWE-121,CWE-121
3,BIN_8089435,13266,CWE-126,CWE-126,CWE-122,3519,CWE-122,CWE-122
3,BIN_8094755,13483,CWE-126,CWE-126,CWE-122,3736,CWE-121,CWE-121
3,BIN_8114560,14439,CWE-126,CWE-126,CWE-122,4692,CWE-121,CWE-122
3,BIN_8117480,14479,CWE-126,CWE-126,CWE-122,4732,CWE-121,CWE-122
3,BIN_8124415,13356,CWE-126,CWE-126,CWE-122,3609,CWE-121,CWE-121
3,BIN_8129158,13498,CWE-126,CWE-126,CWE-122,3751,CWE-121,CWE-121
3,BIN_8135773,13416,CWE-126,CWE-126,CWE-122,3669,CWE-121,CWE-121
3,BIN_8162248,14226,CWE-126,CWE-126,CWE-122,4479,CWE-122,CWE-122
3,BIN_8225723,14050,CWE-126,CWE-126,CWE-122,4303,CWE-121,CWE-122
3,BIN_8231443,13844,CWE-126,CWE-126,CWE-122,4097,CWE-121,CWE-122
3,BIN_8233200,13935,CWE-126,CWE-126,CWE-122,4188,CWE-122,CWE-122
3,BIN_8249277,13438,CWE-126,CWE-126,CWE-122,3691,CWE-121,CWE-121
3,BIN_8269475,14492,CWE-126,CWE-126,CWE-122,4745,CWE-121,CWE-121
3,BIN_8293598,13489,CWE-126,CWE-126,CWE-122,3742,CWE-121,CWE-121
3,BIN_8333154,13900,CWE-126,CWE-126,CWE-122,4153,CWE-122,CWE-122
3,BIN_8338635,13205,CWE-126,CWE-126,CWE-122,3458,CWE-121,CWE-121
3,BIN_8341394,13164,CWE-126,CWE-126,CWE-122,3417,CWE-121,CWE-121
3,BIN_8363440,13565,CWE-126,CWE-126,CWE-122,3818,CWE-121,CWE-121
3,BIN_8408189,13948,CWE-126,CWE-126,CWE-122,4201,CWE-122,CWE-122
3,BIN_8423840,14182,CWE-126,CWE-126,CWE-122,4435,CWE-122,CWE-122
3,BIN_8432102,13792,CWE-126,CWE-126,CWE-122,4045,CWE-122,CWE-122
3,BIN_8441314,13750,CWE-126,CWE-126,CWE-122,4003,CWE-122,CWE-122
3,BIN_8450620,14490,CWE-126,CWE-126,CWE-122,4743,CWE-121,CWE-122
3,BIN_8502721,13766,CWE-126,CWE-126,CWE-122,4019,CWE-122,CWE-122
3,BIN_8509529,14284,CWE-126,CWE-126,CWE-122,4537,CWE-121,CWE-121
3,BIN_8518387,14451,CWE-126,CWE-126,CWE-122,4704,CWE-121,CWE-122
3,BIN_8535254,14222,CWE-126,CWE-126,CWE-122,4475,CWE-122,CWE-122
3,BIN_8540393,14390,CWE-126,CWE-126,CWE-122,4643,CWE-121,CWE-122
3,BIN_8545836,13794,CWE-126,CWE-126,CWE-122,4047,CWE-122,CWE-122
3,BIN_8587032,14272,CWE-126,CWE-126,CWE-122,4525,CWE-121,CWE-121
3,BIN_8593127,13117,CWE-126,CWE-126,CWE-122,3370,CWE-121,CWE-121
3,BIN_8594483,13446,CWE-126,CWE-126,CWE-122,3699,CWE-121,CWE-121
3,BIN_8611816,13755,CWE-126,CWE-126,CWE-122,4008,CWE-122,CWE-122
3,BIN_8657872,14132,CWE-126,CWE-126,CWE-122,4385,CWE-121,CWE-122
3,BIN_8665872,13647,CWE-126,CWE-126,CWE-122,3900,CWE-121,CWE-121
3,BIN_8681267,14404,CWE-126,CWE-126,CWE-122,4657,CWE-121,CWE-122
3,BIN_8690370,13859,CWE-126,CWE-126,CWE-122,4112,CWE-121,CWE-122
3,BIN_8696748,14008,CWE-126,CWE-126,CWE-122,4261,CWE-121,CWE-122
3,BIN_8740782,14480,CWE-126,CWE-126,CWE-122,4733,CWE-121,CWE-122
3,BIN_8741927,14310,CWE-126,CWE-126,CWE-122,4563,CWE-121,CWE-121
3,BIN_8747710,13851,CWE-126,CWE-126,CWE-122,4104,CWE-121,CWE-122
3,BIN_8759947,13989,CWE-126,CWE-126,CWE-122,4242,CWE-121,CWE-122
3,BIN_8767074,13258,CWE-126,CWE-126,CWE-122,3511,CWE-121,CWE-122
3,BIN_8776249,14317,CWE-126,CWE-126,CWE-122,4570,CWE-121,CWE-121
3,BIN_8787588,14449,CWE-126,CWE-126,CWE-122,4702,CWE-121,CWE-122
3,BIN_8792561,13579,CWE-126,CWE-126,CWE-122,3832,CWE-121,CWE-121
3,BIN_8793420,14184,CWE-126,CWE-126,CWE-122,4437,CWE-122,CWE-122
3,BIN_8809955,13114,CWE-126,CWE-126,CWE-122,3367,CWE-121,CWE-121
3,BIN_8811266,14128,CWE-126,CWE-126,CWE-122,4381,CWE-121,CWE-122
3,BIN_8814953,14086,CWE-126,CWE-126,CWE-122,4339,CWE-122,CWE-122
3,BIN_8821232,14092,CWE-126,CWE-126,CWE-122,4345,CWE-122,CWE-122
3,BIN_8850772,14197,CWE-126,CWE-126,CWE-122,4450,CWE-121,CWE-122
3,BIN_8852938,14365,CWE-126,CWE-126,CWE-122,4618,CWE-121,CWE-121
3,BIN_8856767,13484,CWE-126,CWE-126,CWE-122,3737,CWE-121,CWE-121
3,BIN_8862029,13608,CWE-126,CWE-126,CWE-122,3861,CWE-121,CWE-122
3,BIN_8893018,13753,CWE-126,CWE-126,CWE-122,4006,CWE-122,CWE-122
3,BIN_8943819,14410,CWE-126,CWE-126,CWE-122,4663,CWE-121,CWE-122
3,BIN_8956899,14413,CWE-126,CWE-126,CWE-122,4666,CWE-121,CWE-121
3,BIN_8968129,14453,CWE-126,CWE-126,CWE-122,4706,CWE-121,CWE-121
3,BIN_8973888,14240,CWE-126,CWE-126,CWE-122,4493,CWE-122,CWE-122
3,BIN_9028121,13302,CWE-126,CWE-126,CWE-122,3555,CWE-121,CWE-121
3,BIN_9037997,13852,CWE-126,CWE-126,CWE-122,4105,CWE-121,CWE-122
3,BIN_9043911,14320,CWE-126,CWE-126,CWE-122,4573,CWE-121,CWE-121
3,BIN_9051584,14477,CWE-126,CWE-126,CWE-122,4730,CWE-121,CWE-122
3,BIN_9066091,13655,CWE-126,CWE-126,CWE-122,3908,CWE-121,CWE-121
3,BIN_9071993,13654,CWE-126,CWE-126,CWE-122,3907,CWE-121,CWE-121
3,BIN_9086101,13578,CWE-126,CWE-126,CWE-122,3831,CWE-121,CWE-121
3,BIN_9088365,13177,CWE-126,CWE-126,CWE-122,3430,CWE-121,CWE-121
3,BIN_9116097,14196,CWE-126,CWE-126,CWE-122,4449,CWE-121,CWE-122
3,BIN_9127781,13388,CWE-126,CWE-126,CWE-122,3641,CWE-121,CWE-121
3,BIN_9138388,13430,CWE-126,CWE-126,CWE-122,3683,CWE-122,CWE-121
3,BIN_9141353,13676,CWE-126,CWE-126,CWE-122,3929,CWE-122,CWE-121
3,BIN_9145994,13742,CWE-126,CWE-126,CWE-122,3995,CWE-122,CWE-122
3,BIN_9146620,14191,CWE-126,CWE-126,CWE-122,4444,CWE-122,CWE-122
3,BIN_9151490,13988,CWE-126,CWE-126,CWE-122,4241,CWE-121,CWE-122
3,BIN_9157602,13685,CWE-126,CWE-126,CWE-122,3938,CWE-122,CWE-121
3,BIN_9174056,13686,CWE-126,CWE-126,CWE-122,3939,CWE-122,CWE-121
3,BIN_9202383,13534,CWE-126,CWE-126,CWE-122,3787,CWE-121,CWE-121
3,BIN_9227098,13719,CWE-126,CWE-126,CWE-122,3972,CWE-121,CWE-122
3,BIN_9228654,13391,CWE-126,CWE-126,CWE-122,3644,CWE-121,CWE-121
3,BIN_9230545,13803,CWE-126,CWE-126,CWE-122,4056,CWE-122,CWE-122
3,BIN_9242386,14040,CWE-126,CWE-126,CWE-122,4293,CWE-122,CWE-122
3,BIN_9333268,14316,CWE-126,CWE-126,CWE-122,4569,CWE-121,CWE-121
3,BIN_9334548,13482,CWE-126,CWE-126,CWE-122,3735,CWE-121,CWE-121
3,BIN_9370193,14136,CWE-126,CWE-126,CWE-122,4389,CWE-121,CWE-122
3,BIN_9453136,13799,CWE-126,CWE-126,CWE-122,4052,CWE-122,CWE-122
3,BIN_9470562,13841,CWE-126,CWE-126,CWE-122,4094,CWE-121,CWE-122
3,BIN_9471919,13375,CWE-126,CWE-126,CWE-122,3628,CWE-121,CWE-121
3,BIN_9513890,13563,CWE-126,CWE-126,CWE-122,3816,CWE-121,CWE-121
3,BIN_9527396,13523,CWE-126,CWE-126,CWE-122,3776,CWE-121,CWE-121
3,BIN_9534959,13299,CWE-126,CWE-126,CWE-122,3552,CWE-121,CWE-121
3,BIN_9547465,13439,CWE-126,CWE-126,CWE-122,3692,CWE-121,CWE-121
3,BIN_9551238,13954,CWE-126,CWE-126,CWE-122,4207,CWE-121,CWE-122
3,BIN_9574671,13598,CWE-126,CWE-126,CWE-122,3851,CWE-121,CWE-122
3,BIN_9576775,13749,CWE-126,CWE-126,CWE-122,4002,CWE-122,CWE-122
3,BIN_9581094,13985,CWE-126,CWE-126,CWE-122,4238,CWE-121,CWE-122
3,BIN_9582713,13372,CWE-126,CWE-126,CWE-122,3625,CWE-121,CWE-121
3,BIN_9587164,13886,CWE-126,CWE-126,CWE-122,4139,CWE-122,CWE-122
3,BIN_9596405,13322,CWE-126,CWE-126,CWE-122,3575,CWE-122,CWE-122
3,BIN_9618245,13610,CWE-126,CWE-126,CWE-122,3863,CWE-121,CWE-122
3,BIN_9685915,14408,CWE-126,CWE-126,CWE-122,4661,CWE-121,CWE-122
3,BIN_9693404,13277,CWE-126,CWE-126,CWE-122,3530,CWE-122,CWE-122
3,BIN_9693417,13576,CWE-126,CWE-126,CWE-122,3829,CWE-121,CWE-121
3,BIN_9724521,13602,CWE-126,CWE-126,CWE-122,3855,CWE-121,CWE-122
3,BIN_9736134,14315,CWE-126,CWE-126,CWE-122,4568,CWE-121,CWE-121
3,BIN_9737687,14045,CWE-126,CWE-126,CWE-122,4298,CWE-122,CWE-122
3,BIN_9742158,14034,CWE-126,CWE-126,CWE-122,4287,CWE-122,CWE-122
3,BIN_9769696,13393,CWE-126,CWE-126,CWE-122,3646,CWE-121,CWE-121
3,BIN_9778109,14004,CWE-126,CWE-126,CWE-122,4257,CWE-121,CWE-122
3,BIN_9829751,14082,CWE-126,CWE-126,CWE-122,4335,CWE-122,CWE-122
3,BIN_9829755,14432,CWE-126,CWE-126,CWE-122,4685,CWE-121,CWE-122
3,BIN_9832796,10833,CWE-126,CWE-126,CWE-122,1086,CWE-126,CWE-122
3,BIN_9862327,14134,CWE-126,CWE-126,CWE-122,4387,CWE-121,CWE-122
3,BIN_9887173,13353,CWE-126,CWE-126,CWE-122,3606,CWE-121,CWE-121
3,BIN_9902276,13658,CWE-126,CWE-126,CWE-122,3911,CWE-121,CWE-121
3,BIN_9904910,13649,CWE-126,CWE-126,CWE-122,3902,CWE-121,CWE-121
3,BIN_9906926,13182,CWE-126,CWE-126,CWE-122,3435,CWE-122,CWE-122
3,BIN_9913155,14412,CWE-126,CWE-126,CWE-122,4665,CWE-121,CWE-121
3,BIN_9942598,13813,CWE-126,CWE-126,CWE-122,4066,CWE-121,CWE-122
3,BIN_9945092,13123,CWE-126,CWE-126,CWE-122,3376,CWE-121,CWE-121
3,BIN_9946918,14250,CWE-126,CWE-126,CWE-122,4503,CWE-122,CWE-122
3,BIN_9959174,14176,CWE-126,CWE-126,CWE-122,4429,CWE-122,CWE-122
3,BIN_9963057,13312,CWE-126,CWE-126,CWE-122,3565,CWE-121,CWE-121
3,BIN_9969008,14494,CWE-126,CWE-126,CWE-122,4747,CWE-121,CWE-121
3,BIN_9973165,13162,CWE-126,CWE-126,CWE-122,3415,CWE-121,CWE-121
3,BIN_9978396,13267,CWE-126,CWE-126,CWE-122,3520,CWE-121,CWE-122
3,BIN_9982539,13745,CWE-126,CWE-126,CWE-122,3998,CWE-122,CWE-122
