split,alpha_meta,w2,variant,macro_f1,per_class_f1,counts
ratio_prefix,0.6000000000000001,1.16,raw,0.7699170033487865,"{'0': 0.8661311162294253, '1': 0.8584745762711864, '2': 0.5851453175457482}","{'0': 8999, '1': 2632, '2': 1952}"
ratio_prefix,0.4,1.16,raw,0.7692921370266249,"{'0': 0.8639645273151043, '1': 0.8591607810552555, '2': 0.5847511027095148}","{'0': 8789, '1': 2726, '2': 2068}"
ratio_prefix,0.5,1.16,raw,0.7686516917103224,"{'0': 0.865150832958127, '1': 0.8572033001903956, '2': 0.5836009419824448}","{'0': 8966, '1': 2639, '2': 1978}"
ratio_prefix,0.5,1.08,raw,0.7682313250866226,"{'0': 0.8654300168634064, '1': 0.8572033001903956, '2': 0.5820606582060658}","{'0': 8988, '1': 2639, '2': 1956}"
ratio_prefix,0.5,1.25,raw,0.768116941367088,"{'0': 0.8633386040207816, '1': 0.8572033001903956, '2': 0.5838089198900867}","{'0': 8906, '1': 2639, '2': 2038}"
ratio_prefix,0.4,1.25,raw,0.7678361308940919,"{'0': 0.8622515802061386, '1': 0.8596965287881937, '2': 0.5815602836879432}","{'0': 8759, '1': 2723, '2': 2101}"
ratio_prefix,0.4,1.08,raw,0.7676431998578299,"{'0': 0.8647269014803471, '1': 0.8575575368028199, '2': 0.5806451612903226}","{'0': 8829, '1': 2735, '2': 2019}"
ratio_prefix,0.7000000000000001,1.0,raw,0.7675927276326538,"{'0': 0.8697005056398288, '1': 0.855748833262622, '2': 0.5773288439955107}","{'0': 9195, '1': 2626, '2': 1762}"
ratio_prefix,0.7000000000000001,0.9,raw,0.767055270044926,"{'0': 0.8706156147836206, '1': 0.855748833262622, '2': 0.5748013620885357}","{'0': 9245, '1': 2626, '2': 1712}"
ratio_prefix,0.6000000000000001,1.0,raw,0.7670466563017886,"{'0': 0.8678318164051594, '1': 0.8570219966159053, '2': 0.5762861558843012}","{'0': 9107, '1': 2640, '2': 1836}"
ratio_prefix,0.6000000000000001,1.08,raw,0.7669716997592907,"{'0': 0.8668941979522184, '1': 0.8570219966159053, '2': 0.5769989047097481}","{'0': 9071, '1': 2640, '2': 1872}"
ratio_prefix,0.6000000000000001,0.9,raw,0.7669457739616821,"{'0': 0.8697537383956863, '1': 0.8570219966159053, '2': 0.5740615868734547}","{'0': 9187, '1': 2640, '2': 1756}"
ratio_prefix,0.6000000000000001,1.25,raw,0.7660343032732703,"{'0': 0.8607437549451792, '1': 0.8590205639177443, '2': 0.5783385909568874}","{'0': 8892, '1': 2629, '2': 2062}"
ratio_prefix,0.5,1.0,raw,0.7657279700301766,"{'0': 0.8654773925726467, '1': 0.8559357836924377, '2': 0.5757707338254451}","{'0': 9024, '1': 2646, '2': 1913}"
ratio_prefix,0.5,0.9,raw,0.7655715890322901,"{'0': 0.8663867898124825, '1': 0.8553937090985856, '2': 0.574934268185802}","{'0': 9063, '1': 2649, '2': 1871}"
ratio_prefix,0.4,1.0,raw,0.765531321141354,"{'0': 0.8647731130474143, '1': 0.8570244508910071, '2': 0.5747963994856408}","{'0': 8872, '1': 2738, '2': 1973}"
ratio_prefix,0.4,0.9,raw,0.7652839218325522,"{'0': 0.8675392079431343, '1': 0.8540206185567011, '2': 0.5742919389978214}","{'0': 8924, '1': 2762, '2': 1897}"
ratio_prefix,0.30000000000000004,1.25,raw,0.763942637947648,"{'0': 0.8582230623818525, '1': 0.8541924824452706, '2': 0.5794123690158208}","{'0': 8655, '1': 2754, '2': 2174}"
ratio_prefix,0.7000000000000001,1.08,raw,0.7634932009369396,"{'0': 0.8642389662695084, '1': 0.855748833262622, '2': 0.5704918032786885}","{'0': 9075, '1': 2626, '2': 1882}"
ratio_prefix,0.30000000000000004,1.0,raw,0.7634851901432519,"{'0': 0.8625042647560559, '1': 0.8517376105284804, '2': 0.5762136951452195}","{'0': 8784, '1': 2775, '2': 2024}"
ratio_prefix,0.7000000000000001,1.25,raw,0.7633672826928416,"{'0': 0.8579033810953163, '1': 0.8570214574038666, '2': 0.5751770095793419}","{'0': 8855, '1': 2619, '2': 2109}"
ratio_prefix,0.9,1.25,raw,0.7632526207824877,"{'0': 0.8592567491245905, '1': 0.8540379288301726, '2': 0.5764631843926998}","{'0': 8904, '1': 2605, '2': 2074}"
ratio_prefix,0.30000000000000004,1.08,raw,0.7631933622028239,"{'0': 0.8613105413105413, '1': 0.8519127930892637, '2': 0.5763567522086663}","{'0': 8748, '1': 2774, '2': 2061}"
ratio_prefix,0.8,1.25,raw,0.7630454135205587,"{'0': 0.8600293486849532, '1': 0.8555060471037556, '2': 0.5736008447729672}","{'0': 8916, '1': 2625, '2': 2042}"
ratio_prefix,0.30000000000000004,0.9,raw,0.7625769689861907,"{'0': 0.8646748681898067, '1': 0.8492925979085504, '2': 0.573763440860215}","{'0': 8837, '1': 2789, '2': 1957}"
ratio_prefix,0.30000000000000004,1.16,raw,0.7623827428845535,"{'0': 0.8593642808140864, '1': 0.852202552490737, '2': 0.5755813953488372}","{'0': 8690, '1': 2770, '2': 2123}"
ratio_prefix,0.8,0.9,raw,0.7623437487199277,"{'0': 0.8669146632613403, '1': 0.8555060471037556, '2': 0.5646105357946871}","{'0': 9209, '1': 2625, '2': 1749}"
ratio_prefix,0.8,1.16,raw,0.7618098653784416,"{'0': 0.860136314989016, '1': 0.8555060471037556, '2': 0.5697872340425532}","{'0': 8951, '1': 2625, '2': 2007}"
ratio_prefix,0.7000000000000001,1.16,raw,0.7617927694116345,"{'0': 0.8605828738606954, '1': 0.855748833262622, '2': 0.5690466011115861}","{'0': 8972, '1': 2626, '2': 1985}"
ratio_prefix,1.0,1.08,raw,0.7612741858221467,"{'0': 0.8605604537541416, '1': 0.8540379288301726, '2': 0.5692241748821261}","{'0': 9005, '1': 2605, '2': 1973}"
ratio_prefix,0.2,1.16,raw,0.7608864099933949,"{'0': 0.8582776882339397, '1': 0.8461224489795919, '2': 0.578259092766653}","{'0': 8570, '1': 2812, '2': 2201}"
ratio_prefix,1.0,1.16,raw,0.7608383584006342,"{'0': 0.8596658979695146, '1': 0.8540379288301726, '2': 0.5688112484022156}","{'0': 8977, '1': 2605, '2': 2001}"
ratio_prefix,1.0,1.25,raw,0.7605006644778677,"{'0': 0.8589447604031758, '1': 0.8540379288301726, '2': 0.5685193042002545}","{'0': 8957, '1': 2605, '2': 2021}"
ratio_prefix,0.8,1.0,raw,0.7602775210435663,"{'0': 0.8621307072515667, '1': 0.8555060471037556, '2': 0.5631958087753766}","{'0': 9070, '1': 2625, '2': 1888}"
ratio_prefix,0.9,1.08,raw,0.7602694637680135,"{'0': 0.8601897064601224, '1': 0.8540379288301726, '2': 0.5665807560137457}","{'0': 9015, '1': 2605, '2': 1963}"
ratio_prefix,0.8,1.08,raw,0.7600897673673513,"{'0': 0.8602090122485673, '1': 0.8555060471037556, '2': 0.5645542427497314}","{'0': 8996, '1': 2625, '2': 1962}"
ratio_prefix,0.9,1.16,raw,0.7599086085010699,"{'0': 0.8590709706444719, '1': 0.8540379288301726, '2': 0.5666169260285654}","{'0': 8980, '1': 2605, '2': 1998}"
ratio_prefix,0.2,1.25,raw,0.7596173261453583,"{'0': 0.855656997573096, '1': 0.8462951622780159, '2': 0.5768998185849628}","{'0': 8504, '1': 2811, '2': 2268}"
ratio_prefix,0.9,1.0,raw,0.7594563595995555,"{'0': 0.8607736662374741, '1': 0.8540379288301726, '2': 0.5635574837310195}","{'0': 9061, '1': 2605, '2': 1917}"
ratio_prefix,0.2,1.0,raw,0.758368198243868,"{'0': 0.861978273299028, '1': 0.8419983753046304, '2': 0.5711279461279462}","{'0': 8688, '1': 2836, '2': 2059}"
ratio_prefix,1.0,1.0,raw,0.7583170688842343,"{'0': 0.8619536128456735, '1': 0.8540379288301726, '2': 0.558959664976857}","{'0': 9134, '1': 2605, '2': 1844}"
ratio_prefix,0.2,1.08,raw,0.7582267182141016,"{'0': 0.8601928374655647, '1': 0.842169408897014, '2': 0.5723179082797261}","{'0': 8622, '1': 2835, '2': 2126}"
ratio_prefix,0.9,0.9,raw,0.7570645563782952,"{'0': 0.8632957762113559, '1': 0.8540379288301726, '2': 0.5538599640933572}","{'0': 9215, '1': 2605, '2': 1763}"
ratio_prefix,0.2,0.9,raw,0.7570139599156418,"{'0': 0.8640793297999658, '1': 0.8394411824255922, '2': 0.5675213675213675}","{'0': 8745, '1': 2851, '2': 1987}"
ratio_prefix,0.1,1.16,raw,0.755082155922684,"{'0': 0.8541147854288528, '1': 0.8416565164433617, '2': 0.5694751658958376}","{'0': 8465, '1': 2838, '2': 2280}"
ratio_prefix,0.1,1.0,raw,0.7533329718621792,"{'0': 0.8595240832279573, '1': 0.8348771647200967, '2': 0.565597667638484}","{'0': 8596, '1': 2878, '2': 2109}"
ratio_prefix,0.1,1.25,raw,0.753002662264644,"{'0': 0.8500816041035206, '1': 0.8416565164433617, '2': 0.5672698662470496}","{'0': 8354, '1': 2838, '2': 2391}"
ratio_prefix,0.1,1.08,raw,0.7518961075077243,"{'0': 0.8564833516071325, '1': 0.8367305751765893, '2': 0.562474395739451}","{'0': 8527, '1': 2867, '2': 2189}"
ratio_prefix,0.1,0.9,raw,0.7514436246420324,"{'0': 0.8623453962437013, '1': 0.829365873174635, '2': 0.562619604507761}","{'0': 8662, '1': 2911, '2': 2010}"
ratio_prefix,1.0,0.9,raw,0.7508227463672682,"{'0': 0.8630627651953491, '1': 0.8540379288301726, '2': 0.5353675450762829}","{'0': 9345, '1': 2605, '2': 1633}"
ratio_prefix,0.1,1.0,quota,0.7496475138719559,"{'0': 0.8668484435355601, '1': 0.8280651340996169, '2': 0.5540289639806907}","{'0': 8802, '1': 2088, '2': 2693}"
ratio_prefix,0.0,1.16,raw,0.7487033732791111,"{'0': 0.8500379429105132, '1': 0.8332998996990973, '2': 0.5627722772277227}","{'0': 8329, '1': 2897, '2': 2357}"
ratio_prefix,0.1,1.08,quota,0.748270522653236,"{'0': 0.863099295614633, '1': 0.8247126436781609, '2': 0.5569996286669142}","{'0': 8802, '1': 2088, '2': 2693}"
ratio_prefix,0.1,0.9,quota,0.7475460914803317,"{'0': 0.865371506475801, '1': 0.8280651340996169, '2': 0.5492016338655774}","{'0': 8802, '1': 2088, '2': 2693}"
ratio_prefix,0.0,1.25,raw,0.7473843758333568,"{'0': 0.8474913646741994, '1': 0.8349748743718592, '2': 0.5596868884540117}","{'0': 8279, '1': 2887, '2': 2417}"
ratio_prefix,0.0,1.08,raw,0.7473167551903245,"{'0': 0.8508879184861717, '1': 0.8309661932386477, '2': 0.5600961538461539}","{'0': 8373, '1': 2911, '2': 2299}"
ratio_prefix,0.2,1.25,quota,0.7463646073683959,"{'0': 0.8616223585548739, '1': 0.8256704980842912, '2': 0.551800965466023}","{'0': 8802, '1': 2088, '2': 2693}"
ratio_prefix,0.0,0.9,quota,0.7460761038172427,"{'0': 0.8648034537605089, '1': 0.8208812260536399, '2': 0.5525436316375789}","{'0': 8802, '1': 2088, '2': 2693}"
ratio_prefix,0.4,1.16,quota,0.7458320459765421,"{'0': 0.8648034537605089, '1': 0.8242337164750958, '2': 0.5484589676940216}","{'0': 8802, '1': 2088, '2': 2693}"
ratio_prefix,0.0,1.16,quota,0.7456134078347644,"{'0': 0.8535560099977277, '1': 0.8184865900383141, '2': 0.564797623468251}","{'0': 8802, '1': 2088, '2': 2693}"
ratio_prefix,0.0,0.9,raw,0.7452236272487754,"{'0': 0.8569780853517878, '1': 0.8240428486411426, '2': 0.554649947753396}","{'0': 8538, '1': 2953, '2': 2092}"
ratio_prefix,0.1,1.25,quota,0.7451225875560724,"{'0': 0.8519654623949102, '1': 0.8223180076628352, '2': 0.5610842926104715}","{'0': 8802, '1': 2088, '2': 2693}"
ratio_prefix,0.0,1.08,quota,0.7451127001981587,"{'0': 0.856509884117246, '1': 0.8184865900383141, '2': 0.5603416264389157}","{'0': 8802, '1': 2088, '2': 2693}"
ratio_prefix,0.4,1.25,quota,0.7447790496324137,"{'0': 0.8627584639854579, '1': 0.8242337164750958, '2': 0.5473449684366877}","{'0': 8802, '1': 2088, '2': 2693}"
ratio_prefix,0.0,1.0,raw,0.7446782800500468,"{'0': 0.8515829218704618, '1': 0.8278198485452372, '2': 0.5546320697344416}","{'0': 8413, '1': 2930, '2': 2240}"
ratio_prefix,0.4,0.9,quota,0.744538862966312,"{'0': 0.8638945694160418, '1': 0.8242337164750958, '2': 0.545488303007798}","{'0': 8802, '1': 2088, '2': 2693}"
ratio_prefix,0.4,1.0,quota,0.744538862966312,"{'0': 0.8638945694160418, '1': 0.8242337164750958, '2': 0.545488303007798}","{'0': 8802, '1': 2088, '2': 2693}"
ratio_prefix,0.4,1.08,quota,0.744538862966312,"{'0': 0.8638945694160418, '1': 0.8242337164750958, '2': 0.545488303007798}","{'0': 8802, '1': 2088, '2': 2693}"
ratio_prefix,0.30000000000000004,1.0,quota,0.7442155672137543,"{'0': 0.863667348329925, '1': 0.8242337164750958, '2': 0.5447456368362421}","{'0': 8802, '1': 2088, '2': 2693}"
ratio_prefix,0.0,1.25,quota,0.744212211137044,"{'0': 0.8493524199045671, '1': 0.8184865900383141, '2': 0.564797623468251}","{'0': 8802, '1': 2088, '2': 2693}"
ratio_prefix,0.30000000000000004,1.16,quota,0.7441177206784652,"{'0': 0.8600318109520564, '1': 0.8242337164750958, '2': 0.5480876346082436}","{'0': 8802, '1': 2088, '2': 2693}"
ratio_prefix,0.1,1.16,quota,0.7440904851049203,"{'0': 0.85764598954783, '1': 0.8146551724137931, '2': 0.5599702933531377}","{'0': 8802, '1': 2088, '2': 2693}"
ratio_prefix,0.30000000000000004,1.08,quota,0.743950475946618,"{'0': 0.8628720745285162, '1': 0.8242337164750958, '2': 0.5447456368362421}","{'0': 8802, '1': 2088, '2': 2693}"
ratio_prefix,0.2,0.9,quota,0.7438659207310238,"{'0': 0.8637809588729835, '1': 0.8256704980842912, '2': 0.5421463052357965}","{'0': 8802, '1': 2088, '2': 2693}"
ratio_prefix,0.2,1.16,quota,0.7437782413479356,"{'0': 0.8598045898659396, '1': 0.8256704980842912, '2': 0.5458596360935759}","{'0': 8802, '1': 2088, '2': 2693}"
ratio_prefix,0.30000000000000004,0.9,quota,0.7435689757086391,"{'0': 0.8632129061576914, '1': 0.8242337164750958, '2': 0.5432603044931303}","{'0': 8802, '1': 2088, '2': 2693}"
ratio_prefix,0.2,1.0,quota,0.7434391815876086,"{'0': 0.8628720745285162, '1': 0.8256704980842912, '2': 0.5417749721500186}","{'0': 8802, '1': 2088, '2': 2693}"
ratio_prefix,0.2,1.08,quota,0.7433311679001187,"{'0': 0.8595773687798227, '1': 0.8256704980842912, '2': 0.5447456368362421}","{'0': 8802, '1': 2088, '2': 2693}"
ratio_prefix,0.0,1.0,quota,0.7428117597492362,"{'0': 0.8548057259713702, '1': 0.8184865900383141, '2': 0.5551429632380245}","{'0': 8802, '1': 2088, '2': 2693}"
ratio_prefix,0.30000000000000004,1.25,quota,0.7423700954960015,"{'0': 0.8577596000908885, '1': 0.8242337164750958, '2': 0.5451169699220201}","{'0': 8802, '1': 2088, '2': 2693}"
ratio_prefix,0.5,0.9,quota,0.7403860150461187,"{'0': 0.8586684844353556, '1': 0.8184865900383141, '2': 0.5440029706646862}","{'0': 8802, '1': 2088, '2': 2693}"
ratio_prefix,0.5,1.0,quota,0.7403860150461187,"{'0': 0.8586684844353556, '1': 0.8184865900383141, '2': 0.5440029706646862}","{'0': 8802, '1': 2088, '2': 2693}"
ratio_prefix,0.5,1.08,quota,0.7403860150461187,"{'0': 0.8586684844353556, '1': 0.8184865900383141, '2': 0.5440029706646862}","{'0': 8802, '1': 2088, '2': 2693}"
ratio_prefix,0.5,1.16,quota,0.7403860150461187,"{'0': 0.8586684844353556, '1': 0.8184865900383141, '2': 0.5440029706646862}","{'0': 8802, '1': 2088, '2': 2693}"
ratio_prefix,0.5,1.25,quota,0.7403860150461187,"{'0': 0.8586684844353556, '1': 0.8184865900383141, '2': 0.5440029706646862}","{'0': 8802, '1': 2088, '2': 2693}"
ratio_prefix,0.8,0.9,quota,0.7402128477189934,"{'0': 0.8581004317200637, '1': 0.8170498084291188, '2': 0.545488303007798}","{'0': 8802, '1': 2088, '2': 2693}"
ratio_prefix,0.8,1.0,quota,0.7402128477189934,"{'0': 0.8581004317200637, '1': 0.8170498084291188, '2': 0.545488303007798}","{'0': 8802, '1': 2088, '2': 2693}"
ratio_prefix,0.8,1.08,quota,0.7402128477189934,"{'0': 0.8581004317200637, '1': 0.8170498084291188, '2': 0.545488303007798}","{'0': 8802, '1': 2088, '2': 2693}"
ratio_prefix,0.8,1.16,quota,0.7402128477189934,"{'0': 0.8581004317200637, '1': 0.8170498084291188, '2': 0.545488303007798}","{'0': 8802, '1': 2088, '2': 2693}"
ratio_prefix,0.8,1.25,quota,0.7402128477189934,"{'0': 0.8581004317200637, '1': 0.8170498084291188, '2': 0.545488303007798}","{'0': 8802, '1': 2088, '2': 2693}"
ratio_prefix,0.7000000000000001,0.9,quota,0.7384327156046697,"{'0': 0.8567371052033629, '1': 0.8175287356321839, '2': 0.5410323059784626}","{'0': 8802, '1': 2088, '2': 2693}"
ratio_prefix,0.7000000000000001,1.0,quota,0.7384327156046697,"{'0': 0.8567371052033629, '1': 0.8175287356321839, '2': 0.5410323059784626}","{'0': 8802, '1': 2088, '2': 2693}"
ratio_prefix,0.7000000000000001,1.08,quota,0.7384327156046697,"{'0': 0.8567371052033629, '1': 0.8175287356321839, '2': 0.5410323059784626}","{'0': 8802, '1': 2088, '2': 2693}"
ratio_prefix,0.7000000000000001,1.16,quota,0.7384327156046697,"{'0': 0.8567371052033629, '1': 0.8175287356321839, '2': 0.5410323059784626}","{'0': 8802, '1': 2088, '2': 2693}"
ratio_prefix,0.7000000000000001,1.25,quota,0.7384327156046697,"{'0': 0.8567371052033629, '1': 0.8175287356321839, '2': 0.5410323059784626}","{'0': 8802, '1': 2088, '2': 2693}"
ratio_prefix,1.0,0.9,quota,0.7379974411595306,"{'0': 0.8551465576005454, '1': 0.8237547892720306, '2': 0.5350909766060156}","{'0': 8802, '1': 2088, '2': 2693}"
ratio_prefix,1.0,1.0,quota,0.7379974411595306,"{'0': 0.8551465576005454, '1': 0.8237547892720306, '2': 0.5350909766060156}","{'0': 8802, '1': 2088, '2': 2693}"
ratio_prefix,1.0,1.08,quota,0.7379974411595306,"{'0': 0.8551465576005454, '1': 0.8237547892720306, '2': 0.5350909766060156}","{'0': 8802, '1': 2088, '2': 2693}"
ratio_prefix,1.0,1.16,quota,0.7379974411595306,"{'0': 0.8551465576005454, '1': 0.8237547892720306, '2': 0.5350909766060156}","{'0': 8802, '1': 2088, '2': 2693}"
ratio_prefix,1.0,1.25,quota,0.7379974411595306,"{'0': 0.8551465576005454, '1': 0.8237547892720306, '2': 0.5350909766060156}","{'0': 8802, '1': 2088, '2': 2693}"
ratio_prefix,0.6000000000000001,0.9,quota,0.7376380011493794,"{'0': 0.8567371052033629, '1': 0.8184865900383141, '2': 0.5376903082064612}","{'0': 8802, '1': 2088, '2': 2693}"
ratio_prefix,0.6000000000000001,1.0,quota,0.7376380011493794,"{'0': 0.8567371052033629, '1': 0.8184865900383141, '2': 0.5376903082064612}","{'0': 8802, '1': 2088, '2': 2693}"
ratio_prefix,0.6000000000000001,1.08,quota,0.7376380011493794,"{'0': 0.8567371052033629, '1': 0.8184865900383141, '2': 0.5376903082064612}","{'0': 8802, '1': 2088, '2': 2693}"
ratio_prefix,0.6000000000000001,1.16,quota,0.7376380011493794,"{'0': 0.8567371052033629, '1': 0.8184865900383141, '2': 0.5376903082064612}","{'0': 8802, '1': 2088, '2': 2693}"
ratio_prefix,0.6000000000000001,1.25,quota,0.7376380011493794,"{'0': 0.8567371052033629, '1': 0.8184865900383141, '2': 0.5376903082064612}","{'0': 8802, '1': 2088, '2': 2693}"
ratio_prefix,0.9,0.9,quota,0.7369086741825891,"{'0': 0.8560554419450125, '1': 0.8117816091954023, '2': 0.5428889714073524}","{'0': 8802, '1': 2088, '2': 2693}"
ratio_prefix,0.9,1.0,quota,0.7369086741825891,"{'0': 0.8560554419450125, '1': 0.8117816091954023, '2': 0.5428889714073524}","{'0': 8802, '1': 2088, '2': 2693}"
ratio_prefix,0.9,1.08,quota,0.7369086741825891,"{'0': 0.8560554419450125, '1': 0.8117816091954023, '2': 0.5428889714073524}","{'0': 8802, '1': 2088, '2': 2693}"
ratio_prefix,0.9,1.16,quota,0.7369086741825891,"{'0': 0.8560554419450125, '1': 0.8117816091954023, '2': 0.5428889714073524}","{'0': 8802, '1': 2088, '2': 2693}"
ratio_prefix,0.9,1.25,quota,0.7369086741825891,"{'0': 0.8560554419450125, '1': 0.8117816091954023, '2': 0.5428889714073524}","{'0': 8802, '1': 2088, '2': 2693}"
actual_prefix,0.6000000000000001,1.25,quota,0.7804385323017345,"{'0': 0.8646870254766323, '1': 0.9152, '2': 0.5614285714285714}","{'0': 11854, '1': 2500, '2': 3500}"
actual_prefix,0.5,1.16,quota,0.773662914668145,"{'0': 0.860131601147292, '1': 0.906, '2': 0.5548571428571428}","{'0': 11854, '1': 2500, '2': 3500}"
actual_prefix,0.4,1.0,quota,0.7727123398169796,"{'0': 0.8597941623080817, '1': 0.9072, '2': 0.5511428571428572}","{'0': 11854, '1': 2500, '2': 3500}"
actual_prefix,1.0,0.9,raw,0.7704172572233174,"{'0': 0.8775677223995417, '1': 0.8609832443380593, '2': 0.5727008049323514}","{'0': 12584, '1': 2931, '2': 2339}"
actual_prefix,0.9,1.08,raw,0.7702306654756841,"{'0': 0.8716205009122574, '1': 0.8608247422680413, '2': 0.5782467532467532}","{'0': 12262, '1': 2932, '2': 2660}"
actual_prefix,0.9,0.9,raw,0.7700816498987217,"{'0': 0.8758212877792378, '1': 0.8608247422680413, '2': 0.5735989196488859}","{'0': 12498, '1': 2932, '2': 2424}"
actual_prefix,1.0,1.25,raw,0.7700078593232499,"{'0': 0.8684869739478958, '1': 0.8609832443380593, '2': 0.5805533596837945}","{'0': 12098, '1': 2931, '2': 2825}"
actual_prefix,0.8,1.0,raw,0.7697769811746767,"{'0': 0.8717013960810307, '1': 0.8618275607958733, '2': 0.5758019866471259}","{'0': 12285, '1': 2928, '2': 2641}"
actual_prefix,0.7000000000000001,0.9,raw,0.7696148298920232,"{'0': 0.8715611534637057, '1': 0.8616688156198195, '2': 0.5756145205925444}","{'0': 12282, '1': 2929, '2': 2643}"
actual_prefix,0.8,0.9,raw,0.7693572880219737,"{'0': 0.8740063429301042, '1': 0.8618275607958733, '2': 0.5722379603399433}","{'0': 12425, '1': 2928, '2': 2501}"
actual_prefix,0.9,1.0,raw,0.7692707283794912,"{'0': 0.8727332810111942, '1': 0.8608247422680413, '2': 0.5742541618592385}","{'0': 12355, '1': 2932, '2': 2567}"
actual_prefix,1.0,1.0,raw,0.7692667716392373,"{'0': 0.874526904722725, '1': 0.8609832443380593, '2': 0.5722901658569275}","{'0': 12454, '1': 2931, '2': 2469}"
actual_prefix,1.0,1.16,raw,0.7691670089415567,"{'0': 0.8698977471111481, '1': 0.8609832443380593, '2': 0.5766200353754622}","{'0': 12204, '1': 2931, '2': 2719}"
actual_prefix,0.9,1.16,raw,0.7689250972139323,"{'0': 0.8693047060292098, '1': 0.8608247422680413, '2': 0.5766458433445459}","{'0': 12179, '1': 2932, '2': 2743}"
actual_prefix,1.0,1.08,raw,0.768871383102932,"{'0': 0.8730662926446928, '1': 0.8609832443380593, '2': 0.5725646123260437}","{'0': 12387, '1': 2931, '2': 2536}"
actual_prefix,0.8,1.08,raw,0.7688349162204903,"{'0': 0.8695326791950774, '1': 0.8618275607958733, '2': 0.5751445086705202}","{'0': 12198, '1': 2928, '2': 2728}"
actual_prefix,0.7000000000000001,1.0,raw,0.7679207320562793,"{'0': 0.8687658583253608, '1': 0.8618275607958733, '2': 0.5731687770476038}","{'0': 12187, '1': 2928, '2': 2739}"
actual_prefix,0.5,1.25,quota,0.7677707536937501,"{'0': 0.8559979753669648, '1': 0.8896, '2': 0.5577142857142857}","{'0': 11854, '1': 2500, '2': 3500}"
actual_prefix,0.8,1.16,raw,0.7671454894380064,"{'0': 0.8659362716400435, '1': 0.8618275607958733, '2': 0.5736726358781025}","{'0': 12060, '1': 2928, '2': 2866}"
actual_prefix,0.9,1.25,raw,0.7665465426467989,"{'0': 0.8655904984944798, '1': 0.8608247422680413, '2': 0.5732243871778756}","{'0': 12058, '1': 2932, '2': 2864}"
actual_prefix,0.8,1.25,raw,0.7664552249888018,"{'0': 0.8642006374769334, '1': 0.8618275607958733, '2': 0.5733374766935985}","{'0': 11990, '1': 2928, '2': 2936}"
actual_prefix,0.5,1.08,quota,0.7662334401889658,"{'0': 0.8603003205668972, '1': 0.8884, '2': 0.55}","{'0': 11854, '1': 2500, '2': 3500}"
actual_prefix,0.4,1.25,quota,0.765462337808415,"{'0': 0.854901299139531, '1': 0.8852, '2': 0.5562857142857143}","{'0': 11854, '1': 2500, '2': 3500}"
actual_prefix,0.7000000000000001,1.08,raw,0.765343284926506,"{'0': 0.8649303958864596, '1': 0.8618275607958733, '2': 0.5692718980971851}","{'0': 12067, '1': 2928, '2': 2859}"
actual_prefix,0.6000000000000001,0.9,raw,0.7653185076771494,"{'0': 0.867544989817547, '1': 0.8616688156198195, '2': 0.5667417175940817}","{'0': 12207, '1': 2929, '2': 2718}"
actual_prefix,0.4,1.08,quota,0.7650922638128982,"{'0': 0.8546482200101232, '1': 0.8852, '2': 0.5554285714285714}","{'0': 11854, '1': 2500, '2': 3500}"
actual_prefix,0.4,1.16,quota,0.7650922638128982,"{'0': 0.8546482200101232, '1': 0.8852, '2': 0.5554285714285714}","{'0': 11854, '1': 2500, '2': 3500}"
actual_prefix,0.7000000000000001,1.16,raw,0.7643868954540675,"{'0': 0.8627878686186501, '1': 0.8618275607958733, '2': 0.5685452569476789}","{'0': 11985, '1': 2928, '2': 2941}"
actual_prefix,0.7000000000000001,1.25,raw,0.7633633650403734,"{'0': 0.8597933797174784, '1': 0.8618275607958733, '2': 0.5684691546077685}","{'0': 11861, '1': 2928, '2': 3065}"
actual_prefix,0.6000000000000001,1.0,raw,0.7629414347023898,"{'0': 0.8636021730045967, '1': 0.8616688156198195, '2': 0.5635533154827532}","{'0': 12076, '1': 2929, '2': 2849}"
actual_prefix,0.6000000000000001,1.08,raw,0.7625050784326283,"{'0': 0.8616249318401074, '1': 0.8618275607958733, '2': 0.564062742661904}","{'0': 11987, '1': 2928, '2': 2939}"
actual_prefix,1.0,0.9,quota,0.7616556902632826,"{'0': 0.8614813565041336, '1': 0.8652, '2': 0.5582857142857143}","{'0': 11854, '1': 2500, '2': 3500}"
actual_prefix,1.0,1.0,quota,0.7616556902632826,"{'0': 0.8614813565041336, '1': 0.8652, '2': 0.5582857142857143}","{'0': 11854, '1': 2500, '2': 3500}"
actual_prefix,1.0,1.08,quota,0.7616556902632826,"{'0': 0.8614813565041336, '1': 0.8652, '2': 0.5582857142857143}","{'0': 11854, '1': 2500, '2': 3500}"
actual_prefix,1.0,1.16,quota,0.7616556902632826,"{'0': 0.8614813565041336, '1': 0.8652, '2': 0.5582857142857143}","{'0': 11854, '1': 2500, '2': 3500}"
actual_prefix,1.0,1.25,quota,0.7616556902632826,"{'0': 0.8614813565041336, '1': 0.8652, '2': 0.5582857142857143}","{'0': 11854, '1': 2500, '2': 3500}"
actual_prefix,0.6000000000000001,1.16,raw,0.7602523605914412,"{'0': 0.8565993066711761, '1': 0.8618275607958733, '2': 0.5623302143072744}","{'0': 11800, '1': 2928, '2': 3126}"
actual_prefix,0.6000000000000001,1.25,raw,0.7596169330925027,"{'0': 0.8518502710316275, '1': 0.8618275607958733, '2': 0.5651729674500073}","{'0': 11575, '1': 2928, '2': 3351}"
actual_prefix,0.30000000000000004,1.16,quota,0.75892801786819,"{'0': 0.851526910747427, '1': 0.8744, '2': 0.5508571428571428}","{'0': 11854, '1': 2500, '2': 3500}"
actual_prefix,0.30000000000000004,1.25,quota,0.75892801786819,"{'0': 0.851526910747427, '1': 0.8744, '2': 0.5508571428571428}","{'0': 11854, '1': 2500, '2': 3500}"
actual_prefix,0.30000000000000004,0.9,quota,0.7588146352045121,"{'0': 0.8513581913278219, '1': 0.8748, '2': 0.5502857142857143}","{'0': 11854, '1': 2500, '2': 3500}"
actual_prefix,0.30000000000000004,1.08,quota,0.7588046598696844,"{'0': 0.8514425510376245, '1': 0.8744, '2': 0.5505714285714286}","{'0': 11854, '1': 2500, '2': 3500}"
actual_prefix,0.30000000000000004,1.0,quota,0.7585579438726731,"{'0': 0.8512738316180193, '1': 0.8744, '2': 0.55}","{'0': 11854, '1': 2500, '2': 3500}"
actual_prefix,0.5,0.9,raw,0.7584720549298267,"{'0': 0.860470962876058, '1': 0.8561493411420205, '2': 0.5587958607714016}","{'0': 12012, '1': 2964, '2': 2878}"
actual_prefix,0.5,1.08,raw,0.7559131673313054,"{'0': 0.8508155530002981, '1': 0.8575618698441797, '2': 0.5593620791494389}","{'0': 11627, '1': 2955, '2': 3272}"
actual_prefix,0.5,1.0,raw,0.7555759969015553,"{'0': 0.854487071150921, '1': 0.857090509344082, '2': 0.5551504102096627}","{'0': 11814, '1': 2958, '2': 3082}"
actual_prefix,0.9,0.9,quota,0.7550688262752376,"{'0': 0.8608064788257128, '1': 0.8484, '2': 0.556}","{'0': 11854, '1': 2500, '2': 3500}"
actual_prefix,0.9,1.0,quota,0.7550688262752376,"{'0': 0.8608064788257128, '1': 0.8484, '2': 0.556}","{'0': 11854, '1': 2500, '2': 3500}"
actual_prefix,0.9,1.08,quota,0.7550688262752376,"{'0': 0.8608064788257128, '1': 0.8484, '2': 0.556}","{'0': 11854, '1': 2500, '2': 3500}"
actual_prefix,0.9,1.16,quota,0.7550688262752376,"{'0': 0.8608064788257128, '1': 0.8484, '2': 0.556}","{'0': 11854, '1': 2500, '2': 3500}"
actual_prefix,0.9,1.25,quota,0.7550688262752376,"{'0': 0.8608064788257128, '1': 0.8484, '2': 0.556}","{'0': 11854, '1': 2500, '2': 3500}"
actual_prefix,0.4,0.9,raw,0.7545706041799676,"{'0': 0.850414679214473, '1': 0.8572419774501301, '2': 0.5560551558752997}","{'0': 11417, '1': 3265, '2': 3172}"
actual_prefix,0.2,1.25,quota,0.7545234190588671,"{'0': 0.8488274000337439, '1': 0.8696, '2': 0.5451428571428572}","{'0': 11854, '1': 2500, '2': 3500}"
actual_prefix,0.6000000000000001,1.16,quota,0.7542143507917762,"{'0': 0.8585287666610427, '1': 0.8544, '2': 0.5497142857142857}","{'0': 11854, '1': 2500, '2': 3500}"
actual_prefix,0.5,1.16,raw,0.754066316777468,"{'0': 0.8464111139696424, '1': 0.8578763983128553, '2': 0.5579114380499063}","{'0': 11468, '1': 2953, '2': 3433}"
actual_prefix,0.8,0.9,quota,0.7537889818184741,"{'0': 0.8597098025982791, '1': 0.8488, '2': 0.5528571428571428}","{'0': 11854, '1': 2500, '2': 3500}"
actual_prefix,0.8,1.0,quota,0.7537889818184741,"{'0': 0.8597098025982791, '1': 0.8488, '2': 0.5528571428571428}","{'0': 11854, '1': 2500, '2': 3500}"
actual_prefix,0.8,1.08,quota,0.7537889818184741,"{'0': 0.8597098025982791, '1': 0.8488, '2': 0.5528571428571428}","{'0': 11854, '1': 2500, '2': 3500}"
actual_prefix,0.8,1.16,quota,0.7537889818184741,"{'0': 0.8597098025982791, '1': 0.8488, '2': 0.5528571428571428}","{'0': 11854, '1': 2500, '2': 3500}"
actual_prefix,0.8,1.25,quota,0.7537889818184741,"{'0': 0.8597098025982791, '1': 0.8488, '2': 0.5528571428571428}","{'0': 11854, '1': 2500, '2': 3500}"
actual_prefix,0.2,1.16,quota,0.7527166044011665,"{'0': 0.8483212417749283, '1': 0.8664, '2': 0.5434285714285715}","{'0': 11854, '1': 2500, '2': 3500}"
actual_prefix,0.4,1.0,raw,0.7525461753788137,"{'0': 0.8440104166666667, '1': 0.8587315377932233, '2': 0.5548965716765514}","{'0': 11186, '1': 3255, '2': 3413}"
actual_prefix,0.7000000000000001,0.9,quota,0.7523322904866351,"{'0': 0.8596254428884764, '1': 0.8448, '2': 0.5525714285714286}","{'0': 11854, '1': 2500, '2': 3500}"
actual_prefix,0.7000000000000001,1.0,quota,0.7523322904866351,"{'0': 0.8596254428884764, '1': 0.8448, '2': 0.5525714285714286}","{'0': 11854, '1': 2500, '2': 3500}"
actual_prefix,0.7000000000000001,1.08,quota,0.7523322904866351,"{'0': 0.8596254428884764, '1': 0.8448, '2': 0.5525714285714286}","{'0': 11854, '1': 2500, '2': 3500}"
actual_prefix,0.7000000000000001,1.16,quota,0.7523322904866351,"{'0': 0.8596254428884764, '1': 0.8448, '2': 0.5525714285714286}","{'0': 11854, '1': 2500, '2': 3500}"
actual_prefix,0.7000000000000001,1.25,quota,0.7523322904866351,"{'0': 0.8596254428884764, '1': 0.8448, '2': 0.5525714285714286}","{'0': 11854, '1': 2500, '2': 3500}"
actual_prefix,0.2,1.0,quota,0.7517478849815614,"{'0': 0.8478150835161127, '1': 0.864, '2': 0.5434285714285715}","{'0': 11854, '1': 2500, '2': 3500}"
actual_prefix,0.2,1.08,quota,0.7517478849815614,"{'0': 0.8478150835161127, '1': 0.864, '2': 0.5434285714285715}","{'0': 11854, '1': 2500, '2': 3500}"
actual_prefix,0.5,1.25,raw,0.7515477120876666,"{'0': 0.8412369353027555, '1': 0.8586637298091042, '2': 0.5547424711511398}","{'0': 11300, '1': 2948, '2': 3606}"
actual_prefix,0.4,1.08,raw,0.7499052772692575,"{'0': 0.839416695773664, '1': 0.8587315377932233, '2': 0.5515675982408852}","{'0': 11050, '1': 3255, '2': 3549}"
actual_prefix,0.6000000000000001,0.9,quota,0.7488964110969173,"{'0': 0.8574320904336089, '1': 0.8444, '2': 0.5448571428571428}","{'0': 11854, '1': 2500, '2': 3500}"
actual_prefix,0.6000000000000001,1.0,quota,0.7488964110969173,"{'0': 0.8574320904336089, '1': 0.8444, '2': 0.5448571428571428}","{'0': 11854, '1': 2500, '2': 3500}"
actual_prefix,0.6000000000000001,1.08,quota,0.7488964110969173,"{'0': 0.8574320904336089, '1': 0.8444, '2': 0.5448571428571428}","{'0': 11854, '1': 2500, '2': 3500}"
actual_prefix,0.1,1.25,quota,0.7485968168269501,"{'0': 0.8457904504808503, '1': 0.86, '2': 0.54}","{'0': 11854, '1': 2500, '2': 3500}"
actual_prefix,0.4,0.9,quota,0.7485626262382801,"{'0': 0.8575164501434115, '1': 0.8476, '2': 0.5405714285714286}","{'0': 11854, '1': 2500, '2': 3500}"
actual_prefix,0.2,0.9,quota,0.7485179171989363,"{'0': 0.846296608739666, '1': 0.8584, '2': 0.5408571428571428}","{'0': 11854, '1': 2500, '2': 3500}"
actual_prefix,0.30000000000000004,0.9,raw,0.7481767519059982,"{'0': 0.840155180680877, '1': 0.8559556786703602, '2': 0.5484193963667573}","{'0': 11087, '1': 3276, '2': 3491}"
actual_prefix,0.1,1.16,quota,0.7480081467376896,"{'0': 0.84545301164164, '1': 0.858, '2': 0.5405714285714286}","{'0': 11854, '1': 2500, '2': 3500}"
actual_prefix,0.30000000000000004,1.0,raw,0.7472174375351016,"{'0': 0.8351783517835178, '1': 0.8571428571428571, '2': 0.5493311036789298}","{'0': 10910, '1': 3268, '2': 3676}"
actual_prefix,0.4,1.16,raw,0.7471580135240924,"{'0': 0.8332525661923432, '1': 0.8587315377932233, '2': 0.5494899365867107}","{'0': 10845, '1': 3255, '2': 3754}"
actual_prefix,0.4,1.25,raw,0.7456168708035897,"{'0': 0.829406554472985, '1': 0.8591794158553546, '2': 0.5482646420824295}","{'0': 10726, '1': 3252, '2': 3876}"
actual_prefix,0.1,1.08,quota,0.7454022351305968,"{'0': 0.8447781339632192, '1': 0.85, '2': 0.5414285714285715}","{'0': 11854, '1': 2500, '2': 3500}"
actual_prefix,0.30000000000000004,1.08,raw,0.7447852422378269,"{'0': 0.8301953504817466, '1': 0.858482375412398, '2': 0.5456780008193364}","{'0': 10772, '1': 3259, '2': 3823}"
actual_prefix,0.0,1.25,quota,0.743279738404557,"{'0': 0.8427535009279568, '1': 0.8588, '2': 0.5282857142857142}","{'0': 11854, '1': 2500, '2': 3500}"
actual_prefix,0.1,1.0,quota,0.7430920131440462,"{'0': 0.8440188965749957, '1': 0.8464, '2': 0.5388571428571428}","{'0': 11854, '1': 2500, '2': 3500}"
actual_prefix,0.2,0.9,raw,0.7426552928864693,"{'0': 0.8343509773775533, '1': 0.8512467755803955, '2': 0.542368125701459}","{'0': 10911, '1': 3315, '2': 3628}"
actual_prefix,0.5,1.0,quota,0.7412673463649,"{'0': 0.8557448962375569, '1': 0.8312, '2': 0.5368571428571428}","{'0': 11854, '1': 2500, '2': 3500}"
actual_prefix,0.30000000000000004,1.16,raw,0.7407461863040002,"{'0': 0.8235136940547763, '1': 0.8586314692601598, '2': 0.5400933955970647}","{'0': 10601, '1': 3258, '2': 3995}"
actual_prefix,0.5,0.9,quota,0.7395294560003857,"{'0': 0.8548169394297284, '1': 0.8312, '2': 0.5325714285714286}","{'0': 11854, '1': 2500, '2': 3500}"
actual_prefix,0.30000000000000004,1.25,raw,0.7384089715698435,"{'0': 0.819868556355345, '1': 0.8586314692601598, '2': 0.5367268890940261}","{'0': 10513, '1': 3258, '2': 4083}"
actual_prefix,0.2,1.0,raw,0.7375648001236552,"{'0': 0.822098462909334, '1': 0.8556593977154725, '2': 0.534936539746159}","{'0': 10591, '1': 3278, '2': 3985}"
actual_prefix,0.2,1.08,raw,0.7366140619808222,"{'0': 0.8198963174830175, '1': 0.8556593977154725, '2': 0.5342864707439767}","{'0': 10522, '1': 3278, '2': 4054}"
actual_prefix,0.0,1.16,quota,0.7355508785461207,"{'0': 0.8401383499240762, '1': 0.8448, '2': 0.5217142857142857}","{'0': 11854, '1': 2500, '2': 3500}"
actual_prefix,0.1,0.9,quota,0.7338892204359388,"{'0': 0.8409819470221023, '1': 0.8304, '2': 0.5302857142857142}","{'0': 11854, '1': 2500, '2': 3500}"
actual_prefix,0.0,1.08,quota,0.730445171812609,"{'0': 0.8385355154378269, '1': 0.8348, '2': 0.518}","{'0': 11854, '1': 2500, '2': 3500}"
actual_prefix,0.0,1.0,quota,0.7281349498260584,"{'0': 0.8377762780496035, '1': 0.8312, '2': 0.5154285714285715}","{'0': 11854, '1': 2500, '2': 3500}"
actual_prefix,0.1,0.9,raw,0.7281294015654393,"{'0': 0.8198258539852645, '1': 0.8395522388059702, '2': 0.525010111905083}","{'0': 10541, '1': 3396, '2': 3917}"
actual_prefix,0.0,0.9,quota,0.7267689395582765,"{'0': 0.8367639615319723, '1': 0.8284, '2': 0.5151428571428571}","{'0': 11854, '1': 2500, '2': 3500}"
actual_prefix,0.2,1.16,raw,0.726232576376038,"{'0': 0.8034902744955462, '1': 0.8565488565488566, '2': 0.5186585980837115}","{'0': 10150, '1': 3272, '2': 4432}"
actual_prefix,0.1,1.0,raw,0.7201841466765412,"{'0': 0.8024512029051294, '1': 0.8455756747523061, '2': 0.5125255623721882}","{'0': 10176, '1': 3354, '2': 4324}"
actual_prefix,0.2,1.25,raw,0.7143426404705946,"{'0': 0.781148227412301, '1': 0.8577376821651631, '2': 0.5041420118343195}","{'0': 9640, '1': 3264, '2': 4950}"
actual_prefix,0.0,0.9,raw,0.7103349833269076,"{'0': 0.798190706812263, '1': 0.8324958123953099, '2': 0.50031843077315}","{'0': 10033, '1': 3470, '2': 4351}"
actual_prefix,0.1,1.08,raw,0.7066498687523585,"{'0': 0.776211371487256, '1': 0.8468776732249786, '2': 0.49686056154484065}","{'0': 9568, '1': 3345, '2': 4941}"
actual_prefix,0.1,1.16,raw,0.7063043256421618,"{'0': 0.7721471471471472, '1': 0.8493903486175511, '2': 0.497375481161787}","{'0': 9458, '1': 3323, '2': 5073}"
actual_prefix,0.1,1.25,raw,0.7047367341779823,"{'0': 0.7676185980646684, '1': 0.8499226405363589, '2': 0.4966689639329198}","{'0': 9331, '1': 3317, '2': 5206}"
actual_prefix,0.0,1.0,raw,0.6973298912118687,"{'0': 0.7725648740127867, '1': 0.8333333333333334, '2': 0.4860914662894861}","{'0': 9418, '1': 3452, '2': 4984}"
actual_prefix,0.0,1.08,raw,0.6971514858417223,"{'0': 0.7695719881081591, '1': 0.8345953222278311, '2': 0.4872871471891766}","{'0': 9337, '1': 3443, '2': 5074}"
actual_prefix,0.0,1.16,raw,0.6959667515607739,"{'0': 0.7623804766661909, '1': 0.8381209868198716, '2': 0.48739879119625956}","{'0': 9167, '1': 3418, '2': 5269}"
actual_prefix,0.0,1.25,raw,0.6938950333968962,"{'0': 0.7506870449833662, '1': 0.8431072582015978, '2': 0.48789079700572435}","{'0': 8887, '1': 3383, '2': 5584}"
middle_ratio,0.8,0.9,quota,0.7440389448878486,"{'0': 0.8365144285389684, '1': 0.8898467432950191, '2': 0.5057556628295581}","{'0': 8802, '1': 2088, '2': 2693}"
middle_ratio,0.8,1.0,quota,0.7440389448878486,"{'0': 0.8365144285389684, '1': 0.8898467432950191, '2': 0.5057556628295581}","{'0': 8802, '1': 2088, '2': 2693}"
middle_ratio,0.4,1.25,quota,0.7417343671131924,"{'0': 0.8357191547375596, '1': 0.8840996168582376, '2': 0.5053843297437802}","{'0': 8802, '1': 2088, '2': 2693}"
middle_ratio,0.8,1.08,quota,0.7408941342006347,"{'0': 0.8362872074528517, '1': 0.8802681992337165, '2': 0.506126995915336}","{'0': 8802, '1': 2088, '2': 2693}"
middle_ratio,0.8,1.16,quota,0.7408941342006347,"{'0': 0.8362872074528517, '1': 0.8802681992337165, '2': 0.506126995915336}","{'0': 8802, '1': 2088, '2': 2693}"
middle_ratio,0.6000000000000001,1.0,quota,0.7399231741961477,"{'0': 0.8329925017041582, '1': 0.8836206896551724, '2': 0.5031563312291125}","{'0': 8802, '1': 2088, '2': 2693}"
middle_ratio,0.6000000000000001,1.08,quota,0.7399231741961477,"{'0': 0.8329925017041582, '1': 0.8836206896551724, '2': 0.5031563312291125}","{'0': 8802, '1': 2088, '2': 2693}"
middle_ratio,0.6000000000000001,1.16,quota,0.7399231741961477,"{'0': 0.8329925017041582, '1': 0.8836206896551724, '2': 0.5031563312291125}","{'0': 8802, '1': 2088, '2': 2693}"
middle_ratio,0.6000000000000001,1.25,quota,0.7399231741961477,"{'0': 0.8329925017041582, '1': 0.8836206896551724, '2': 0.5031563312291125}","{'0': 8802, '1': 2088, '2': 2693}"
middle_ratio,0.6000000000000001,0.9,quota,0.7398751368629273,"{'0': 0.8332197227902749, '1': 0.8836206896551724, '2': 0.5027849981433345}","{'0': 8802, '1': 2088, '2': 2693}"
middle_ratio,0.5,1.25,quota,0.7394260579398534,"{'0': 0.8328788911610997, '1': 0.8840996168582376, '2': 0.5012996658002228}","{'0': 8802, '1': 2088, '2': 2693}"
middle_ratio,0.5,0.9,quota,0.7393022802445941,"{'0': 0.8328788911610997, '1': 0.8840996168582376, '2': 0.5009283327144448}","{'0': 8802, '1': 2088, '2': 2693}"
middle_ratio,0.5,1.0,quota,0.7393022802445941,"{'0': 0.8328788911610997, '1': 0.8840996168582376, '2': 0.5009283327144448}","{'0': 8802, '1': 2088, '2': 2693}"
middle_ratio,0.5,1.08,quota,0.7393022802445941,"{'0': 0.8328788911610997, '1': 0.8840996168582376, '2': 0.5009283327144448}","{'0': 8802, '1': 2088, '2': 2693}"
middle_ratio,0.5,1.16,quota,0.7393022802445941,"{'0': 0.8328788911610997, '1': 0.8840996168582376, '2': 0.5009283327144448}","{'0': 8802, '1': 2088, '2': 2693}"
middle_ratio,0.8,1.25,quota,0.7389683980120888,"{'0': 0.8357191547375596, '1': 0.8769157088122606, '2': 0.5042703304864463}","{'0': 8802, '1': 2088, '2': 2693}"
middle_ratio,0.7000000000000001,0.9,quota,0.7389174222327126,"{'0': 0.8323108384458078, '1': 0.8831417624521073, '2': 0.5012996658002228}","{'0': 8802, '1': 2088, '2': 2693}"
middle_ratio,0.7000000000000001,1.0,quota,0.7389174222327126,"{'0': 0.8323108384458078, '1': 0.8831417624521073, '2': 0.5012996658002228}","{'0': 8802, '1': 2088, '2': 2693}"
middle_ratio,0.7000000000000001,1.08,quota,0.7389174222327126,"{'0': 0.8323108384458078, '1': 0.8831417624521073, '2': 0.5012996658002228}","{'0': 8802, '1': 2088, '2': 2693}"
middle_ratio,0.7000000000000001,1.16,quota,0.7389174222327126,"{'0': 0.8323108384458078, '1': 0.8831417624521073, '2': 0.5012996658002228}","{'0': 8802, '1': 2088, '2': 2693}"
middle_ratio,0.7000000000000001,1.25,quota,0.7389174222327126,"{'0': 0.8323108384458078, '1': 0.8831417624521073, '2': 0.5012996658002228}","{'0': 8802, '1': 2088, '2': 2693}"
middle_ratio,0.4,1.0,quota,0.738655688739479,"{'0': 0.8324244489888661, '1': 0.8840996168582376, '2': 0.4994430003713331}","{'0': 8802, '1': 2088, '2': 2693}"
middle_ratio,0.4,1.08,quota,0.738655688739479,"{'0': 0.8324244489888661, '1': 0.8840996168582376, '2': 0.4994430003713331}","{'0': 8802, '1': 2088, '2': 2693}"
middle_ratio,0.4,1.16,quota,0.738655688739479,"{'0': 0.8324244489888661, '1': 0.8840996168582376, '2': 0.4994430003713331}","{'0': 8802, '1': 2088, '2': 2693}"
middle_ratio,0.9,0.9,quota,0.7373378809225016,"{'0': 0.8337877755055669, '1': 0.8802681992337165, '2': 0.49795766802822133}","{'0': 8802, '1': 2088, '2': 2693}"
middle_ratio,0.9,1.0,quota,0.7373378809225016,"{'0': 0.8337877755055669, '1': 0.8802681992337165, '2': 0.49795766802822133}","{'0': 8802, '1': 2088, '2': 2693}"
middle_ratio,0.30000000000000004,1.25,quota,0.7368922995492458,"{'0': 0.8334469438763917, '1': 0.8840996168582376, '2': 0.49313033791310806}","{'0': 8802, '1': 2088, '2': 2693}"
middle_ratio,0.4,0.9,quota,0.736205367114685,"{'0': 0.8333333333333334, '1': 0.8721264367816092, '2': 0.5031563312291125}","{'0': 8802, '1': 2088, '2': 2693}"
middle_ratio,0.7000000000000001,1.0,raw,0.7359055270902535,"{'0': 0.8199364481581735, '1': 0.8585012451890424, '2': 0.5292788879235447}","{'0': 8192, '1': 2329, '2': 3062}"
middle_ratio,1.0,0.9,quota,0.7355636254580337,"{'0': 0.8336741649625086, '1': 0.8769157088122606, '2': 0.4961010025993316}","{'0': 8802, '1': 2088, '2': 2693}"
middle_ratio,1.0,1.0,quota,0.7355636254580337,"{'0': 0.8336741649625086, '1': 0.8769157088122606, '2': 0.4961010025993316}","{'0': 8802, '1': 2088, '2': 2693}"
middle_ratio,1.0,1.08,quota,0.7355636254580337,"{'0': 0.8336741649625086, '1': 0.8769157088122606, '2': 0.4961010025993316}","{'0': 8802, '1': 2088, '2': 2693}"
middle_ratio,1.0,1.16,quota,0.7355636254580337,"{'0': 0.8336741649625086, '1': 0.8769157088122606, '2': 0.4961010025993316}","{'0': 8802, '1': 2088, '2': 2693}"
middle_ratio,1.0,1.25,quota,0.7355636254580337,"{'0': 0.8336741649625086, '1': 0.8769157088122606, '2': 0.4961010025993316}","{'0': 8802, '1': 2088, '2': 2693}"
middle_ratio,0.9,1.08,quota,0.7354121447339557,"{'0': 0.8332197227902749, '1': 0.8769157088122606, '2': 0.4961010025993316}","{'0': 8802, '1': 2088, '2': 2693}"
middle_ratio,0.9,1.16,quota,0.7354121447339557,"{'0': 0.8332197227902749, '1': 0.8769157088122606, '2': 0.4961010025993316}","{'0': 8802, '1': 2088, '2': 2693}"
middle_ratio,0.9,1.25,quota,0.7354121447339557,"{'0': 0.8332197227902749, '1': 0.8769157088122606, '2': 0.4961010025993316}","{'0': 8802, '1': 2088, '2': 2693}"
middle_ratio,0.6000000000000001,1.08,raw,0.7350711218867899,"{'0': 0.816546336844597, '1': 0.8585012451890424, '2': 0.5301657836267305}","{'0': 8096, '1': 2329, '2': 3158}"
middle_ratio,0.6000000000000001,1.0,raw,0.7350453401204796,"{'0': 0.817811854910056, '1': 0.8585012451890424, '2': 0.5288229202623403}","{'0': 8153, '1': 2329, '2': 3101}"
middle_ratio,0.7000000000000001,0.9,raw,0.7342385694084806,"{'0': 0.8197278911564626, '1': 0.8585012451890424, '2': 0.5244865718799369}","{'0': 8250, '1': 2329, '2': 3004}"
middle_ratio,0.6000000000000001,1.16,raw,0.7342065649463345,"{'0': 0.8131776480400333, '1': 0.8585012451890424, '2': 0.5309408016099278}","{'0': 7984, '1': 2329, '2': 3270}"
middle_ratio,0.7000000000000001,1.08,raw,0.7339562822169391,"{'0': 0.8148543631725692, '1': 0.8585012451890424, '2': 0.5285132382892057}","{'0': 8055, '1': 2329, '2': 3199}"
middle_ratio,0.6000000000000001,0.9,raw,0.7335408772983673,"{'0': 0.8184597295708407, '1': 0.8569491525423729, '2': 0.525213749781888}","{'0': 8208, '1': 2337, '2': 3038}"
middle_ratio,0.8,1.0,raw,0.7332101957835883,"{'0': 0.81541917937803, '1': 0.8586339913773542, '2': 0.5255774165953807}","{'0': 8112, '1': 2319, '2': 3152}"
middle_ratio,0.7000000000000001,1.16,raw,0.7328995485302358,"{'0': 0.8107268709311354, '1': 0.8585012451890424, '2': 0.5294705294705294}","{'0': 7941, '1': 2329, '2': 3313}"
middle_ratio,0.8,1.08,raw,0.7320405758577403,"{'0': 0.8156305506216697, '1': 0.8540145985401459, '2': 0.5264765784114053}","{'0': 8088, '1': 2296, '2': 3199}"
middle_ratio,0.30000000000000004,1.16,quota,0.7313838677040049,"{'0': 0.8324244489888661, '1': 0.8630268199233716, '2': 0.4987003341997772}","{'0': 8802, '1': 2088, '2': 2693}"
middle_ratio,0.30000000000000004,1.0,quota,0.7308935608260091,"{'0': 0.8310611224721655, '1': 0.8625478927203065, '2': 0.49907166728555513}","{'0': 8802, '1': 2088, '2': 2693}"
middle_ratio,0.30000000000000004,1.08,quota,0.7308915553507519,"{'0': 0.830947511929107, '1': 0.8630268199233716, '2': 0.4987003341997772}","{'0': 8802, '1': 2088, '2': 2693}"
middle_ratio,0.6000000000000001,1.25,raw,0.7307527465937546,"{'0': 0.8058929645219483, '1': 0.8585012451890424, '2': 0.5278640300702729}","{'0': 7828, '1': 2329, '2': 3426}"
middle_ratio,0.7000000000000001,1.25,raw,0.7305133542485415,"{'0': 0.8058462648863226, '1': 0.8585012451890424, '2': 0.5271925526702597}","{'0': 7824, '1': 2329, '2': 3430}"
middle_ratio,0.30000000000000004,0.9,quota,0.7304626709561642,"{'0': 0.8308339013860486, '1': 0.8611111111111112, '2': 0.4994430003713331}","{'0': 8802, '1': 2088, '2': 2693}"
middle_ratio,0.5,1.08,raw,0.7301122708806479,"{'0': 0.8081795150199059, '1': 0.8554319931565441, '2': 0.5267253044654939}","{'0': 7776, '1': 2588, '2': 3219}"
middle_ratio,0.5,1.0,raw,0.7295956065234767,"{'0': 0.8102859197985973, '1': 0.8552490912978405, '2': 0.5232518084739924}","{'0': 7881, '1': 2589, '2': 3113}"
middle_ratio,0.5,1.16,raw,0.7295522796747118,"{'0': 0.8045656001457107, '1': 0.8554319931565441, '2': 0.5286592457218807}","{'0': 7669, '1': 2588, '2': 3326}"
middle_ratio,0.8,0.9,raw,0.7293207539844321,"{'0': 0.8143395337885566, '1': 0.8586339913773542, '2': 0.5149887367873852}","{'0': 8186, '1': 2319, '2': 3078}"
middle_ratio,0.8,1.25,raw,0.7292171118847778,"{'0': 0.8076599831912594, '1': 0.8521818597212703, '2': 0.527809492741804}","{'0': 7856, '1': 2289, '2': 3438}"
middle_ratio,0.9,1.16,raw,0.7289844660753454,"{'0': 0.8079390777717815, '1': 0.8521818597212703, '2': 0.5268324607329843}","{'0': 7875, '1': 2289, '2': 3419}"
middle_ratio,0.8,1.16,raw,0.7287979537922871,"{'0': 0.8081617999042604, '1': 0.8540145985401459, '2': 0.5242174629324547}","{'0': 7910, '1': 2296, '2': 3377}"
middle_ratio,0.5,1.25,raw,0.7280446584046848,"{'0': 0.8004640371229699, '1': 0.8556149732620321, '2': 0.5280549648290528}","{'0': 7576, '1': 2587, '2': 3420}"
middle_ratio,0.5,0.9,raw,0.7277855526998631,"{'0': 0.8140309155766944, '1': 0.8532423208191127, '2': 0.5160834217037823}","{'0': 8018, '1': 2600, '2': 2965}"
middle_ratio,0.9,1.0,raw,0.7273857485873005,"{'0': 0.8121671203692745, '1': 0.8540145985401459, '2': 0.5159755268524813}","{'0': 8096, '1': 2296, '2': 3191}"
middle_ratio,0.9,1.08,raw,0.7272718440336304,"{'0': 0.8092085644420588, '1': 0.8521818597212703, '2': 0.5204251079375622}","{'0': 7965, '1': 2289, '2': 3329}"
middle_ratio,0.9,0.9,raw,0.7263384196940544,"{'0': 0.8150668857075803, '1': 0.8540145985401459, '2': 0.5099337748344371}","{'0': 8242, '1': 2296, '2': 3045}"
middle_ratio,0.1,1.0,quota,0.7263279182587071,"{'0': 0.8287889116109975, '1': 0.8563218390804598, '2': 0.49387300408466395}","{'0': 8802, '1': 2088, '2': 2693}"
middle_ratio,0.1,1.08,quota,0.7254801768458169,"{'0': 0.8291297432401726, '1': 0.850095785440613, '2': 0.49721500185666545}","{'0': 8802, '1': 2088, '2': 2693}"
middle_ratio,1.0,1.0,raw,0.7254781520953357,"{'0': 0.8112483015300999, '1': 0.8517321016166282, '2': 0.513454053139279}","{'0': 8125, '1': 2242, '2': 3216}"
middle_ratio,0.1,1.16,quota,0.725208929376994,"{'0': 0.8289025221540559, '1': 0.8491379310344828, '2': 0.49758633494244336}","{'0': 8802, '1': 2088, '2': 2693}"
middle_ratio,0.1,1.25,quota,0.7250492869759723,"{'0': 0.8289025221540559, '1': 0.8486590038314177, '2': 0.49758633494244336}","{'0': 8802, '1': 2088, '2': 2693}"
middle_ratio,1.0,0.9,raw,0.7235246734637747,"{'0': 0.8124779696862884, '1': 0.8517321016166282, '2': 0.5063639490884073}","{'0': 8220, '1': 2242, '2': 3121}"
middle_ratio,0.0,1.0,quota,0.7234538438217247,"{'0': 0.8271983640081799, '1': 0.8299808429118773, '2': 0.5131823245451169}","{'0': 8802, '1': 2088, '2': 2693}"
middle_ratio,0.0,1.25,quota,0.7229977697990145,"{'0': 0.8268575323790047, '1': 0.8237547892720306, '2': 0.5183809877460082}","{'0': 8802, '1': 2088, '2': 2693}"
middle_ratio,0.4,1.25,raw,0.7229625714541349,"{'0': 0.7960844294891404, '1': 0.8517566409597258, '2': 0.5210466439135382}","{'0': 7543, '1': 2580, '2': 3460}"
middle_ratio,0.0,0.9,quota,0.7226456044403308,"{'0': 0.826630311292888, '1': 0.8299808429118773, '2': 0.5113256591162273}","{'0': 8802, '1': 2088, '2': 2693}"
middle_ratio,0.0,1.08,quota,0.7222652707796596,"{'0': 0.8265167007498296, '1': 0.8237547892720306, '2': 0.5165243223171184}","{'0': 8802, '1': 2088, '2': 2693}"
middle_ratio,0.2,1.0,quota,0.722221008365984,"{'0': 0.8262894796637128, '1': 0.8539272030651341, '2': 0.4864463423691051}","{'0': 8802, '1': 2088, '2': 2693}"
middle_ratio,0.4,1.08,raw,0.722217480015955,"{'0': 0.8018399709478271, '1': 0.8505844845908608, '2': 0.5142279845091766}","{'0': 7720, '1': 2617, '2': 3246}"
middle_ratio,0.9,1.25,raw,0.7220186300291341,"{'0': 0.7969450842526367, '1': 0.8521818597212703, '2': 0.5169289461134955}","{'0': 7696, '1': 2289, '2': 3598}"
middle_ratio,0.0,1.16,quota,0.7218662346650632,"{'0': 0.826062258577596, '1': 0.8237547892720306, '2': 0.5157816561455626}","{'0': 8802, '1': 2088, '2': 2693}"
middle_ratio,0.4,1.0,raw,0.7218147085561434,"{'0': 0.8049732716679681, '1': 0.8504037399065023, '2': 0.5100671140939598}","{'0': 7847, '1': 2618, '2': 3118}"
middle_ratio,0.2,0.9,quota,0.7217258975849467,"{'0': 0.8262894796637128, '1': 0.8539272030651341, '2': 0.4849610100259933}","{'0': 8802, '1': 2088, '2': 2693}"
middle_ratio,0.4,1.16,raw,0.7209675655055996,"{'0': 0.7978820522183677, '1': 0.8518518518518519, '2': 0.5131687924465794}","{'0': 7629, '1': 2610, '2': 3344}"
middle_ratio,0.2,1.08,quota,0.7203975030455657,"{'0': 0.8246989320608953, '1': 0.8515325670498084, '2': 0.4849610100259933}","{'0': 8802, '1': 2088, '2': 2693}"
middle_ratio,1.0,1.25,raw,0.7199498461427182,"{'0': 0.7969353281853282, '1': 0.8517321016166282, '2': 0.5111821086261981}","{'0': 7774, '1': 2242, '2': 3567}"
middle_ratio,1.0,1.16,raw,0.7197845604454702,"{'0': 0.7975910870219813, '1': 0.8517321016166282, '2': 0.5100304926978013}","{'0': 7803, '1': 2242, '2': 3538}"
middle_ratio,0.1,0.9,quota,0.7196138427679526,"{'0': 0.8257214269484208, '1': 0.8414750957854407, '2': 0.4916450055699963}","{'0': 8802, '1': 2088, '2': 2693}"
middle_ratio,1.0,1.08,raw,0.7190165987468294,"{'0': 0.8000957625089777, '1': 0.8517321016166282, '2': 0.5052219321148825}","{'0': 7906, '1': 2242, '2': 3435}"
middle_ratio,0.2,1.25,quota,0.7181050978983675,"{'0': 0.8236764371733697, '1': 0.8453065134099617, '2': 0.48533234311177126}","{'0': 8802, '1': 2088, '2': 2693}"
middle_ratio,0.4,0.9,raw,0.7176534760674147,"{'0': 0.8110965902340501, '1': 0.8338870431893688, '2': 0.5079767947788252}","{'0': 8032, '1': 2728, '2': 2823}"
middle_ratio,0.2,1.16,quota,0.7174483392410514,"{'0': 0.8235628266303113, '1': 0.8453065134099617, '2': 0.4834756776828815}","{'0': 8802, '1': 2088, '2': 2693}"
middle_ratio,0.30000000000000004,1.25,raw,0.7155365470085671,"{'0': 0.7888087754976274, '1': 0.8472990216928966, '2': 0.5105018438351772}","{'0': 7425, '1': 2614, '2': 3544}"
middle_ratio,0.2,1.08,raw,0.7146705993613859,"{'0': 0.7990264679038637, '1': 0.8289771557933732, '2': 0.5160081743869209}","{'0': 7633, '1': 2771, '2': 3179}"
middle_ratio,0.30000000000000004,1.08,raw,0.7137618529913653,"{'0': 0.7987131237100886, '1': 0.8317158785876523, '2': 0.5108565566763549}","{'0': 7672, '1': 2755, '2': 3156}"
middle_ratio,0.30000000000000004,1.0,raw,0.7131390460953037,"{'0': 0.8025293586269197, '1': 0.8312009905076352, '2': 0.5056867891513561}","{'0': 7803, '1': 2758, '2': 3022}"
middle_ratio,0.30000000000000004,1.16,raw,0.7128645457453983,"{'0': 0.7945423396965248, '1': 0.8305647840531561, '2': 0.5134865134865135}","{'0': 7542, '1': 2728, '2': 3313}"
middle_ratio,0.0,1.0,raw,0.7125848196615112,"{'0': 0.8052010885999396, '1': 0.8139955761109994, '2': 0.5185577942735949}","{'0': 7733, '1': 2885, '2': 2965}"
middle_ratio,0.2,1.25,raw,0.7124551124180524,"{'0': 0.7880741337630943, '1': 0.8304627516082175, '2': 0.5188284518828452}","{'0': 7331, '1': 2731, '2': 3521}"
middle_ratio,0.1,1.0,raw,0.7119198355465538,"{'0': 0.8008253428814176, '1': 0.8220958570268074, '2': 0.5128383067314365}","{'0': 7676, '1': 2836, '2': 3071}"
middle_ratio,0.30000000000000004,0.9,raw,0.7116214379581915,"{'0': 0.804334810202371, '1': 0.8301731244847486, '2': 0.5003563791874555}","{'0': 7900, '1': 2764, '2': 2919}"
middle_ratio,0.2,1.16,raw,0.7111427313890742,"{'0': 0.790190399901411, '1': 0.8289146644573322, '2': 0.5143231298084793}","{'0': 7427, '1': 2740, '2': 3416}"
middle_ratio,0.2,1.0,raw,0.7106669425336783,"{'0': 0.8005314330575518, '1': 0.827628612420578, '2': 0.5038407821229051}","{'0': 7757, '1': 2791, '2': 3035}"
middle_ratio,0.1,1.08,raw,0.7102102990808449,"{'0': 0.7940240019593436, '1': 0.8245182451824519, '2': 0.5120886501007388}","{'0': 7530, '1': 2790, '2': 3263}"
middle_ratio,0.1,1.16,raw,0.7084231953041534,"{'0': 0.7898818316100443, '1': 0.8252207845553502, '2': 0.5101669697470657}","{'0': 7446, '1': 2781, '2': 3356}"
middle_ratio,0.2,0.9,raw,0.7073366495175043,"{'0': 0.8006974087657067, '1': 0.8244181298489179, '2': 0.4968944099378882}","{'0': 7831, '1': 2810, '2': 2942}"
middle_ratio,0.1,1.25,raw,0.7073141002958198,"{'0': 0.7855992068409964, '1': 0.8249794576828267, '2': 0.5113636363636364}","{'0': 7336, '1': 2780, '2': 3467}"
middle_ratio,0.1,0.9,raw,0.7061941690861833,"{'0': 0.8006769007615133, '1': 0.8138319260152794, '2': 0.504073680481757}","{'0': 7744, '1': 2886, '2': 2953}"
middle_ratio,0.0,0.9,raw,0.7052351443623213,"{'0': 0.8027219077441888, '1': 0.8091145312812312, '2': 0.503868994061544}","{'0': 7804, '1': 2915, '2': 2864}"
middle_ratio,0.0,1.16,raw,0.702156980585411,"{'0': 0.78159349189592, '1': 0.820983874260053, '2': 0.5038935756002596}","{'0': 7301, '1': 2811, '2': 3471}"
middle_ratio,0.0,1.08,raw,0.7017814632507764,"{'0': 0.7878377546623992, '1': 0.8146647761798663, '2': 0.5028418589100635}","{'0': 7445, '1': 2849, '2': 3289}"
middle_ratio,0.0,1.25,raw,0.7009332989146401,"{'0': 0.7751268081908698, '1': 0.8243492518958803, '2': 0.50332383665717}","{'0': 7167, '1': 2791, '2': 3625}"
