split,model,variant,weight_mode,alpha,active_rows,macro_f1,per_class_f1,pred_counts
ratio_prefix,exact_posterior,raw,all,0.05,34482,0.7373871717870569,"{'0': 0.846813654942145, '1': 0.8394662353416903, '2': 0.5258816250773355}","{'0': 8569, '1': 2858, '2': 2156}"
ratio_prefix,exact_posterior,quota,all,0.05,34482,0.7255514878994194,"{'0': 0.8559418314019541, '1': 0.8093869731800766, '2': 0.5113256591162273}","{'0': 8802, '1': 2088, '2': 2693}"
ratio_prefix,exact_posterior,raw,all,0.5,34482,0.7373871717870569,"{'0': 0.846813654942145, '1': 0.8394662353416903, '2': 0.5258816250773355}","{'0': 8569, '1': 2858, '2': 2156}"
ratio_prefix,exact_posterior,quota,all,0.5,34482,0.727483380289652,"{'0': 0.8559418314019541, '1': 0.8136973180076629, '2': 0.5128109914593391}","{'0': 8802, '1': 2088, '2': 2693}"
ratio_prefix,exact_posterior,raw,all,2.0,34482,0.7373871717870569,"{'0': 0.846813654942145, '1': 0.8394662353416903, '2': 0.5258816250773355}","{'0': 8569, '1': 2858, '2': 2156}"
ratio_prefix,exact_posterior,quota,all,2.0,34482,0.7302209931853255,"{'0': 0.8561690524880708, '1': 0.8227969348659003, '2': 0.5116969922020052}","{'0': 8802, '1': 2088, '2': 2693}"
ratio_prefix,exact_posterior,raw,all,10.0,34482,0.7440991935382678,"{'0': 0.8680432862190812, '1': 0.8498048078898706, '2': 0.5144494865058514}","{'0': 9310, '1': 2779, '2': 1494}"
ratio_prefix,exact_posterior,quota,all,10.0,34482,0.7047663988961631,"{'0': 0.8436718927516473, '1': 0.7897509578544061, '2': 0.48087634608243596}","{'0': 8802, '1': 2088, '2': 2693}"
ratio_prefix,nb_single,raw,all,0.5,34482,0.2621398257761894,"{'0': 0.7864194773285682, '1': 0.0, '2': 0.0}","{'0': 13583, '1': 0, '2': 0}"
ratio_prefix,nb_single,quota,all,0.5,34482,0.637129878576233,"{'0': 0.777550556691661, '1': 0.6949233716475096, '2': 0.4389157073895284}","{'0': 8802, '1': 2088, '2': 2693}"
ratio_prefix,nb_single,raw,all,5.0,34482,0.2621398257761894,"{'0': 0.7864194773285682, '1': 0.0, '2': 0.0}","{'0': 13583, '1': 0, '2': 0}"
ratio_prefix,nb_single,quota,all,5.0,34482,0.637129878576233,"{'0': 0.777550556691661, '1': 0.6949233716475096, '2': 0.4389157073895284}","{'0': 8802, '1': 2088, '2': 2693}"
ratio_prefix,nb_full,raw,all,0.5,34482,0.7443182361354816,"{'0': 0.8597987751531059, '1': 0.8551348900476082, '2': 0.518021043205731}","{'0': 9486, '1': 2323, '2': 1774}"
ratio_prefix,nb_full,quota,all,0.5,34482,0.7229446951988002,"{'0': 0.8384458077709611, '1': 0.8160919540229885, '2': 0.5142963238024508}","{'0': 8802, '1': 2088, '2': 2693}"
ratio_prefix,nb_full,raw,all,5.0,34482,0.7443182361354816,"{'0': 0.8597987751531059, '1': 0.8551348900476082, '2': 0.518021043205731}","{'0': 9486, '1': 2323, '2': 1774}"
ratio_prefix,nb_full,quota,all,5.0,34482,0.7229446951988002,"{'0': 0.8384458077709611, '1': 0.8160919540229885, '2': 0.5142963238024508}","{'0': 8802, '1': 2088, '2': 2693}"
ratio_prefix,nb_full_single,raw,all,0.5,34482,0.7496074768317432,"{'0': 0.8614775725593667, '1': 0.8630686886708296, '2': 0.5242761692650334}","{'0': 9390, '1': 2396, '2': 1797}"
ratio_prefix,nb_full_single,quota,all,0.5,34482,0.7223516442944367,"{'0': 0.8438991138377642, '1': 0.8103448275862069, '2': 0.5128109914593391}","{'0': 8802, '1': 2088, '2': 2693}"
ratio_prefix,nb_full_single,raw,all,5.0,34482,0.7496074768317432,"{'0': 0.8614775725593667, '1': 0.8630686886708296, '2': 0.5242761692650334}","{'0': 9390, '1': 2396, '2': 1797}"
ratio_prefix,nb_full_single,quota,all,5.0,34482,0.7223516442944367,"{'0': 0.8438991138377642, '1': 0.8103448275862069, '2': 0.5128109914593391}","{'0': 8802, '1': 2088, '2': 2693}"
ratio_prefix,exact_posterior,raw,front2500,0.05,7500,0.7002485840503604,"{'0': 0.7616839994988097, '1': 0.8665547629039027, '2': 0.4725069897483691}","{'0': 7160, '1': 2678, '2': 3745}"
ratio_prefix,exact_posterior,quota,front2500,0.05,7500,0.7376555336316123,"{'0': 0.8287889116109975, '1': 0.8836206896551724, '2': 0.500556999628667}","{'0': 8802, '1': 2088, '2': 2693}"
ratio_prefix,exact_posterior,raw,front2500,0.5,7500,0.7002485840503604,"{'0': 0.7616839994988097, '1': 0.8665547629039027, '2': 0.4725069897483691}","{'0': 7160, '1': 2678, '2': 3745}"
ratio_prefix,exact_posterior,quota,front2500,0.5,7500,0.7189221059454384,"{'0': 0.8149284253578732, '1': 0.8472222222222222, '2': 0.49461567025621983}","{'0': 8802, '1': 2088, '2': 2693}"
ratio_prefix,exact_posterior,raw,front2500,2.0,7500,0.7002485840503604,"{'0': 0.7616839994988097, '1': 0.8665547629039027, '2': 0.4725069897483691}","{'0': 7160, '1': 2678, '2': 3745}"
ratio_prefix,exact_posterior,quota,front2500,2.0,7500,0.7145050997290078,"{'0': 0.8124289934105885, '1': 0.835727969348659, '2': 0.4953583364277757}","{'0': 8802, '1': 2088, '2': 2693}"
ratio_prefix,exact_posterior,raw,front2500,10.0,7500,0.7028874411212721,"{'0': 0.8051451416652181, '1': 0.8664259927797834, '2': 0.43709118891881493}","{'0': 8457, '1': 2621, '2': 2505}"
ratio_prefix,exact_posterior,quota,front2500,10.0,7500,0.6803901696130522,"{'0': 0.8044762553965008, '1': 0.8122605363984674, '2': 0.42443371704418864}","{'0': 8802, '1': 2088, '2': 2693}"
ratio_prefix,nb_single,raw,front2500,0.5,7500,0.2621398257761894,"{'0': 0.7864194773285682, '1': 0.0, '2': 0.0}","{'0': 13583, '1': 0, '2': 0}"
ratio_prefix,nb_single,quota,front2500,0.5,7500,0.7004763871606986,"{'0': 0.8128834355828221, '1': 0.8199233716475096, '2': 0.46862235425176385}","{'0': 8802, '1': 2088, '2': 2693}"
ratio_prefix,nb_single,raw,front2500,5.0,7500,0.2621398257761894,"{'0': 0.7864194773285682, '1': 0.0, '2': 0.0}","{'0': 13583, '1': 0, '2': 0}"
ratio_prefix,nb_single,quota,front2500,5.0,7500,0.7006001648559579,"{'0': 0.8128834355828221, '1': 0.8199233716475096, '2': 0.46899368733754176}","{'0': 8802, '1': 2088, '2': 2693}"
ratio_prefix,nb_full,raw,front2500,0.5,7500,0.7326727817414045,"{'0': 0.8379647971022696, '1': 0.8603661132396765, '2': 0.49968743488226713}","{'0': 8867, '1': 2610, '2': 2106}"
ratio_prefix,nb_full,quota,front2500,0.5,7500,0.7030787955284792,"{'0': 0.8350374914792092, '1': 0.8122605363984674, '2': 0.46193835870776084}","{'0': 8802, '1': 2088, '2': 2693}"
ratio_prefix,nb_full,raw,front2500,5.0,7500,0.7326727817414045,"{'0': 0.8379647971022696, '1': 0.8603661132396765, '2': 0.49968743488226713}","{'0': 8867, '1': 2610, '2': 2106}"
ratio_prefix,nb_full,quota,front2500,5.0,7500,0.7030787955284792,"{'0': 0.8350374914792092, '1': 0.8122605363984674, '2': 0.46193835870776084}","{'0': 8802, '1': 2088, '2': 2693}"
ratio_prefix,nb_full_single,raw,front2500,0.5,7500,0.7325097048784626,"{'0': 0.8376832927588744, '1': 0.8603661132396765, '2': 0.4994797086368366}","{'0': 8861, '1': 2610, '2': 2112}"
ratio_prefix,nb_full_single,quota,front2500,0.5,7500,0.7072816403117276,"{'0': 0.8379913655987276, '1': 0.8122605363984674, '2': 0.4715930189379874}","{'0': 8802, '1': 2088, '2': 2693}"
ratio_prefix,nb_full_single,raw,front2500,5.0,7500,0.7325097048784626,"{'0': 0.8376832927588744, '1': 0.8603661132396765, '2': 0.4994797086368366}","{'0': 8861, '1': 2610, '2': 2112}"
ratio_prefix,nb_full_single,quota,front2500,5.0,7500,0.7072816403117276,"{'0': 0.8379913655987276, '1': 0.8122605363984674, '2': 0.4715930189379874}","{'0': 8802, '1': 2088, '2': 2693}"
ratio_prefix,exact_posterior,raw,front5000,0.05,15000,0.7260758949386691,"{'0': 0.7942300579459992, '1': 0.8596273291925466, '2': 0.5243702976774616}","{'0': 7420, '1': 2742, '2': 3421}"
ratio_prefix,exact_posterior,quota,front5000,0.05,15000,0.7605366360743666,"{'0': 0.8453760508975233, '1': 0.8888888888888888, '2': 0.5473449684366877}","{'0': 8802, '1': 2088, '2': 2693}"
ratio_prefix,exact_posterior,raw,front5000,0.5,15000,0.7260758949386691,"{'0': 0.7942300579459992, '1': 0.8596273291925466, '2': 0.5243702976774616}","{'0': 7420, '1': 2742, '2': 3421}"
ratio_prefix,exact_posterior,quota,front5000,0.5,15000,0.7504272101143016,"{'0': 0.8362872074528517, '1': 0.8654214559386973, '2': 0.5495729669513554}","{'0': 8802, '1': 2088, '2': 2693}"
ratio_prefix,exact_posterior,raw,front5000,2.0,15000,0.7260758949386691,"{'0': 0.7942300579459992, '1': 0.8596273291925466, '2': 0.5243702976774616}","{'0': 7420, '1': 2742, '2': 3421}"
ratio_prefix,exact_posterior,quota,front5000,2.0,15000,0.735595064007288,"{'0': 0.8274255850942968, '1': 0.835727969348659, '2': 0.5436316375789083}","{'0': 8802, '1': 2088, '2': 2693}"
ratio_prefix,exact_posterior,raw,front5000,10.0,15000,0.7243623576644823,"{'0': 0.8224742506654322, '1': 0.8648762064624423, '2': 0.4857366158655725}","{'0': 8480, '1': 2678, '2': 2425}"
ratio_prefix,exact_posterior,quota,front5000,10.0,15000,0.7072853712254984,"{'0': 0.8279936378095887, '1': 0.8237547892720306, '2': 0.4701076865948756}","{'0': 8802, '1': 2088, '2': 2693}"
ratio_prefix,nb_single,raw,front5000,0.5,15000,0.2621398257761894,"{'0': 0.7864194773285682, '1': 0.0, '2': 0.0}","{'0': 13583, '1': 0, '2': 0}"
ratio_prefix,nb_single,quota,front5000,0.5,15000,0.6867530216868959,"{'0': 0.8114064985230629, '1': 0.7308429118773946, '2': 0.5180096546602302}","{'0': 8802, '1': 2088, '2': 2693}"
ratio_prefix,nb_single,raw,front5000,5.0,15000,0.2621398257761894,"{'0': 0.7864194773285682, '1': 0.0, '2': 0.0}","{'0': 13583, '1': 0, '2': 0}"
ratio_prefix,nb_single,quota,front5000,5.0,15000,0.6864297259343384,"{'0': 0.8111792774369462, '1': 0.7308429118773946, '2': 0.5172669884886744}","{'0': 8802, '1': 2088, '2': 2693}"
ratio_prefix,nb_full,raw,front5000,0.5,15000,0.744183497229567,"{'0': 0.8482481462613913, '1': 0.8616998950682057, '2': 0.5226024503591044}","{'0': 8865, '1': 2677, '2': 2041}"
ratio_prefix,nb_full,quota,front5000,0.5,15000,0.7062756090389173,"{'0': 0.8451488298114065, '1': 0.7983716475095786, '2': 0.4753063497957668}","{'0': 8802, '1': 2088, '2': 2693}"
ratio_prefix,nb_full,raw,front5000,5.0,15000,0.744183497229567,"{'0': 0.8482481462613913, '1': 0.8616998950682057, '2': 0.5226024503591044}","{'0': 8865, '1': 2677, '2': 2041}"
ratio_prefix,nb_full,quota,front5000,5.0,15000,0.7062756090389173,"{'0': 0.8451488298114065, '1': 0.7983716475095786, '2': 0.4753063497957668}","{'0': 8802, '1': 2088, '2': 2693}"
ratio_prefix,nb_full_single,raw,front5000,0.5,15000,0.7426210100554003,"{'0': 0.8446773366748306, '1': 0.86, '2': 0.5231856934913703}","{'0': 8755, '1': 2712, '2': 2116}"
ratio_prefix,nb_full_single,quota,front5000,0.5,15000,0.7082153835542626,"{'0': 0.8465121563281073, '1': 0.7983716475095786, '2': 0.4797623468251021}","{'0': 8802, '1': 2088, '2': 2693}"
ratio_prefix,nb_full_single,raw,front5000,5.0,15000,0.7426210100554003,"{'0': 0.8446773366748306, '1': 0.86, '2': 0.5231856934913703}","{'0': 8755, '1': 2712, '2': 2116}"
ratio_prefix,nb_full_single,quota,front5000,5.0,15000,0.7082153835542626,"{'0': 0.8465121563281073, '1': 0.7983716475095786, '2': 0.4797623468251021}","{'0': 8802, '1': 2088, '2': 2693}"
ratio_prefix,exact_posterior,raw,front9000,0.05,26986,0.7215510769424914,"{'0': 0.7908995102597484, '1': 0.8529170090386196, '2': 0.5208367115291065}","{'0': 7329, '1': 2780, '2': 3474}"
ratio_prefix,exact_posterior,quota,front9000,0.05,26986,0.769768518044517,"{'0': 0.8512837991365598, '1': 0.9181034482758621, '2': 0.5399183067211288}","{'0': 8802, '1': 2088, '2': 2693}"
ratio_prefix,exact_posterior,raw,front9000,0.5,26986,0.7215510769424914,"{'0': 0.7908995102597484, '1': 0.8529170090386196, '2': 0.5208367115291065}","{'0': 7329, '1': 2780, '2': 3474}"
ratio_prefix,exact_posterior,quota,front9000,0.5,26986,0.7687986307868443,"{'0': 0.8506021358782095, '1': 0.9181034482758621, '2': 0.5376903082064612}","{'0': 8802, '1': 2088, '2': 2693}"
ratio_prefix,exact_posterior,raw,front9000,2.0,26986,0.7215510769424914,"{'0': 0.7908995102597484, '1': 0.8529170090386196, '2': 0.5208367115291065}","{'0': 7329, '1': 2780, '2': 3474}"
ratio_prefix,exact_posterior,quota,front9000,2.0,26986,0.7681690158122284,"{'0': 0.8485571461031584, '1': 0.9171455938697318, '2': 0.538804307463795}","{'0': 8802, '1': 2088, '2': 2693}"
ratio_prefix,exact_posterior,raw,front9000,10.0,26986,0.7302803229702386,"{'0': 0.8223398001175779, '1': 0.8585649108253837, '2': 0.509936257967754}","{'0': 8208, '1': 2734, '2': 2641}"
ratio_prefix,exact_posterior,quota,front9000,10.0,26986,0.7314226246680448,"{'0': 0.8278800272665303, '1': 0.860632183908046, '2': 0.5057556628295581}","{'0': 8802, '1': 2088, '2': 2693}"
ratio_prefix,nb_single,raw,front9000,0.5,26986,0.2621398257761894,"{'0': 0.7864194773285682, '1': 0.0, '2': 0.0}","{'0': 13583, '1': 0, '2': 0}"
ratio_prefix,nb_single,quota,front9000,0.5,26986,0.622397630182732,"{'0': 0.7685753237900477, '1': 0.678639846743295, '2': 0.41997772001485334}","{'0': 8802, '1': 2088, '2': 2693}"
ratio_prefix,nb_single,raw,front9000,5.0,26986,0.2621398257761894,"{'0': 0.7864194773285682, '1': 0.0, '2': 0.0}","{'0': 13583, '1': 0, '2': 0}"
ratio_prefix,nb_single,quota,front9000,5.0,26986,0.622397630182732,"{'0': 0.7685753237900477, '1': 0.678639846743295, '2': 0.41997772001485334}","{'0': 8802, '1': 2088, '2': 2693}"
ratio_prefix,nb_full,raw,front9000,0.5,26986,0.7387227315144497,"{'0': 0.8526431718061674, '1': 0.8672645739910314, '2': 0.49626044874615044}","{'0': 9358, '1': 2372, '2': 1853}"
ratio_prefix,nb_full,quota,front9000,0.5,26986,0.727762183901422,"{'0': 0.8451488298114065, '1': 0.8175287356321839, '2': 0.5206089862606759}","{'0': 8802, '1': 2088, '2': 2693}"
ratio_prefix,nb_full,raw,front9000,5.0,26986,0.7387227315144497,"{'0': 0.8526431718061674, '1': 0.8672645739910314, '2': 0.49626044874615044}","{'0': 9358, '1': 2372, '2': 1853}"
ratio_prefix,nb_full,quota,front9000,5.0,26986,0.727762183901422,"{'0': 0.8451488298114065, '1': 0.8175287356321839, '2': 0.5206089862606759}","{'0': 8802, '1': 2088, '2': 2693}"
ratio_prefix,nb_full_single,raw,front9000,0.5,26986,0.745852584436494,"{'0': 0.850828729281768, '1': 0.8654658661329775, '2': 0.5212631578947369}","{'0': 9117, '1': 2409, '2': 2057}"
ratio_prefix,nb_full_single,quota,front9000,0.5,26986,0.723940420028406,"{'0': 0.8445807770961146, '1': 0.8103448275862069, '2': 0.5168956554028964}","{'0': 8802, '1': 2088, '2': 2693}"
ratio_prefix,nb_full_single,raw,front9000,5.0,26986,0.745852584436494,"{'0': 0.850828729281768, '1': 0.8654658661329775, '2': 0.5212631578947369}","{'0': 9117, '1': 2409, '2': 2057}"
ratio_prefix,nb_full_single,quota,front9000,5.0,26986,0.723940420028406,"{'0': 0.8445807770961146, '1': 0.8103448275862069, '2': 0.5168956554028964}","{'0': 8802, '1': 2088, '2': 2693}"
ratio_prefix,exact_posterior,raw,frac0.5,0.05,17241,0.7491310738243087,"{'0': 0.8423420824920681, '1': 0.864876119092234, '2': 0.5401750198886237}","{'0': 8533, '1': 2715, '2': 2335}"
ratio_prefix,exact_posterior,quota,frac0.5,0.05,17241,0.7208827293781619,"{'0': 0.8459441036128152, '1': 0.7998084291187739, '2': 0.5168956554028964}","{'0': 8802, '1': 2088, '2': 2693}"
ratio_prefix,exact_posterior,raw,frac0.5,0.5,17241,0.7491310738243087,"{'0': 0.8423420824920681, '1': 0.864876119092234, '2': 0.5401750198886237}","{'0': 8533, '1': 2715, '2': 2335}"
ratio_prefix,exact_posterior,quota,frac0.5,0.5,17241,0.7205993092818809,"{'0': 0.8459441036128152, '1': 0.7993295019157088, '2': 0.5165243223171184}","{'0': 8802, '1': 2088, '2': 2693}"
ratio_prefix,exact_posterior,raw,frac0.5,2.0,17241,0.7491310738243087,"{'0': 0.8423420824920681, '1': 0.864876119092234, '2': 0.5401750198886237}","{'0': 8533, '1': 2715, '2': 2335}"
ratio_prefix,exact_posterior,quota,frac0.5,2.0,17241,0.7227842600877074,"{'0': 0.8460577141558737, '1': 0.8065134099616859, '2': 0.5157816561455626}","{'0': 8802, '1': 2088, '2': 2693}"
ratio_prefix,exact_posterior,raw,frac0.5,10.0,17241,0.7404477732036692,"{'0': 0.8558304278045271, '1': 0.8647058823529412, '2': 0.5008070094535393}","{'0': 9267, '1': 2672, '2': 1644}"
ratio_prefix,exact_posterior,quota,frac0.5,10.0,17241,0.694618353323413,"{'0': 0.8335605544194501, '1': 0.8017241379310345, '2': 0.44857036761975494}","{'0': 8802, '1': 2088, '2': 2693}"
ratio_prefix,nb_single,raw,frac0.5,0.5,17241,0.2621398257761894,"{'0': 0.7864194773285682, '1': 0.0, '2': 0.0}","{'0': 13583, '1': 0, '2': 0}"
ratio_prefix,nb_single,quota,frac0.5,0.5,17241,0.6471598349576807,"{'0': 0.783003862758464, '1': 0.7021072796934866, '2': 0.45636836242109174}","{'0': 8802, '1': 2088, '2': 2693}"
ratio_prefix,nb_single,raw,frac0.5,5.0,17241,0.2621398257761894,"{'0': 0.7864194773285682, '1': 0.0, '2': 0.0}","{'0': 13583, '1': 0, '2': 0}"
ratio_prefix,nb_single,quota,frac0.5,5.0,17241,0.6471598349576807,"{'0': 0.783003862758464, '1': 0.7021072796934866, '2': 0.45636836242109174}","{'0': 8802, '1': 2088, '2': 2693}"
ratio_prefix,nb_full,raw,frac0.5,0.5,17241,0.7471549527984673,"{'0': 0.8546421449146909, '1': 0.8666666666666667, '2': 0.5201560468140443}","{'0': 9250, '1': 2412, '2': 1921}"
ratio_prefix,nb_full,quota,frac0.5,0.5,17241,0.7196458851540114,"{'0': 0.8434446716655306, '1': 0.8026819923371648, '2': 0.5128109914593391}","{'0': 8802, '1': 2088, '2': 2693}"
ratio_prefix,nb_full,raw,frac0.5,5.0,17241,0.7471549527984673,"{'0': 0.8546421449146909, '1': 0.8666666666666667, '2': 0.5201560468140443}","{'0': 9250, '1': 2412, '2': 1921}"
ratio_prefix,nb_full,quota,frac0.5,5.0,17241,0.7196458851540114,"{'0': 0.8434446716655306, '1': 0.8026819923371648, '2': 0.5128109914593391}","{'0': 8802, '1': 2088, '2': 2693}"
ratio_prefix,nb_full_single,raw,frac0.5,0.5,17241,0.7470322396886374,"{'0': 0.8545948041876696, '1': 0.8666666666666667, '2': 0.519835248211576}","{'0': 9251, '1': 2412, '2': 1920}"
ratio_prefix,nb_full_single,quota,frac0.5,0.5,17241,0.7227171948033083,"{'0': 0.84560327198364, '1': 0.8026819923371648, '2': 0.5198663200891199}","{'0': 8802, '1': 2088, '2': 2693}"
ratio_prefix,nb_full_single,raw,frac0.5,5.0,17241,0.7470322396886374,"{'0': 0.8545948041876696, '1': 0.8666666666666667, '2': 0.519835248211576}","{'0': 9251, '1': 2412, '2': 1920}"
ratio_prefix,nb_full_single,quota,frac0.5,5.0,17241,0.7227171948033083,"{'0': 0.84560327198364, '1': 0.8026819923371648, '2': 0.5198663200891199}","{'0': 8802, '1': 2088, '2': 2693}"
ratio_prefix,exact_posterior,raw,decay3.0,0.05,34482,0.7548510816480999,"{'0': 0.8527628417801167, '1': 0.8566714786553928, '2': 0.5551189245087901}","{'0': 8680, '1': 2761, '2': 2142}"
ratio_prefix,exact_posterior,quota,decay3.0,0.05,34482,0.7281715733744695,"{'0': 0.8585548738922972, '1': 0.8079501915708812, '2': 0.5180096546602302}","{'0': 8802, '1': 2088, '2': 2693}"
ratio_prefix,exact_posterior,raw,decay3.0,0.5,34482,0.7617235116647837,"{'0': 0.86191524180351, '1': 0.8617683686176837, '2': 0.5614869245731575}","{'0': 8919, '1': 2730, '2': 1934}"
ratio_prefix,exact_posterior,quota,decay3.0,0.5,34482,0.7269679352042129,"{'0': 0.8566234946603045, '1': 0.8136973180076629, '2': 0.5105829929446714}","{'0': 8802, '1': 2088, '2': 2693}"
ratio_prefix,exact_posterior,raw,decay3.0,2.0,34482,0.7573846742331,"{'0': 0.8647625410611881, '1': 0.8626797249426964, '2': 0.5447117566954154}","{'0': 9159, '1': 2711, '2': 1713}"
ratio_prefix,exact_posterior,quota,decay3.0,2.0,34482,0.7146572786052953,"{'0': 0.8458304930697569, '1': 0.8180076628352491, '2': 0.4801336799108801}","{'0': 8802, '1': 2088, '2': 2693}"
ratio_prefix,exact_posterior,raw,decay3.0,10.0,34482,0.7362172179991905,"{'0': 0.8673908367390837, '1': 0.8677405680373039, '2': 0.4735202492211838}","{'0': 9794, '1': 2630, '2': 1159}"
ratio_prefix,exact_posterior,quota,decay3.0,10.0,34482,0.6926514832528946,"{'0': 0.8349238809361509, '1': 0.7859195402298851, '2': 0.45711102859264763}","{'0': 8802, '1': 2088, '2': 2693}"
ratio_prefix,nb_single,raw,decay3.0,0.5,34482,0.2621398257761894,"{'0': 0.7864194773285682, '1': 0.0, '2': 0.0}","{'0': 13583, '1': 0, '2': 0}"
ratio_prefix,nb_single,quota,decay3.0,0.5,34482,0.6508134211279509,"{'0': 0.7828902522154055, '1': 0.7150383141762452, '2': 0.454511696992202}","{'0': 8802, '1': 2088, '2': 2693}"
ratio_prefix,nb_single,raw,decay3.0,5.0,34482,0.2621398257761894,"{'0': 0.7864194773285682, '1': 0.0, '2': 0.0}","{'0': 13583, '1': 0, '2': 0}"
ratio_prefix,nb_single,quota,decay3.0,5.0,34482,0.6508134211279509,"{'0': 0.7828902522154055, '1': 0.7150383141762452, '2': 0.454511696992202}","{'0': 8802, '1': 2088, '2': 2693}"
ratio_prefix,nb_full,raw,decay3.0,0.5,34482,0.7517920587053135,"{'0': 0.8622398414271556, '1': 0.8594749613942202, '2': 0.533661373294565}","{'0': 9360, '1': 2445, '2': 1778}"
ratio_prefix,nb_full,quota,decay3.0,0.5,34482,0.7228968919569007,"{'0': 0.846739377414224, '1': 0.7983716475095786, '2': 0.5235796509468994}","{'0': 8802, '1': 2088, '2': 2693}"
ratio_prefix,nb_full,raw,decay3.0,5.0,34482,0.7517920587053135,"{'0': 0.8622398414271556, '1': 0.8594749613942202, '2': 0.533661373294565}","{'0': 9360, '1': 2445, '2': 1778}"
ratio_prefix,nb_full,quota,decay3.0,5.0,34482,0.7185323992973736,"{'0': 0.8436718927516473, '1': 0.7983716475095786, '2': 0.5135536576308949}","{'0': 8802, '1': 2088, '2': 2693}"
ratio_prefix,nb_full_single,raw,decay3.0,0.5,34482,0.7520596381640554,"{'0': 0.859655017921147, '1': 0.8589850249584027, '2': 0.5375388716126166}","{'0': 9054, '1': 2720, '2': 1809}"
ratio_prefix,nb_full_single,quota,decay3.0,0.5,34482,0.7165208477278887,"{'0': 0.8535560099977277, '1': 0.7969348659003831, '2': 0.49907166728555513}","{'0': 8802, '1': 2088, '2': 2693}"
ratio_prefix,nb_full_single,raw,decay3.0,5.0,34482,0.7520596381640554,"{'0': 0.859655017921147, '1': 0.8589850249584027, '2': 0.5375388716126166}","{'0': 9054, '1': 2720, '2': 1809}"
ratio_prefix,nb_full_single,quota,decay3.0,5.0,34482,0.7165208477278887,"{'0': 0.8535560099977277, '1': 0.7969348659003831, '2': 0.49907166728555513}","{'0': 8802, '1': 2088, '2': 2693}"
actual_prefix,exact_posterior,raw,all,0.05,30211,0.7101357303701809,"{'0': 0.8077078198521174, '1': 0.8376557763556753, '2': 0.48504359490274984}","{'0': 10461, '1': 3438, '2': 3955}"
actual_prefix,exact_posterior,quota,all,0.05,30211,0.7323989073409015,"{'0': 0.8382824363084191, '1': 0.8572, '2': 0.5017142857142857}","{'0': 11854, '1': 2500, '2': 3500}"
actual_prefix,exact_posterior,raw,all,0.5,30211,0.7101357303701809,"{'0': 0.8077078198521174, '1': 0.8376557763556753, '2': 0.48504359490274984}","{'0': 10461, '1': 3438, '2': 3955}"
actual_prefix,exact_posterior,quota,all,0.5,30211,0.7335499337173709,"{'0': 0.8385355154378269, '1': 0.8604, '2': 0.5017142857142857}","{'0': 11854, '1': 2500, '2': 3500}"
actual_prefix,exact_posterior,raw,all,2.0,30211,0.7122930498946385,"{'0': 0.8089978086847637, '1': 0.8428377460964019, '2': 0.48504359490274984}","{'0': 10507, '1': 3392, '2': 3955}"
actual_prefix,exact_posterior,quota,all,2.0,30211,0.7434638096844948,"{'0': 0.8403914290534841, '1': 0.898, '2': 0.492}","{'0': 11854, '1': 2500, '2': 3500}"
actual_prefix,exact_posterior,raw,all,10.0,30211,0.7276563342521424,"{'0': 0.843065693430657, '1': 0.8529056733919641, '2': 0.48699763593380613}","{'0': 11710, '1': 3299, '2': 2845}"
actual_prefix,exact_posterior,quota,all,10.0,30211,0.7046003872512392,"{'0': 0.843344018896575, '1': 0.8056, '2': 0.46485714285714286}","{'0': 11854, '1': 2500, '2': 3500}"
actual_prefix,nb_single,raw,all,0.5,30211,0.26601139984740363,"{'0': 0.7980341995422109, '1': 0.0, '2': 0.0}","{'0': 17854, '1': 0, '2': 0}"
actual_prefix,nb_single,quota,all,0.5,30211,0.645830949568962,"{'0': 0.793149991564029, '1': 0.6972, '2': 0.4471428571428571}","{'0': 11854, '1': 2500, '2': 3500}"
actual_prefix,nb_single,raw,all,5.0,30211,0.26601139984740363,"{'0': 0.7980341995422109, '1': 0.0, '2': 0.0}","{'0': 17854, '1': 0, '2': 0}"
actual_prefix,nb_single,quota,all,5.0,30211,0.645830949568962,"{'0': 0.793149991564029, '1': 0.6972, '2': 0.4471428571428571}","{'0': 11854, '1': 2500, '2': 3500}"
actual_prefix,nb_full,raw,all,0.5,30211,0.7326907615163222,"{'0': 0.8540677688656081, '1': 0.8513920240782543, '2': 0.4926124916051041}","{'0': 12582, '1': 2816, '2': 2456}"
actual_prefix,nb_full,quota,all,0.5,30211,0.7111263708452844,"{'0': 0.8393791125358528, '1': 0.8, '2': 0.494}","{'0': 11854, '1': 2500, '2': 3500}"
actual_prefix,nb_full,raw,all,5.0,30211,0.7326907615163222,"{'0': 0.8540677688656081, '1': 0.8513920240782543, '2': 0.4926124916051041}","{'0': 12582, '1': 2816, '2': 2456}"
actual_prefix,nb_full,quota,all,5.0,30211,0.7111263708452844,"{'0': 0.8393791125358528, '1': 0.8, '2': 0.494}","{'0': 11854, '1': 2500, '2': 3500}"
actual_prefix,nb_full_single,raw,all,0.5,30211,0.7336852482784538,"{'0': 0.8514737362094517, '1': 0.8517124576590139, '2': 0.4978695509668961}","{'0': 12438, '1': 2814, '2': 2602}"
actual_prefix,nb_full_single,quota,all,0.5,30211,0.7154701310387491,"{'0': 0.8392103931162477, '1': 0.8132, '2': 0.494}","{'0': 11854, '1': 2500, '2': 3500}"
actual_prefix,nb_full_single,raw,all,5.0,30211,0.7336852482784538,"{'0': 0.8514737362094517, '1': 0.8517124576590139, '2': 0.4978695509668961}","{'0': 12438, '1': 2814, '2': 2602}"
actual_prefix,nb_full_single,quota,all,5.0,30211,0.7154701310387491,"{'0': 0.8392103931162477, '1': 0.8132, '2': 0.494}","{'0': 11854, '1': 2500, '2': 3500}"
actual_prefix,exact_posterior,raw,front2500,0.05,7500,0.7125205046053905,"{'0': 0.7796076980014803, '1': 0.8677787532923618, '2': 0.4901750625223294}","{'0': 9762, '1': 3195, '2': 4897}"
actual_prefix,exact_posterior,quota,front2500,0.05,7500,0.7427172567829223,"{'0': 0.8375231989201957, '1': 0.8772, '2': 0.5134285714285715}","{'0': 11854, '1': 2500, '2': 3500}"
actual_prefix,exact_posterior,raw,front2500,0.5,7500,0.7125205046053905,"{'0': 0.7796076980014803, '1': 0.8677787532923618, '2': 0.4901750625223294}","{'0': 9762, '1': 3195, '2': 4897}"
actual_prefix,exact_posterior,quota,front2500,0.5,7500,0.7383997268352255,"{'0': 0.8345706090771048, '1': 0.8672, '2': 0.5134285714285715}","{'0': 11854, '1': 2500, '2': 3500}"
actual_prefix,exact_posterior,raw,front2500,2.0,7500,0.7122071592752176,"{'0': 0.779463459759482, '1': 0.8669829555438412, '2': 0.4901750625223294}","{'0': 9766, '1': 3191, '2': 4897}"
actual_prefix,exact_posterior,quota,front2500,2.0,7500,0.7246307985249102,"{'0': 0.8252066812890164, '1': 0.8564, '2': 0.49228571428571427}","{'0': 11854, '1': 2500, '2': 3500}"
actual_prefix,exact_posterior,raw,front2500,10.0,7500,0.7210490874430655,"{'0': 0.8291480773316338, '1': 0.8721804511278195, '2': 0.4618187338697434}","{'0': 11681, '1': 3086, '2': 3087}"
actual_prefix,exact_posterior,quota,front2500,10.0,7500,0.6903124908610314,"{'0': 0.8277374725830943, '1': 0.8032, '2': 0.44}","{'0': 11854, '1': 2500, '2': 3500}"
actual_prefix,nb_single,raw,front2500,0.5,7500,0.26601139984740363,"{'0': 0.7980341995422109, '1': 0.0, '2': 0.0}","{'0': 17854, '1': 0, '2': 0}"
actual_prefix,nb_single,quota,front2500,0.5,7500,0.7222945551833017,"{'0': 0.836426522692762, '1': 0.8176, '2': 0.5128571428571429}","{'0': 11854, '1': 2500, '2': 3500}"
actual_prefix,nb_single,raw,front2500,5.0,7500,0.26601139984740363,"{'0': 0.7980341995422109, '1': 0.0, '2': 0.0}","{'0': 17854, '1': 0, '2': 0}"
actual_prefix,nb_single,quota,front2500,5.0,7500,0.7222945551833017,"{'0': 0.836426522692762, '1': 0.8176, '2': 0.5128571428571429}","{'0': 11854, '1': 2500, '2': 3500}"
actual_prefix,nb_full,raw,front2500,0.5,7500,0.735149629226019,"{'0': 0.8381088224189286, '1': 0.8623497479643273, '2': 0.5049903172948011}","{'0': 11983, '1': 2658, '2': 3213}"
actual_prefix,nb_full,quota,front2500,0.5,7500,0.7208350711433553,"{'0': 0.8333052134300658, '1': 0.8372, '2': 0.492}","{'0': 11854, '1': 2500, '2': 3500}"
actual_prefix,nb_full,raw,front2500,5.0,7500,0.735149629226019,"{'0': 0.8381088224189286, '1': 0.8623497479643273, '2': 0.5049903172948011}","{'0': 11983, '1': 2658, '2': 3213}"
actual_prefix,nb_full,quota,front2500,5.0,7500,0.7208350711433553,"{'0': 0.8333052134300658, '1': 0.8372, '2': 0.492}","{'0': 11854, '1': 2500, '2': 3500}"
actual_prefix,nb_full_single,raw,front2500,0.5,7500,0.7353587487380916,"{'0': 0.8363002931554574, '1': 0.8647856357640161, '2': 0.5049903172948011}","{'0': 11683, '1': 2958, '2': 3213}"
actual_prefix,nb_full_single,quota,front2500,0.5,7500,0.7199754280250991,"{'0': 0.8426691412181542, '1': 0.8304, '2': 0.4868571428571429}","{'0': 11854, '1': 2500, '2': 3500}"
actual_prefix,nb_full_single,raw,front2500,5.0,7500,0.7353587487380916,"{'0': 0.8363002931554574, '1': 0.8647856357640161, '2': 0.5049903172948011}","{'0': 11683, '1': 2958, '2': 3213}"
actual_prefix,nb_full_single,quota,front2500,5.0,7500,0.7199754280250991,"{'0': 0.8426691412181542, '1': 0.8304, '2': 0.4868571428571429}","{'0': 11854, '1': 2500, '2': 3500}"
actual_prefix,exact_posterior,raw,front5000,0.05,15000,0.715233845176412,"{'0': 0.7796531361882177, '1': 0.8661664630954459, '2': 0.4998819362455726}","{'0': 9653, '1': 3231, '2': 4970}"
actual_prefix,exact_posterior,quota,front5000,0.05,15000,0.7521296568568375,"{'0': 0.8441032562847984, '1': 0.898, '2': 0.5142857142857142}","{'0': 11854, '1': 2500, '2': 3500}"
actual_prefix,exact_posterior,raw,front5000,0.5,15000,0.715233845176412,"{'0': 0.7796531361882177, '1': 0.8661664630954459, '2': 0.4998819362455726}","{'0': 9653, '1': 3231, '2': 4970}"
actual_prefix,exact_posterior,quota,front5000,0.5,15000,0.7521296568568375,"{'0': 0.8441032562847984, '1': 0.898, '2': 0.5142857142857142}","{'0': 11854, '1': 2500, '2': 3500}"
actual_prefix,exact_posterior,raw,front5000,2.0,15000,0.7147563699513859,"{'0': 0.7794561933534743, '1': 0.864930980255111, '2': 0.4998819362455726}","{'0': 9661, '1': 3223, '2': 4970}"
actual_prefix,exact_posterior,quota,front5000,2.0,15000,0.7583347071914645,"{'0': 0.846718407288679, '1': 0.91, '2': 0.5182857142857142}","{'0': 11854, '1': 2500, '2': 3500}"
actual_prefix,exact_posterior,raw,front5000,10.0,15000,0.7199586028929345,"{'0': 0.817292219371113, '1': 0.8659866338374956, '2': 0.4765969554701949}","{'0': 11139, '1': 3186, '2': 3529}"
actual_prefix,exact_posterior,quota,front5000,10.0,15000,0.7254843291796219,"{'0': 0.8258815589674372, '1': 0.872, '2': 0.4785714285714286}","{'0': 11854, '1': 2500, '2': 3500}"
actual_prefix,nb_single,raw,front5000,0.5,15000,0.26601139984740363,"{'0': 0.7980341995422109, '1': 0.0, '2': 0.0}","{'0': 17854, '1': 0, '2': 0}"
actual_prefix,nb_single,quota,front5000,0.5,15000,0.6404593956631075,"{'0': 0.7878353298464653, '1': 0.6984, '2': 0.43514285714285716}","{'0': 11854, '1': 2500, '2': 3500}"
actual_prefix,nb_single,raw,front5000,5.0,15000,0.26601139984740363,"{'0': 0.7980341995422109, '1': 0.0, '2': 0.0}","{'0': 17854, '1': 0, '2': 0}"
actual_prefix,nb_single,quota,front5000,5.0,15000,0.6404593956631075,"{'0': 0.7878353298464653, '1': 0.6984, '2': 0.43514285714285716}","{'0': 11854, '1': 2500, '2': 3500}"
actual_prefix,nb_full,raw,front5000,0.5,15000,0.6958951419381475,"{'0': 0.8328228276640335, '1': 0.7643082469580892, '2': 0.4905543511923196}","{'0': 12958, '1': 1938, '2': 2958}"
actual_prefix,nb_full,quota,front5000,0.5,15000,0.7086470116577085,"{'0': 0.8203981778302682, '1': 0.7924, '2': 0.5131428571428571}","{'0': 11854, '1': 2500, '2': 3500}"
actual_prefix,nb_full,raw,front5000,5.0,15000,0.6958951419381475,"{'0': 0.8328228276640335, '1': 0.7643082469580892, '2': 0.4905543511923196}","{'0': 12958, '1': 1938, '2': 2958}"
actual_prefix,nb_full,quota,front5000,5.0,15000,0.7086470116577085,"{'0': 0.8203981778302682, '1': 0.7924, '2': 0.5131428571428571}","{'0': 11854, '1': 2500, '2': 3500}"
actual_prefix,nb_full_single,raw,front5000,0.5,15000,0.7365588178416967,"{'0': 0.8418708240534521, '1': 0.8687208216619982, '2': 0.49908480780964004}","{'0': 11943, '1': 2855, '2': 3056}"
actual_prefix,nb_full_single,quota,front5000,0.5,15000,0.721066518836318,"{'0': 0.8398852707946685, '1': 0.8376, '2': 0.4857142857142857}","{'0': 11854, '1': 2500, '2': 3500}"
actual_prefix,nb_full_single,raw,front5000,5.0,15000,0.7365588178416967,"{'0': 0.8418708240534521, '1': 0.8687208216619982, '2': 0.49908480780964004}","{'0': 11943, '1': 2855, '2': 3056}"
actual_prefix,nb_full_single,quota,front5000,5.0,15000,0.721066518836318,"{'0': 0.8398852707946685, '1': 0.8376, '2': 0.4857142857142857}","{'0': 11854, '1': 2500, '2': 3500}"
actual_prefix,exact_posterior,raw,front9000,0.05,26179,0.6976635682772966,"{'0': 0.7637168558376113, '1': 0.8522902727740608, '2': 0.4769835762202174}","{'0': 9379, '1': 3329, '2': 5146}"
actual_prefix,exact_posterior,quota,front9000,0.05,26179,0.7437785469240844,"{'0': 0.8403070693436815, '1': 0.8876, '2': 0.5034285714285714}","{'0': 11854, '1': 2500, '2': 3500}"
actual_prefix,exact_posterior,raw,front9000,0.5,26179,0.6976635682772966,"{'0': 0.7637168558376113, '1': 0.8522902727740608, '2': 0.4769835762202174}","{'0': 9379, '1': 3329, '2': 5146}"
actual_prefix,exact_posterior,quota,front9000,0.5,26179,0.7456207476680566,"{'0': 0.8413193858613126, '1': 0.8904, '2': 0.5051428571428571}","{'0': 11854, '1': 2500, '2': 3500}"
actual_prefix,exact_posterior,raw,front9000,2.0,26179,0.6993037411030802,"{'0': 0.7651650521959936, '1': 0.8557625948930296, '2': 0.4769835762202174}","{'0': 9412, '1': 3296, '2': 5146}"
actual_prefix,exact_posterior,quota,front9000,2.0,26179,0.7502275623257569,"{'0': 0.8418255441201282, '1': 0.904, '2': 0.5048571428571429}","{'0': 11854, '1': 2500, '2': 3500}"
actual_prefix,exact_posterior,raw,front9000,10.0,26179,0.7202955861640828,"{'0': 0.8140898470219988, '1': 0.8598715054696996, '2': 0.4869254060005505}","{'0': 10829, '1': 3259, '2': 3766}"
actual_prefix,exact_posterior,quota,front9000,10.0,26179,0.7308757919769899,"{'0': 0.8292559473595411, '1': 0.8768, '2': 0.4865714285714286}","{'0': 11854, '1': 2500, '2': 3500}"
actual_prefix,nb_single,raw,front9000,0.5,26179,0.26601139984740363,"{'0': 0.7980341995422109, '1': 0.0, '2': 0.0}","{'0': 17854, '1': 0, '2': 0}"
actual_prefix,nb_single,quota,front9000,0.5,26179,0.6485501602834486,"{'0': 0.7904504808503459, '1': 0.7112, '2': 0.444}","{'0': 11854, '1': 2500, '2': 3500}"
actual_prefix,nb_single,raw,front9000,5.0,26179,0.26601139984740363,"{'0': 0.7980341995422109, '1': 0.0, '2': 0.0}","{'0': 17854, '1': 0, '2': 0}"
actual_prefix,nb_single,quota,front9000,5.0,26179,0.6485501602834486,"{'0': 0.7904504808503459, '1': 0.7112, '2': 0.444}","{'0': 11854, '1': 2500, '2': 3500}"
actual_prefix,nb_full,raw,front9000,0.5,26179,0.7349540645297288,"{'0': 0.8467439339614775, '1': 0.8630874976778747, '2': 0.49503076194983436}","{'0': 12132, '1': 2883, '2': 2839}"
actual_prefix,nb_full,quota,front9000,0.5,26179,0.7086737432411804,"{'0': 0.8385355154378269, '1': 0.8112, '2': 0.4762857142857143}","{'0': 11854, '1': 2500, '2': 3500}"
actual_prefix,nb_full,raw,front9000,5.0,26179,0.7349540645297288,"{'0': 0.8467439339614775, '1': 0.8630874976778747, '2': 0.49503076194983436}","{'0': 12132, '1': 2883, '2': 2839}"
actual_prefix,nb_full,quota,front9000,5.0,26179,0.7086737432411804,"{'0': 0.8385355154378269, '1': 0.8112, '2': 0.4762857142857143}","{'0': 11854, '1': 2500, '2': 3500}"
actual_prefix,nb_full_single,raw,front9000,0.5,26179,0.7364127384125833,"{'0': 0.8469106979071125, '1': 0.8645329363602531, '2': 0.49779458097038437}","{'0': 12132, '1': 2874, '2': 2848}"
actual_prefix,nb_full_single,quota,front9000,0.5,26179,0.7125849100564808,"{'0': 0.8408975873122997, '1': 0.814, '2': 0.4828571428571429}","{'0': 11854, '1': 2500, '2': 3500}"
actual_prefix,nb_full_single,raw,front9000,5.0,26179,0.7364127384125833,"{'0': 0.8469106979071125, '1': 0.8645329363602531, '2': 0.49779458097038437}","{'0': 12132, '1': 2874, '2': 2848}"
actual_prefix,nb_full_single,quota,front9000,5.0,26179,0.7125849100564808,"{'0': 0.8408975873122997, '1': 0.814, '2': 0.4828571428571429}","{'0': 11854, '1': 2500, '2': 3500}"
actual_prefix,exact_posterior,raw,frac0.5,0.05,15106,0.7193706181282066,"{'0': 0.8056458435371121, '1': 0.8661664630954459, '2': 0.48629954775206174}","{'0': 10605, '1': 3231, '2': 4018}"
actual_prefix,exact_posterior,quota,frac0.5,0.05,15106,0.7512661508672981,"{'0': 0.8435127383161802, '1': 0.898, '2': 0.5122857142857142}","{'0': 11854, '1': 2500, '2': 3500}"
actual_prefix,exact_posterior,raw,frac0.5,0.5,15106,0.7193706181282066,"{'0': 0.8056458435371121, '1': 0.8661664630954459, '2': 0.48629954775206174}","{'0': 10605, '1': 3231, '2': 4018}"
actual_prefix,exact_posterior,quota,frac0.5,0.5,15106,0.7512661508672981,"{'0': 0.8435127383161802, '1': 0.898, '2': 0.5122857142857142}","{'0': 11854, '1': 2500, '2': 3500}"
actual_prefix,exact_posterior,raw,frac0.5,2.0,15106,0.7188928394643573,"{'0': 0.8054479903858993, '1': 0.864930980255111, '2': 0.48629954775206174}","{'0': 10613, '1': 3223, '2': 4018}"
actual_prefix,exact_posterior,quota,frac0.5,2.0,15106,0.7447653273558453,"{'0': 0.8374388392103931, '1': 0.91, '2': 0.4868571428571429}","{'0': 11854, '1': 2500, '2': 3500}"
actual_prefix,exact_posterior,raw,frac0.5,10.0,15106,0.7219243614435551,"{'0': 0.840349483717236, '1': 0.8665846370188083, '2': 0.4588389635946212}","{'0': 12067, '1': 3189, '2': 2598}"
actual_prefix,exact_posterior,quota,frac0.5,10.0,15106,0.6891162701760306,"{'0': 0.8341488105280918, '1': 0.8032, '2': 0.43}","{'0': 11854, '1': 2500, '2': 3500}"
actual_prefix,nb_single,raw,frac0.5,0.5,15106,0.26601139984740363,"{'0': 0.7980341995422109, '1': 0.0, '2': 0.0}","{'0': 17854, '1': 0, '2': 0}"
actual_prefix,nb_single,quota,frac0.5,0.5,15106,0.6437428941004443,"{'0': 0.7900286823013328, '1': 0.6992, '2': 0.442}","{'0': 11854, '1': 2500, '2': 3500}"
actual_prefix,nb_single,raw,frac0.5,5.0,15106,0.26601139984740363,"{'0': 0.7980341995422109, '1': 0.0, '2': 0.0}","{'0': 17854, '1': 0, '2': 0}"
actual_prefix,nb_single,quota,frac0.5,5.0,15106,0.6437428941004443,"{'0': 0.7900286823013328, '1': 0.6992, '2': 0.442}","{'0': 11854, '1': 2500, '2': 3500}"
actual_prefix,nb_full,raw,frac0.5,0.5,15106,0.7365063179666566,"{'0': 0.8504587914358932, '1': 0.8687208216619982, '2': 0.49033934080207825}","{'0': 12340, '1': 2855, '2': 2659}"
actual_prefix,nb_full,quota,frac0.5,0.5,15106,0.7173395486353814,"{'0': 0.8404757887632867, '1': 0.8264, '2': 0.48514285714285715}","{'0': 11854, '1': 2500, '2': 3500}"
actual_prefix,nb_full,raw,frac0.5,5.0,15106,0.7365063179666566,"{'0': 0.8504587914358932, '1': 0.8687208216619982, '2': 0.49033934080207825}","{'0': 12340, '1': 2855, '2': 2659}"
actual_prefix,nb_full,quota,frac0.5,5.0,15106,0.7173395486353814,"{'0': 0.8404757887632867, '1': 0.8264, '2': 0.48514285714285715}","{'0': 11854, '1': 2500, '2': 3500}"
actual_prefix,nb_full_single,raw,frac0.5,0.5,15106,0.7319379893504561,"{'0': 0.849377216860513, '1': 0.8665549972082636, '2': 0.4798817539825916}","{'0': 12392, '1': 2873, '2': 2589}"
actual_prefix,nb_full_single,quota,frac0.5,0.5,15106,0.7152515767231474,"{'0': 0.8408975873122997, '1': 0.82, '2': 0.4848571428571429}","{'0': 11854, '1': 2500, '2': 3500}"
actual_prefix,nb_full_single,raw,frac0.5,5.0,15106,0.7319379893504561,"{'0': 0.849377216860513, '1': 0.8665549972082636, '2': 0.4798817539825916}","{'0': 12392, '1': 2873, '2': 2589}"
actual_prefix,nb_full_single,quota,frac0.5,5.0,15106,0.7152515767231474,"{'0': 0.8408975873122997, '1': 0.82, '2': 0.4848571428571429}","{'0': 11854, '1': 2500, '2': 3500}"
actual_prefix,exact_posterior,raw,decay3.0,0.05,30211,0.7168327758757344,"{'0': 0.7993126526182509, '1': 0.8554175293305728, '2': 0.49576814567837907}","{'0': 10260, '1': 3296, '2': 4298}"
actual_prefix,exact_posterior,quota,decay3.0,0.05,30211,0.7585687804799667,"{'0': 0.8492491985827568, '1': 0.9036, '2': 0.5228571428571429}","{'0': 11854, '1': 2500, '2': 3500}"
actual_prefix,exact_posterior,raw,decay3.0,0.5,30211,0.7258396977395231,"{'0': 0.8120407890635437, '1': 0.8622129436325678, '2': 0.5032653605224577}","{'0': 10603, '1': 3248, '2': 4003}"
actual_prefix,exact_posterior,quota,decay3.0,0.5,30211,0.7662776896687475,"{'0': 0.8520330690062426, '1': 0.9188, '2': 0.528}","{'0': 11854, '1': 2500, '2': 3500}"
actual_prefix,exact_posterior,raw,decay3.0,2.0,30211,0.7253538264544762,"{'0': 0.8216385731085849, '1': 0.8651488616462347, '2': 0.4892740446086092}","{'0': 11105, '1': 3210, '2': 3539}"
actual_prefix,exact_posterior,quota,decay3.0,2.0,30211,0.7397049402652912,"{'0': 0.8344862493673022, '1': 0.8952, '2': 0.48942857142857144}","{'0': 11854, '1': 2500, '2': 3500}"
actual_prefix,exact_posterior,raw,decay3.0,10.0,30211,0.7178976266662125,"{'0': 0.8491276926857236, '1': 0.8684722959815897, '2': 0.43609289133132423}","{'0': 12564, '1': 3149, '2': 2141}"
actual_prefix,exact_posterior,quota,decay3.0,10.0,30211,0.698541354736597,"{'0': 0.8401383499240762, '1': 0.8032, '2': 0.4522857142857143}","{'0': 11854, '1': 2500, '2': 3500}"
actual_prefix,nb_single,raw,decay3.0,0.5,30211,0.26601139984740363,"{'0': 0.7980341995422109, '1': 0.0, '2': 0.0}","{'0': 17854, '1': 0, '2': 0}"
actual_prefix,nb_single,quota,decay3.0,0.5,30211,0.6582736853945222,"{'0': 0.7976210561835667, '1': 0.7152, '2': 0.462}","{'0': 11854, '1': 2500, '2': 3500}"
actual_prefix,nb_single,raw,decay3.0,5.0,30211,0.26601139984740363,"{'0': 0.7980341995422109, '1': 0.0, '2': 0.0}","{'0': 17854, '1': 0, '2': 0}"
actual_prefix,nb_single,quota,decay3.0,5.0,30211,0.6582736853945222,"{'0': 0.7976210561835667, '1': 0.7152, '2': 0.462}","{'0': 11854, '1': 2500, '2': 3500}"
actual_prefix,nb_full,raw,decay3.0,0.5,30211,0.7342970235452752,"{'0': 0.8477554759723495, '1': 0.8598337950138504, '2': 0.49530179964962573}","{'0': 12160, '1': 2915, '2': 2779}"
actual_prefix,nb_full,quota,decay3.0,0.5,30211,0.7091762892975648,"{'0': 0.8407288678926944, '1': 0.8068, '2': 0.48}","{'0': 11854, '1': 2500, '2': 3500}"
actual_prefix,nb_full,raw,decay3.0,5.0,30211,0.7342970235452752,"{'0': 0.8477554759723495, '1': 0.8598337950138504, '2': 0.49530179964962573}","{'0': 12160, '1': 2915, '2': 2779}"
actual_prefix,nb_full,quota,decay3.0,5.0,30211,0.7091762892975648,"{'0': 0.8407288678926944, '1': 0.8068, '2': 0.48}","{'0': 11854, '1': 2500, '2': 3500}"
actual_prefix,nb_full_single,raw,decay3.0,0.5,30211,0.7340915641743858,"{'0': 0.8473050147984493, '1': 0.8595071717543215, '2': 0.4954625059703869}","{'0': 12135, '1': 2938, '2': 2781}"
actual_prefix,nb_full_single,quota,decay3.0,0.5,30211,0.7084425044389276,"{'0': 0.840813227602497, '1': 0.8068, '2': 0.4777142857142857}","{'0': 11854, '1': 2500, '2': 3500}"
actual_prefix,nb_full_single,raw,decay3.0,5.0,30211,0.7340915641743858,"{'0': 0.8473050147984493, '1': 0.8595071717543215, '2': 0.4954625059703869}","{'0': 12135, '1': 2938, '2': 2781}"
actual_prefix,nb_full_single,quota,decay3.0,5.0,30211,0.7084425044389276,"{'0': 0.840813227602497, '1': 0.8068, '2': 0.4777142857142857}","{'0': 11854, '1': 2500, '2': 3500}"
middle_ratio,exact_posterior,raw,all,0.05,34482,0.7008410885358196,"{'0': 0.7980596478620194, '1': 0.8129320862139081, '2': 0.4915315315315315}","{'0': 7896, '1': 2830, '2': 2857}"
middle_ratio,exact_posterior,quota,all,0.05,34482,0.71670115090039,"{'0': 0.821745057941377, '1': 0.828544061302682, '2': 0.499814333457111}","{'0': 8802, '1': 2088, '2': 2693}"
middle_ratio,exact_posterior,raw,all,0.5,34482,0.7008410885358196,"{'0': 0.7980596478620194, '1': 0.8129320862139081, '2': 0.4915315315315315}","{'0': 7896, '1': 2830, '2': 2857}"
middle_ratio,exact_posterior,quota,all,0.5,34482,0.7163900277752905,"{'0': 0.8212906157691434, '1': 0.8280651340996169, '2': 0.499814333457111}","{'0': 8802, '1': 2088, '2': 2693}"
middle_ratio,exact_posterior,raw,all,2.0,34482,0.7008410885358196,"{'0': 0.7980596478620194, '1': 0.8129320862139081, '2': 0.4915315315315315}","{'0': 7896, '1': 2830, '2': 2857}"
middle_ratio,exact_posterior,quota,all,2.0,34482,0.7126158816652919,"{'0': 0.8172006362190412, '1': 0.8223180076628352, '2': 0.49832900111399925}","{'0': 8802, '1': 2088, '2': 2693}"
middle_ratio,exact_posterior,raw,all,10.0,34482,0.7091157490659411,"{'0': 0.8263439027162177, '1': 0.8311036789297659, '2': 0.4698996655518395}","{'0': 8796, '1': 2696, '2': 2091}"
middle_ratio,exact_posterior,quota,all,10.0,34482,0.6810775704727109,"{'0': 0.8267439218359464, '1': 0.7801724137931034, '2': 0.43631637578908283}","{'0': 8802, '1': 2088, '2': 2693}"
middle_ratio,nb_single,raw,all,0.5,34482,0.2621398257761894,"{'0': 0.7864194773285682, '1': 0.0, '2': 0.0}","{'0': 13583, '1': 0, '2': 0}"
middle_ratio,nb_single,quota,all,0.5,34482,0.6511042578337195,"{'0': 0.7788002726653034, '1': 0.7073754789272031, '2': 0.4671370219086521}","{'0': 8802, '1': 2088, '2': 2693}"
middle_ratio,nb_single,raw,all,5.0,34482,0.2621398257761894,"{'0': 0.7864194773285682, '1': 0.0, '2': 0.0}","{'0': 13583, '1': 0, '2': 0}"
middle_ratio,nb_single,quota,all,5.0,34482,0.6511042578337195,"{'0': 0.7788002726653034, '1': 0.7073754789272031, '2': 0.4671370219086521}","{'0': 8802, '1': 2088, '2': 2693}"
middle_ratio,nb_full,raw,all,0.5,34482,0.6993226304421877,"{'0': 0.8246461469332734, '1': 0.7980578238799382, '2': 0.47526392051335126}","{'0': 9002, '1': 2443, '2': 2138}"
middle_ratio,nb_full,quota,all,0.5,34482,0.6941522536216099,"{'0': 0.8192456259940922, '1': 0.7931034482758621, '2': 0.4701076865948756}","{'0': 8802, '1': 2088, '2': 2693}"
middle_ratio,nb_full,raw,all,5.0,34482,0.6993226304421877,"{'0': 0.8246461469332734, '1': 0.7980578238799382, '2': 0.47526392051335126}","{'0': 9002, '1': 2443, '2': 2138}"
middle_ratio,nb_full,quota,all,5.0,34482,0.6941522536216099,"{'0': 0.8192456259940922, '1': 0.7931034482758621, '2': 0.4701076865948756}","{'0': 8802, '1': 2088, '2': 2693}"
middle_ratio,nb_full_single,raw,all,0.5,34482,0.7020092081228606,"{'0': 0.8251881811032469, '1': 0.8018617021276596, '2': 0.47897774113767516}","{'0': 9000, '1': 2424, '2': 2159}"
middle_ratio,nb_full_single,quota,all,0.5,34482,0.6964531940705324,"{'0': 0.8209497841399682, '1': 0.7931034482758621, '2': 0.4753063497957668}","{'0': 8802, '1': 2088, '2': 2693}"
middle_ratio,nb_full_single,raw,all,5.0,34482,0.7020092081228606,"{'0': 0.8251881811032469, '1': 0.8018617021276596, '2': 0.47897774113767516}","{'0': 9000, '1': 2424, '2': 2159}"
middle_ratio,nb_full_single,quota,all,5.0,34482,0.6964531940705324,"{'0': 0.8209497841399682, '1': 0.7931034482758621, '2': 0.4753063497957668}","{'0': 8802, '1': 2088, '2': 2693}"
middle_ratio,exact_posterior,raw,front2500,0.05,7500,0.7060838096892277,"{'0': 0.7702072055254807, '1': 0.8536691272253583, '2': 0.4943750963168439}","{'0': 7269, '1': 2518, '2': 3796}"
middle_ratio,exact_posterior,quota,front2500,0.05,7500,0.7264059893508006,"{'0': 0.8234492160872529, '1': 0.8745210727969349, '2': 0.48124767916821387}","{'0': 8802, '1': 2088, '2': 2693}"
middle_ratio,exact_posterior,raw,front2500,0.5,7500,0.7060838096892277,"{'0': 0.7702072055254807, '1': 0.8536691272253583, '2': 0.4943750963168439}","{'0': 7269, '1': 2518, '2': 3796}"
middle_ratio,exact_posterior,quota,front2500,0.5,7500,0.7242934211331105,"{'0': 0.8226539422858441, '1': 0.8663793103448276, '2': 0.4838470107686595}","{'0': 8802, '1': 2088, '2': 2693}"
middle_ratio,exact_posterior,raw,front2500,2.0,7500,0.7060838096892277,"{'0': 0.7702072055254807, '1': 0.8536691272253583, '2': 0.4943750963168439}","{'0': 7269, '1': 2518, '2': 3796}"
middle_ratio,exact_posterior,quota,front2500,2.0,7500,0.7060746915252709,"{'0': 0.8118609406952966, '1': 0.8347701149425287, '2': 0.4715930189379874}","{'0': 8802, '1': 2088, '2': 2693}"
middle_ratio,exact_posterior,raw,front2500,10.0,7500,0.6933379035260988,"{'0': 0.8156656207978485, '1': 0.8480283562250776, '2': 0.4163197335553705}","{'0': 9046, '1': 2426, '2': 2111}"
middle_ratio,exact_posterior,quota,front2500,10.0,7500,0.6532619169374244,"{'0': 0.7992501704158146, '1': 0.7840038314176245, '2': 0.376531748978834}","{'0': 8802, '1': 2088, '2': 2693}"
middle_ratio,nb_single,raw,front2500,0.5,7500,0.2621398257761894,"{'0': 0.7864194773285682, '1': 0.0, '2': 0.0}","{'0': 13583, '1': 0, '2': 0}"
middle_ratio,nb_single,quota,front2500,0.5,7500,0.6750185362018084,"{'0': 0.8103840036355374, '1': 0.6910919540229885, '2': 0.5235796509468994}","{'0': 8802, '1': 2088, '2': 2693}"
middle_ratio,nb_single,raw,front2500,5.0,7500,0.2621398257761894,"{'0': 0.7864194773285682, '1': 0.0, '2': 0.0}","{'0': 13583, '1': 0, '2': 0}"
middle_ratio,nb_single,quota,front2500,5.0,7500,0.6750185362018084,"{'0': 0.8103840036355374, '1': 0.6910919540229885, '2': 0.5235796509468994}","{'0': 8802, '1': 2088, '2': 2693}"
middle_ratio,nb_full,raw,front2500,0.5,7500,0.7122627564793959,"{'0': 0.8069341372912802, '1': 0.8512915987898534, '2': 0.4785625333570539}","{'0': 8446, '1': 2209, '2': 2928}"
middle_ratio,nb_full,quota,front2500,0.5,7500,0.7270525808559157,"{'0': 0.8239036582594865, '1': 0.8745210727969349, '2': 0.48273301151132564}","{'0': 8802, '1': 2088, '2': 2693}"
middle_ratio,nb_full,raw,front2500,5.0,7500,0.7122627564793959,"{'0': 0.8069341372912802, '1': 0.8512915987898534, '2': 0.4785625333570539}","{'0': 8446, '1': 2209, '2': 2928}"
middle_ratio,nb_full,quota,front2500,5.0,7500,0.7270525808559157,"{'0': 0.8239036582594865, '1': 0.8745210727969349, '2': 0.48273301151132564}","{'0': 8802, '1': 2088, '2': 2693}"
middle_ratio,nb_full_single,raw,front2500,0.5,7500,0.7128716123207669,"{'0': 0.8080375238867334, '1': 0.8512915987898534, '2': 0.47928571428571426}","{'0': 8467, '1': 2209, '2': 2907}"
middle_ratio,nb_full_single,quota,front2500,0.5,7500,0.7270525808559157,"{'0': 0.8239036582594865, '1': 0.8745210727969349, '2': 0.48273301151132564}","{'0': 8802, '1': 2088, '2': 2693}"
middle_ratio,nb_full_single,raw,front2500,5.0,7500,0.7128716123207669,"{'0': 0.8080375238867334, '1': 0.8512915987898534, '2': 0.47928571428571426}","{'0': 8467, '1': 2209, '2': 2907}"
middle_ratio,nb_full_single,quota,front2500,5.0,7500,0.7270525808559157,"{'0': 0.8239036582594865, '1': 0.8745210727969349, '2': 0.48273301151132564}","{'0': 8802, '1': 2088, '2': 2693}"
middle_ratio,exact_posterior,raw,front5000,0.05,15000,0.7011619469462832,"{'0': 0.7524082934609251, '1': 0.8559759243336199, '2': 0.4951016230443047}","{'0': 6873, '1': 2564, '2': 4146}"
middle_ratio,exact_posterior,quota,front5000,0.05,15000,0.7271895098524981,"{'0': 0.8233356055441945, '1': 0.882183908045977, '2': 0.4760490159673227}","{'0': 8802, '1': 2088, '2': 2693}"
middle_ratio,exact_posterior,raw,front5000,0.5,15000,0.7011619469462832,"{'0': 0.7524082934609251, '1': 0.8559759243336199, '2': 0.4951016230443047}","{'0': 6873, '1': 2564, '2': 4146}"
middle_ratio,exact_posterior,quota,front5000,0.5,15000,0.7296946324858443,"{'0': 0.8248125426039536, '1': 0.8793103448275862, '2': 0.4849610100259933}","{'0': 8802, '1': 2088, '2': 2693}"
middle_ratio,exact_posterior,raw,front5000,2.0,15000,0.7011619469462832,"{'0': 0.7524082934609251, '1': 0.8559759243336199, '2': 0.4951016230443047}","{'0': 6873, '1': 2564, '2': 4146}"
middle_ratio,exact_posterior,quota,front5000,2.0,15000,0.7191718984779745,"{'0': 0.8184503521926835, '1': 0.8596743295019157, '2': 0.4793910137393242}","{'0': 8802, '1': 2088, '2': 2693}"
middle_ratio,exact_posterior,raw,front5000,10.0,15000,0.7090267443052668,"{'0': 0.8015051740357478, '1': 0.85256549036588, '2': 0.47300956851417225}","{'0': 8206, '1': 2531, '2': 2846}"
middle_ratio,exact_posterior,quota,front5000,10.0,15000,0.7075601636442982,"{'0': 0.8109520563508293, '1': 0.8371647509578544, '2': 0.4745636836242109}","{'0': 8802, '1': 2088, '2': 2693}"
middle_ratio,nb_single,raw,front5000,0.5,15000,0.2621398257761894,"{'0': 0.7864194773285682, '1': 0.0, '2': 0.0}","{'0': 13583, '1': 0, '2': 0}"
middle_ratio,nb_single,quota,front5000,0.5,15000,0.6759196322516562,"{'0': 0.8086798454896614, '1': 0.6925287356321839, '2': 0.5265503156331229}","{'0': 8802, '1': 2088, '2': 2693}"
middle_ratio,nb_single,raw,front5000,5.0,15000,0.2621398257761894,"{'0': 0.7864194773285682, '1': 0.0, '2': 0.0}","{'0': 13583, '1': 0, '2': 0}"
middle_ratio,nb_single,quota,front5000,5.0,15000,0.6759196322516562,"{'0': 0.8086798454896614, '1': 0.6925287356321839, '2': 0.5265503156331229}","{'0': 8802, '1': 2088, '2': 2693}"
middle_ratio,nb_full,raw,front5000,0.5,15000,0.7159562692234668,"{'0': 0.7993858146813914, '1': 0.8539325842696629, '2': 0.494550408719346}","{'0': 8131, '1': 2273, '2': 3179}"
middle_ratio,nb_full,quota,front5000,0.5,15000,0.7271895098524981,"{'0': 0.8233356055441945, '1': 0.882183908045977, '2': 0.4760490159673227}","{'0': 8802, '1': 2088, '2': 2693}"
middle_ratio,nb_full,raw,front5000,5.0,15000,0.7159562692234668,"{'0': 0.7993858146813914, '1': 0.8539325842696629, '2': 0.494550408719346}","{'0': 8131, '1': 2273, '2': 3179}"
middle_ratio,nb_full,quota,front5000,5.0,15000,0.7271895098524981,"{'0': 0.8233356055441945, '1': 0.882183908045977, '2': 0.4760490159673227}","{'0': 8802, '1': 2088, '2': 2693}"
middle_ratio,nb_full_single,raw,front5000,0.5,15000,0.715611364190336,"{'0': 0.7994093325457767, '1': 0.8532110091743119, '2': 0.494213750850919}","{'0': 8128, '1': 2272, '2': 3183}"
middle_ratio,nb_full_single,quota,front5000,0.5,15000,0.7251603302730948,"{'0': 0.8220858895705522, '1': 0.8788314176245211, '2': 0.4745636836242109}","{'0': 8802, '1': 2088, '2': 2693}"
middle_ratio,nb_full_single,raw,front5000,5.0,15000,0.715611364190336,"{'0': 0.7994093325457767, '1': 0.8532110091743119, '2': 0.494213750850919}","{'0': 8128, '1': 2272, '2': 3183}"
middle_ratio,nb_full_single,quota,front5000,5.0,15000,0.7251603302730948,"{'0': 0.8220858895705522, '1': 0.8788314176245211, '2': 0.4745636836242109}","{'0': 8802, '1': 2088, '2': 2693}"
middle_ratio,exact_posterior,raw,front9000,0.05,26986,0.7032482547541105,"{'0': 0.7673666180295629, '1': 0.8324726296219789, '2': 0.5099055166107894}","{'0': 6961, '1': 2753, '2': 3869}"
middle_ratio,exact_posterior,quota,front9000,0.05,26986,0.7305655092979371,"{'0': 0.8329925017041582, '1': 0.8462643678160919, '2': 0.5124396583735611}","{'0': 8802, '1': 2088, '2': 2693}"
middle_ratio,exact_posterior,raw,front9000,0.5,26986,0.7032482547541105,"{'0': 0.7673666180295629, '1': 0.8324726296219789, '2': 0.5099055166107894}","{'0': 6961, '1': 2753, '2': 3869}"
middle_ratio,exact_posterior,quota,front9000,0.5,26986,0.7311919062745659,"{'0': 0.8332197227902749, '1': 0.8486590038314177, '2': 0.5116969922020052}","{'0': 8802, '1': 2088, '2': 2693}"
middle_ratio,exact_posterior,raw,front9000,2.0,26986,0.7032482547541105,"{'0': 0.7673666180295629, '1': 0.8324726296219789, '2': 0.5099055166107894}","{'0': 6961, '1': 2753, '2': 3869}"
middle_ratio,exact_posterior,quota,front9000,2.0,26986,0.7364462529028208,"{'0': 0.8336741649625086, '1': 0.8754789272030651, '2': 0.500185666542889}","{'0': 8802, '1': 2088, '2': 2693}"
middle_ratio,exact_posterior,raw,front9000,10.0,26986,0.7069771450124254,"{'0': 0.7982330468003821, '1': 0.837141060574303, '2': 0.4855573276625908}","{'0': 7950, '1': 2683, '2': 2950}"
middle_ratio,exact_posterior,quota,front9000,10.0,26986,0.6955533579435733,"{'0': 0.8070892978868439, '1': 0.7998084291187739, '2': 0.4797623468251021}","{'0': 8802, '1': 2088, '2': 2693}"
middle_ratio,nb_single,raw,front9000,0.5,26986,0.2621398257761894,"{'0': 0.7864194773285682, '1': 0.0, '2': 0.0}","{'0': 13583, '1': 0, '2': 0}"
middle_ratio,nb_single,quota,front9000,0.5,26986,0.670288914300805,"{'0': 0.7955010224948875, '1': 0.6925287356321839, '2': 0.5228369847753435}","{'0': 8802, '1': 2088, '2': 2693}"
middle_ratio,nb_single,raw,front9000,5.0,26986,0.2621398257761894,"{'0': 0.7864194773285682, '1': 0.0, '2': 0.0}","{'0': 13583, '1': 0, '2': 0}"
middle_ratio,nb_single,quota,front9000,5.0,26986,0.670288914300805,"{'0': 0.7955010224948875, '1': 0.6925287356321839, '2': 0.5228369847753435}","{'0': 8802, '1': 2088, '2': 2693}"
middle_ratio,nb_full,raw,front9000,0.5,26986,0.7205178308001848,"{'0': 0.824572514249525, '1': 0.8321523472099203, '2': 0.5048286309411096}","{'0': 8567, '1': 2428, '2': 2588}"
middle_ratio,nb_full,quota,front9000,0.5,26986,0.7433982759780114,"{'0': 0.8394683026584867, '1': 0.8912835249042146, '2': 0.4994430003713331}","{'0': 8802, '1': 2088, '2': 2693}"
middle_ratio,nb_full,raw,front9000,5.0,26986,0.7205178308001848,"{'0': 0.824572514249525, '1': 0.8321523472099203, '2': 0.5048286309411096}","{'0': 8567, '1': 2428, '2': 2588}"
middle_ratio,nb_full,quota,front9000,5.0,26986,0.7433982759780114,"{'0': 0.8394683026584867, '1': 0.8912835249042146, '2': 0.4994430003713331}","{'0': 8802, '1': 2088, '2': 2693}"
middle_ratio,nb_full_single,raw,front9000,0.5,26986,0.7203678734575436,"{'0': 0.8233121754183497, '1': 0.8321523472099203, '2': 0.5056390977443609}","{'0': 8528, '1': 2428, '2': 2627}"
middle_ratio,nb_full_single,quota,front9000,0.5,26986,0.7387525566009029,"{'0': 0.83640081799591, '1': 0.8759578544061303, '2': 0.5038989974006683}","{'0': 8802, '1': 2088, '2': 2693}"
middle_ratio,nb_full_single,raw,front9000,5.0,26986,0.7203678734575436,"{'0': 0.8233121754183497, '1': 0.8321523472099203, '2': 0.5056390977443609}","{'0': 8528, '1': 2428, '2': 2627}"
middle_ratio,nb_full_single,quota,front9000,5.0,26986,0.7387525566009029,"{'0': 0.83640081799591, '1': 0.8759578544061303, '2': 0.5038989974006683}","{'0': 8802, '1': 2088, '2': 2693}"
middle_ratio,exact_posterior,raw,frac0.5,0.05,17241,0.721337809732533,"{'0': 0.8008191290730591, '1': 0.8575686608473494, '2': 0.5056256392771906}","{'0': 7801, '1': 2609, '2': 3173}"
middle_ratio,exact_posterior,quota,frac0.5,0.05,17241,0.7242888051335116,"{'0': 0.8239036582594865, '1': 0.8524904214559387, '2': 0.49647233568510957}","{'0': 8802, '1': 2088, '2': 2693}"
middle_ratio,exact_posterior,raw,frac0.5,0.5,17241,0.721337809732533,"{'0': 0.8008191290730591, '1': 0.8575686608473494, '2': 0.5056256392771906}","{'0': 7801, '1': 2609, '2': 3173}"
middle_ratio,exact_posterior,quota,frac0.5,0.5,17241,0.7232179933609345,"{'0': 0.8228811633719609, '1': 0.8477011494252874, '2': 0.49907166728555513}","{'0': 8802, '1': 2088, '2': 2693}"
middle_ratio,exact_posterior,raw,frac0.5,2.0,17241,0.721337809732533,"{'0': 0.8008191290730591, '1': 0.8575686608473494, '2': 0.5056256392771906}","{'0': 7801, '1': 2609, '2': 3173}"
middle_ratio,exact_posterior,quota,frac0.5,2.0,17241,0.7098634831932581,"{'0': 0.8139059304703476, '1': 0.8299808429118773, '2': 0.48570367619754923}","{'0': 8802, '1': 2088, '2': 2693}"
middle_ratio,exact_posterior,raw,frac0.5,10.0,17241,0.713066381929484,"{'0': 0.8218897548210934, '1': 0.8525375735133958, '2': 0.4647718174539632}","{'0': 8777, '1': 2503, '2': 2303}"
middle_ratio,exact_posterior,quota,frac0.5,10.0,17241,0.6803526737841814,"{'0': 0.8235628266303113, '1': 0.7796934865900383, '2': 0.4378017081321946}","{'0': 8802, '1': 2088, '2': 2693}"
middle_ratio,nb_single,raw,frac0.5,0.5,17241,0.2621398257761894,"{'0': 0.7864194773285682, '1': 0.0, '2': 0.0}","{'0': 13583, '1': 0, '2': 0}"
middle_ratio,nb_single,quota,frac0.5,0.5,17241,0.6802839851352677,"{'0': 0.8126562144967053, '1': 0.6901340996168582, '2': 0.5380616412922391}","{'0': 8802, '1': 2088, '2': 2693}"
middle_ratio,nb_single,raw,frac0.5,5.0,17241,0.2621398257761894,"{'0': 0.7864194773285682, '1': 0.0, '2': 0.0}","{'0': 13583, '1': 0, '2': 0}"
middle_ratio,nb_single,quota,frac0.5,5.0,17241,0.6802839851352677,"{'0': 0.8126562144967053, '1': 0.6901340996168582, '2': 0.5380616412922391}","{'0': 8802, '1': 2088, '2': 2693}"
middle_ratio,nb_full,raw,frac0.5,0.5,17241,0.7233036992753593,"{'0': 0.8225519967913826, '1': 0.857012334399269, '2': 0.4903467666354264}","{'0': 8651, '1': 2290, '2': 2642}"
middle_ratio,nb_full,quota,frac0.5,0.5,17241,0.7152906718938407,"{'0': 0.820608952510793, '1': 0.8395593869731801, '2': 0.48570367619754923}","{'0': 8802, '1': 2088, '2': 2693}"
middle_ratio,nb_full,raw,frac0.5,5.0,17241,0.7233036992753593,"{'0': 0.8225519967913826, '1': 0.857012334399269, '2': 0.4903467666354264}","{'0': 8651, '1': 2290, '2': 2642}"
middle_ratio,nb_full,quota,frac0.5,5.0,17241,0.7152906718938407,"{'0': 0.820608952510793, '1': 0.8395593869731801, '2': 0.48570367619754923}","{'0': 8802, '1': 2088, '2': 2693}"
middle_ratio,nb_full_single,raw,frac0.5,0.5,17241,0.7237589337142052,"{'0': 0.8236842105263158, '1': 0.857012334399269, '2': 0.4905802562170309}","{'0': 8678, '1': 2290, '2': 2615}"
middle_ratio,nb_full_single,quota,frac0.5,0.5,17241,0.7104054649726642,"{'0': 0.8201545103385595, '1': 0.8275862068965517, '2': 0.4834756776828815}","{'0': 8802, '1': 2088, '2': 2693}"
middle_ratio,nb_full_single,raw,frac0.5,5.0,17241,0.7237589337142052,"{'0': 0.8236842105263158, '1': 0.857012334399269, '2': 0.4905802562170309}","{'0': 8678, '1': 2290, '2': 2615}"
middle_ratio,nb_full_single,quota,frac0.5,5.0,17241,0.7104054649726642,"{'0': 0.8201545103385595, '1': 0.8275862068965517, '2': 0.4834756776828815}","{'0': 8802, '1': 2088, '2': 2693}"
middle_ratio,exact_posterior,raw,decay3.0,0.05,34482,0.7088673507060301,"{'0': 0.7905302336933309, '1': 0.8386694386694387, '2': 0.4974023797553209}","{'0': 7587, '1': 2722, '2': 3274}"
middle_ratio,exact_posterior,quota,decay3.0,0.05,34482,0.7193560261522838,"{'0': 0.8231083844580777, '1': 0.8529693486590039, '2': 0.48199034533976975}","{'0': 8802, '1': 2088, '2': 2693}"
middle_ratio,exact_posterior,raw,decay3.0,0.5,34482,0.7158600813563796,"{'0': 0.7988924336363089, '1': 0.8519535374868005, '2': 0.49673427294602956}","{'0': 7811, '1': 2647, '2': 3125}"
middle_ratio,exact_posterior,quota,decay3.0,0.5,34482,0.7153856738134672,"{'0': 0.8175414678482164, '1': 0.842911877394636, '2': 0.48570367619754923}","{'0': 8802, '1': 2088, '2': 2693}"
middle_ratio,exact_posterior,raw,decay3.0,2.0,34482,0.7126453390837283,"{'0': 0.8102845149253731, '1': 0.8584279288926965, '2': 0.46922357343311505}","{'0': 8350, '1': 2581, '2': 2652}"
middle_ratio,exact_posterior,quota,decay3.0,2.0,34482,0.710523038096254,"{'0': 0.8139059304703476, '1': 0.8520114942528736, '2': 0.4656516895655403}","{'0': 8802, '1': 2088, '2': 2693}"
middle_ratio,exact_posterior,raw,decay3.0,10.0,34482,0.6928104978257981,"{'0': 0.8278553369242607, '1': 0.8497590889180903, '2': 0.4008170676350431}","{'0': 9392, '1': 2478, '2': 1713}"
middle_ratio,exact_posterior,quota,decay3.0,10.0,34482,0.670975604885451,"{'0': 0.8170870256759827, '1': 0.7758620689655172, '2': 0.41997772001485334}","{'0': 8802, '1': 2088, '2': 2693}"
middle_ratio,nb_single,raw,decay3.0,0.5,34482,0.2621398257761894,"{'0': 0.7864194773285682, '1': 0.0, '2': 0.0}","{'0': 13583, '1': 0, '2': 0}"
middle_ratio,nb_single,quota,decay3.0,0.5,34482,0.6722834878850543,"{'0': 0.8066348557146104, '1': 0.6910919540229885, '2': 0.5191236539175641}","{'0': 8802, '1': 2088, '2': 2693}"
middle_ratio,nb_single,raw,decay3.0,5.0,34482,0.2621398257761894,"{'0': 0.7864194773285682, '1': 0.0, '2': 0.0}","{'0': 13583, '1': 0, '2': 0}"
middle_ratio,nb_single,quota,decay3.0,5.0,34482,0.6723213580660738,"{'0': 0.8067484662576687, '1': 0.6910919540229885, '2': 0.5191236539175641}","{'0': 8802, '1': 2088, '2': 2693}"
middle_ratio,nb_full,raw,decay3.0,0.5,34482,0.7164545723749679,"{'0': 0.8193878137024062, '1': 0.8384632666816446, '2': 0.4915126367408525}","{'0': 8611, '1': 2363, '2': 2609}"
middle_ratio,nb_full,quota,decay3.0,0.5,34482,0.7132131754293859,"{'0': 0.8214042263122018, '1': 0.8314176245210728, '2': 0.486817675454883}","{'0': 8802, '1': 2088, '2': 2693}"
middle_ratio,nb_full,raw,decay3.0,5.0,34482,0.7164545723749679,"{'0': 0.8193878137024062, '1': 0.8384632666816446, '2': 0.4915126367408525}","{'0': 8611, '1': 2363, '2': 2609}"
middle_ratio,nb_full,quota,decay3.0,5.0,34482,0.7132131754293859,"{'0': 0.8214042263122018, '1': 0.8314176245210728, '2': 0.486817675454883}","{'0': 8802, '1': 2088, '2': 2693}"
middle_ratio,nb_full_single,raw,decay3.0,0.5,34482,0.7154754811493356,"{'0': 0.8173602716859495, '1': 0.8393619411368232, '2': 0.489704230625234}","{'0': 8571, '1': 2363, '2': 2649}"
middle_ratio,nb_full_single,quota,decay3.0,0.5,34482,0.7190225173021029,"{'0': 0.8210633946830266, '1': 0.8477011494252874, '2': 0.4883030077979948}","{'0': 8802, '1': 2088, '2': 2693}"
middle_ratio,nb_full_single,raw,decay3.0,5.0,34482,0.7154754811493356,"{'0': 0.8173602716859495, '1': 0.8393619411368232, '2': 0.489704230625234}","{'0': 8571, '1': 2363, '2': 2649}"
middle_ratio,nb_full_single,quota,decay3.0,5.0,34482,0.7190225173021029,"{'0': 0.8210633946830266, '1': 0.8477011494252874, '2': 0.4883030077979948}","{'0': 8802, '1': 2088, '2': 2693}"
suffix_ratio,exact_posterior,raw,all,0.05,34482,0.38966659144596383,"{'0': 0.7342390995395373, '1': 0.05702647657841141, '2': 0.3777341982199427}","{'0': 8789, '1': 858, '2': 3936}"
suffix_ratio,exact_posterior,quota,all,0.05,34482,0.41114348124926486,"{'0': 0.7351738241308794, '1': 0.16331417624521072, '2': 0.3349424433717044}","{'0': 8802, '1': 2088, '2': 2693}"
suffix_ratio,exact_posterior,raw,all,0.5,34482,0.38966659144596383,"{'0': 0.7342390995395373, '1': 0.05702647657841141, '2': 0.3777341982199427}","{'0': 8789, '1': 858, '2': 3936}"
suffix_ratio,exact_posterior,quota,all,0.5,34482,0.41114348124926486,"{'0': 0.7351738241308794, '1': 0.16331417624521072, '2': 0.3349424433717044}","{'0': 8802, '1': 2088, '2': 2693}"
suffix_ratio,exact_posterior,raw,all,2.0,34482,0.38966659144596383,"{'0': 0.7342390995395373, '1': 0.05702647657841141, '2': 0.3777341982199427}","{'0': 8789, '1': 858, '2': 3936}"
suffix_ratio,exact_posterior,quota,all,2.0,34482,0.4135022525588281,"{'0': 0.7351738241308794, '1': 0.1700191570881226, '2': 0.33531377645748234}","{'0': 8802, '1': 2088, '2': 2693}"
suffix_ratio,exact_posterior,raw,all,10.0,34482,0.3898241419831561,"{'0': 0.7501230516817063, '1': 0.056016597510373446, '2': 0.36333277675738856}","{'0': 9483, '1': 804, '2': 3296}"
suffix_ratio,exact_posterior,quota,all,10.0,34482,0.4257901476257795,"{'0': 0.7446034992047262, '1': 0.1896551724137931, '2': 0.34311177125881914}","{'0': 8802, '1': 2088, '2': 2693}"
suffix_ratio,nb_single,raw,all,0.5,34482,0.2621398257761894,"{'0': 0.7864194773285682, '1': 0.0, '2': 0.0}","{'0': 13583, '1': 0, '2': 0}"
suffix_ratio,nb_single,quota,all,0.5,34482,0.41429328859208353,"{'0': 0.7432401726880254, '1': 0.09674329501915709, '2': 0.40289639806906796}","{'0': 8802, '1': 2088, '2': 2693}"
suffix_ratio,nb_single,raw,all,5.0,34482,0.2621398257761894,"{'0': 0.7864194773285682, '1': 0.0, '2': 0.0}","{'0': 13583, '1': 0, '2': 0}"
suffix_ratio,nb_single,quota,all,5.0,34482,0.41429328859208353,"{'0': 0.7432401726880254, '1': 0.09674329501915709, '2': 0.40289639806906796}","{'0': 8802, '1': 2088, '2': 2693}"
suffix_ratio,nb_full,raw,all,0.5,34482,0.39481373490326205,"{'0': 0.7620545641915712, '1': 0.05786618444846293, '2': 0.36452045606975186}","{'0': 9635, '1': 677, '2': 3271}"
suffix_ratio,nb_full,quota,all,0.5,34482,0.42470539159935217,"{'0': 0.7457396046353102, '1': 0.17672413793103448, '2': 0.35165243223171183}","{'0': 8802, '1': 2088, '2': 2693}"
suffix_ratio,nb_full,raw,all,5.0,34482,0.39481373490326205,"{'0': 0.7620545641915712, '1': 0.05786618444846293, '2': 0.36452045606975186}","{'0': 9635, '1': 677, '2': 3271}"
suffix_ratio,nb_full,quota,all,5.0,34482,0.42470539159935217,"{'0': 0.7457396046353102, '1': 0.17672413793103448, '2': 0.35165243223171183}","{'0': 8802, '1': 2088, '2': 2693}"
suffix_ratio,nb_full_single,raw,all,0.5,34482,0.3963987381003056,"{'0': 0.7644511799090712, '1': 0.05788712011577424, '2': 0.36685791427607156}","{'0': 9674, '1': 676, '2': 3233}"
suffix_ratio,nb_full_single,quota,all,0.5,34482,0.42411803138105036,"{'0': 0.7451715519200182, '1': 0.16810344827586207, '2': 0.3590790939472707}","{'0': 8802, '1': 2088, '2': 2693}"
suffix_ratio,nb_full_single,raw,all,5.0,34482,0.3963987381003056,"{'0': 0.7644511799090712, '1': 0.05788712011577424, '2': 0.36685791427607156}","{'0': 9674, '1': 676, '2': 3233}"
suffix_ratio,nb_full_single,quota,all,5.0,34482,0.42411803138105036,"{'0': 0.7451715519200182, '1': 0.16810344827586207, '2': 0.3590790939472707}","{'0': 8802, '1': 2088, '2': 2693}"
suffix_ratio,exact_posterior,raw,front2500,0.05,7500,0.3370174838888152,"{'0': 0.6370832034901839, '1': 0.03758290346352248, '2': 0.33638634471273937}","{'0': 7243, '1': 626, '2': 5714}"
suffix_ratio,exact_posterior,quota,front2500,0.05,7500,0.3882668132065243,"{'0': 0.7073392410815724, '1': 0.12883141762452108, '2': 0.3286297809134794}","{'0': 8802, '1': 2088, '2': 2693}"
suffix_ratio,exact_posterior,raw,front2500,0.5,7500,0.3370174838888152,"{'0': 0.6370832034901839, '1': 0.03758290346352248, '2': 0.33638634471273937}","{'0': 7243, '1': 626, '2': 5714}"
suffix_ratio,exact_posterior,quota,front2500,0.5,7500,0.4005268652262855,"{'0': 0.7112019995455579, '1': 0.15469348659003831, '2': 0.3356851095432603}","{'0': 8802, '1': 2088, '2': 2693}"
suffix_ratio,exact_posterior,raw,front2500,2.0,7500,0.3370174838888152,"{'0': 0.6370832034901839, '1': 0.03758290346352248, '2': 0.33638634471273937}","{'0': 7243, '1': 626, '2': 5714}"
suffix_ratio,exact_posterior,quota,front2500,2.0,7500,0.3820643551474721,"{'0': 0.6999545557827767, '1': 0.1532567049808429, '2': 0.29298180467879686}","{'0': 8802, '1': 2088, '2': 2693}"
suffix_ratio,exact_posterior,raw,front2500,10.0,7500,0.357332930776858,"{'0': 0.7204195345788266, '1': 0.036404160475482915, '2': 0.3151750972762646}","{'0': 9504, '1': 604, '2': 3475}"
suffix_ratio,exact_posterior,quota,front2500,10.0,7500,0.3933330192703073,"{'0': 0.7102931152010906, '1': 0.17672413793103448, '2': 0.29298180467879686}","{'0': 8802, '1': 2088, '2': 2693}"
suffix_ratio,nb_single,raw,front2500,0.5,7500,0.2621398257761894,"{'0': 0.7864194773285682, '1': 0.0, '2': 0.0}","{'0': 13583, '1': 0, '2': 0}"
suffix_ratio,nb_single,quota,front2500,0.5,7500,0.41389495159952094,"{'0': 0.744262667575551, '1': 0.10009578544061302, '2': 0.3973264017823988}","{'0': 8802, '1': 2088, '2': 2693}"
suffix_ratio,nb_single,raw,front2500,5.0,7500,0.2621398257761894,"{'0': 0.7864194773285682, '1': 0.0, '2': 0.0}","{'0': 13583, '1': 0, '2': 0}"
suffix_ratio,nb_single,quota,front2500,5.0,7500,0.41389495159952094,"{'0': 0.744262667575551, '1': 0.10009578544061302, '2': 0.3973264017823988}","{'0': 8802, '1': 2088, '2': 2693}"
suffix_ratio,nb_full,raw,front2500,0.5,7500,0.3496118292976544,"{'0': 0.6839257664785618, '1': 0.037209302325581395, '2': 0.3277004190888198}","{'0': 8387, '1': 492, '2': 4704}"
suffix_ratio,nb_full,quota,front2500,0.5,7500,0.3957303139375017,"{'0': 0.7097250624857987, '1': 0.18151340996168583, '2': 0.2959524693650204}","{'0': 8802, '1': 2088, '2': 2693}"
suffix_ratio,nb_full,raw,front2500,5.0,7500,0.3496118292976544,"{'0': 0.6839257664785618, '1': 0.037209302325581395, '2': 0.3277004190888198}","{'0': 8387, '1': 492, '2': 4704}"
suffix_ratio,nb_full,quota,front2500,5.0,7500,0.3957303139375017,"{'0': 0.7097250624857987, '1': 0.18151340996168583, '2': 0.2959524693650204}","{'0': 8802, '1': 2088, '2': 2693}"
suffix_ratio,nb_full_single,raw,front2500,0.5,7500,0.3593217991894182,"{'0': 0.702423929860753, '1': 0.037209302325581395, '2': 0.3383321653819201}","{'0': 8649, '1': 492, '2': 4442}"
suffix_ratio,nb_full_single,quota,front2500,0.5,7500,0.38300616841856244,"{'0': 0.7097250624857987, '1': 0.1206896551724138, '2': 0.31860378759747493}","{'0': 8802, '1': 2088, '2': 2693}"
suffix_ratio,nb_full_single,raw,front2500,5.0,7500,0.3593217991894182,"{'0': 0.702423929860753, '1': 0.037209302325581395, '2': 0.3383321653819201}","{'0': 8649, '1': 492, '2': 4442}"
suffix_ratio,nb_full_single,quota,front2500,5.0,7500,0.38490569365285093,"{'0': 0.7097250624857987, '1': 0.1278735632183908, '2': 0.31711845525436316}","{'0': 8802, '1': 2088, '2': 2693}"
suffix_ratio,exact_posterior,raw,front5000,0.05,15000,0.3454363441536863,"{'0': 0.6438588768002013, '1': 0.039315617036767385, '2': 0.35313453862409017}","{'0': 7099, '1': 659, '2': 5825}"
suffix_ratio,exact_posterior,quota,front5000,0.05,15000,0.390956900230025,"{'0': 0.7154055896387185, '1': 0.14703065134099616, '2': 0.3104344597103602}","{'0': 8802, '1': 2088, '2': 2693}"
suffix_ratio,exact_posterior,raw,front5000,0.5,15000,0.3454363441536863,"{'0': 0.6438588768002013, '1': 0.039315617036767385, '2': 0.35313453862409017}","{'0': 7099, '1': 659, '2': 5825}"
suffix_ratio,exact_posterior,quota,front5000,0.5,15000,0.3902922135021738,"{'0': 0.7117700522608498, '1': 0.1460727969348659, '2': 0.3130337913108058}","{'0': 8802, '1': 2088, '2': 2693}"
suffix_ratio,exact_posterior,raw,front5000,2.0,15000,0.3454363441536863,"{'0': 0.6438588768002013, '1': 0.039315617036767385, '2': 0.35313453862409017}","{'0': 7099, '1': 659, '2': 5825}"
suffix_ratio,exact_posterior,quota,front5000,2.0,15000,0.39113328531268104,"{'0': 0.7117700522608498, '1': 0.1556513409961686, '2': 0.30597846268102485}","{'0': 8802, '1': 2088, '2': 2693}"
suffix_ratio,exact_posterior,raw,front5000,10.0,15000,0.361710711711914,"{'0': 0.7034696691176471, '1': 0.037267080745341616, '2': 0.34439538527275315}","{'0': 8606, '1': 649, '2': 4328}"
suffix_ratio,exact_posterior,quota,front5000,10.0,15000,0.3992415162136411,"{'0': 0.7108611679163827, '1': 0.1671455938697318, '2': 0.3197177868548088}","{'0': 8802, '1': 2088, '2': 2693}"
suffix_ratio,nb_single,raw,front5000,0.5,15000,0.2621398257761894,"{'0': 0.7864194773285682, '1': 0.0, '2': 0.0}","{'0': 13583, '1': 0, '2': 0}"
suffix_ratio,nb_single,quota,front5000,0.5,15000,0.41543111970363733,"{'0': 0.742558509429675, '1': 0.10009578544061302, '2': 0.40363906424062385}","{'0': 8802, '1': 2088, '2': 2693}"
suffix_ratio,nb_single,raw,front5000,5.0,15000,0.2621398257761894,"{'0': 0.7864194773285682, '1': 0.0, '2': 0.0}","{'0': 13583, '1': 0, '2': 0}"
suffix_ratio,nb_single,quota,front5000,5.0,15000,0.4151835643131187,"{'0': 0.742558509429675, '1': 0.10009578544061302, '2': 0.40289639806906796}","{'0': 8802, '1': 2088, '2': 2693}"
suffix_ratio,nb_full,raw,front5000,0.5,15000,0.35919516471293683,"{'0': 0.6937773882559158, '1': 0.040154440154440155, '2': 0.3436536657284546}","{'0': 8313, '1': 502, '2': 4768}"
suffix_ratio,nb_full,quota,front5000,0.5,15000,0.40875448512545726,"{'0': 0.7176778004998864, '1': 0.2092911877394636, '2': 0.2992944671370219}","{'0': 8802, '1': 2088, '2': 2693}"
suffix_ratio,nb_full,raw,front5000,5.0,15000,0.35919516471293683,"{'0': 0.6937773882559158, '1': 0.040154440154440155, '2': 0.3436536657284546}","{'0': 8313, '1': 502, '2': 4768}"
suffix_ratio,nb_full,quota,front5000,5.0,15000,0.40875448512545726,"{'0': 0.7176778004998864, '1': 0.2092911877394636, '2': 0.2992944671370219}","{'0': 8802, '1': 2088, '2': 2693}"
suffix_ratio,nb_full_single,raw,front5000,0.5,15000,0.3594142718879325,"{'0': 0.693593640402151, '1': 0.04010798303123795, '2': 0.3445411922304086}","{'0': 8306, '1': 505, '2': 4772}"
suffix_ratio,nb_full_single,quota,front5000,0.5,15000,0.3986361072029377,"{'0': 0.7213133378777551, '1': 0.14559386973180077, '2': 0.32900111399925736}","{'0': 8802, '1': 2088, '2': 2693}"
suffix_ratio,nb_full_single,raw,front5000,5.0,15000,0.3594142718879325,"{'0': 0.693593640402151, '1': 0.04010798303123795, '2': 0.3445411922304086}","{'0': 8306, '1': 505, '2': 4772}"
suffix_ratio,nb_full_single,quota,front5000,5.0,15000,0.3983885518124191,"{'0': 0.7213133378777551, '1': 0.14559386973180077, '2': 0.32825844782770147}","{'0': 8802, '1': 2088, '2': 2693}"
suffix_ratio,exact_posterior,raw,front9000,0.05,26986,0.36271672490216833,"{'0': 0.6744028146410715, '1': 0.04354032833690221, '2': 0.3702070317285312}","{'0': 7399, '1': 714, '2': 5470}"
suffix_ratio,exact_posterior,quota,front9000,0.05,26986,0.41764395441049923,"{'0': 0.7350602135878209, '1': 0.17624521072796934, '2': 0.3416264389157074}","{'0': 8802, '1': 2088, '2': 2693}"
suffix_ratio,exact_posterior,raw,front9000,0.5,26986,0.36271672490216833,"{'0': 0.6744028146410715, '1': 0.04354032833690221, '2': 0.3702070317285312}","{'0': 7399, '1': 714, '2': 5470}"
suffix_ratio,exact_posterior,quota,front9000,0.5,26986,0.4154678644036505,"{'0': 0.7359690979322882, '1': 0.1728927203065134, '2': 0.33754177497215004}","{'0': 8802, '1': 2088, '2': 2693}"
suffix_ratio,exact_posterior,raw,front9000,2.0,26986,0.36271672490216833,"{'0': 0.6744028146410715, '1': 0.04354032833690221, '2': 0.3702070317285312}","{'0': 7399, '1': 714, '2': 5470}"
suffix_ratio,exact_posterior,quota,front9000,2.0,26986,0.4156306788572368,"{'0': 0.735628266303113, '1': 0.16666666666666666, '2': 0.3445971036019309}","{'0': 8802, '1': 2088, '2': 2693}"
suffix_ratio,exact_posterior,raw,front9000,10.0,26986,0.3707456742215454,"{'0': 0.7100653292478465, '1': 0.039301310043668124, '2': 0.3628703833731218}","{'0': 8495, '1': 660, '2': 4428}"
suffix_ratio,exact_posterior,quota,front9000,10.0,26986,0.4048703227621844,"{'0': 0.7268802544876165, '1': 0.15613026819923373, '2': 0.3316004455997029}","{'0': 8802, '1': 2088, '2': 2693}"
suffix_ratio,nb_single,raw,front9000,0.5,26986,0.2621398257761894,"{'0': 0.7864194773285682, '1': 0.0, '2': 0.0}","{'0': 13583, '1': 0, '2': 0}"
suffix_ratio,nb_single,quota,front9000,0.5,26986,0.4119800357397876,"{'0': 0.7426721199727335, '1': 0.09482758620689655, '2': 0.39844040103973266}","{'0': 8802, '1': 2088, '2': 2693}"
suffix_ratio,nb_single,raw,front9000,5.0,26986,0.2621398257761894,"{'0': 0.7864194773285682, '1': 0.0, '2': 0.0}","{'0': 13583, '1': 0, '2': 0}"
suffix_ratio,nb_single,quota,front9000,5.0,26986,0.4119800357397876,"{'0': 0.7426721199727335, '1': 0.09482758620689655, '2': 0.39844040103973266}","{'0': 8802, '1': 2088, '2': 2693}"
suffix_ratio,nb_full,raw,front9000,0.5,26986,0.38583350746172007,"{'0': 0.7468389684175347, '1': 0.04206500956022945, '2': 0.3685965444073962}","{'0': 9151, '1': 527, '2': 3905}"
suffix_ratio,nb_full,quota,front9000,0.5,26986,0.4067653280094716,"{'0': 0.7236991592819814, '1': 0.12452107279693486, '2': 0.3720757519494987}","{'0': 8802, '1': 2088, '2': 2693}"
suffix_ratio,nb_full,raw,front9000,5.0,26986,0.38583350746172007,"{'0': 0.7468389684175347, '1': 0.04206500956022945, '2': 0.3685965444073962}","{'0': 9151, '1': 527, '2': 3905}"
suffix_ratio,nb_full,quota,front9000,5.0,26986,0.4067653280094716,"{'0': 0.7236991592819814, '1': 0.12452107279693486, '2': 0.3720757519494987}","{'0': 8802, '1': 2088, '2': 2693}"
suffix_ratio,nb_full_single,raw,front9000,0.5,26986,0.38553806482193664,"{'0': 0.7409865571741943, '1': 0.041040674239648224, '2': 0.37458696305196754}","{'0': 8977, '1': 641, '2': 3965}"
suffix_ratio,nb_full_single,quota,front9000,0.5,26986,0.40915156680179626,"{'0': 0.7355146557600545, '1': 0.14511494252873564, '2': 0.3468251021165986}","{'0': 8802, '1': 2088, '2': 2693}"
suffix_ratio,nb_full_single,raw,front9000,5.0,26986,0.38553806482193664,"{'0': 0.7409865571741943, '1': 0.041040674239648224, '2': 0.37458696305196754}","{'0': 8977, '1': 641, '2': 3965}"
suffix_ratio,nb_full_single,quota,front9000,5.0,26986,0.409027789106537,"{'0': 0.7355146557600545, '1': 0.14511494252873564, '2': 0.34645376903082065}","{'0': 8802, '1': 2088, '2': 2693}"
suffix_ratio,exact_posterior,raw,frac0.5,0.05,17241,0.37407979529671626,"{'0': 0.7178274907749077, '1': 0.03925845147219193, '2': 0.3651534436430491}","{'0': 8542, '1': 663, '2': 4378}"
suffix_ratio,exact_posterior,quota,frac0.5,0.05,17241,0.40369298937667836,"{'0': 0.722449443308339, '1': 0.15517241379310345, '2': 0.33345711102859266}","{'0': 8802, '1': 2088, '2': 2693}"
suffix_ratio,exact_posterior,raw,frac0.5,0.5,17241,0.37407979529671626,"{'0': 0.7178274907749077, '1': 0.03925845147219193, '2': 0.3651534436430491}","{'0': 8542, '1': 663, '2': 4378}"
suffix_ratio,exact_posterior,quota,frac0.5,0.5,17241,0.40369298937667836,"{'0': 0.722449443308339, '1': 0.15517241379310345, '2': 0.33345711102859266}","{'0': 8802, '1': 2088, '2': 2693}"
suffix_ratio,exact_posterior,raw,frac0.5,2.0,17241,0.37407979529671626,"{'0': 0.7178274907749077, '1': 0.03925845147219193, '2': 0.3651534436430491}","{'0': 8542, '1': 663, '2': 4378}"
suffix_ratio,exact_posterior,quota,frac0.5,2.0,17241,0.40881968955963605,"{'0': 0.7264258123153828, '1': 0.15469348659003831, '2': 0.3453397697734868}","{'0': 8802, '1': 2088, '2': 2693}"
suffix_ratio,exact_posterior,raw,frac0.5,10.0,17241,0.3816594794930443,"{'0': 0.7521358278360549, '1': 0.03765227021040975, '2': 0.3551903404326681}","{'0': 9692, '1': 621, '2': 3270}"
suffix_ratio,exact_posterior,quota,frac0.5,10.0,17241,0.40777550831151915,"{'0': 0.7292660758918428, '1': 0.1446360153256705, '2': 0.3494244337170442}","{'0': 8802, '1': 2088, '2': 2693}"
suffix_ratio,nb_single,raw,frac0.5,0.5,17241,0.2621398257761894,"{'0': 0.7864194773285682, '1': 0.0, '2': 0.0}","{'0': 13583, '1': 0, '2': 0}"
suffix_ratio,nb_single,quota,frac0.5,0.5,17241,0.41321058374387953,"{'0': 0.7406271301976823, '1': 0.09722222222222222, '2': 0.4017823988117341}","{'0': 8802, '1': 2088, '2': 2693}"
suffix_ratio,nb_single,raw,frac0.5,5.0,17241,0.2621398257761894,"{'0': 0.7864194773285682, '1': 0.0, '2': 0.0}","{'0': 13583, '1': 0, '2': 0}"
suffix_ratio,nb_single,quota,frac0.5,5.0,17241,0.41321058374387953,"{'0': 0.7406271301976823, '1': 0.09722222222222222, '2': 0.4017823988117341}","{'0': 8802, '1': 2088, '2': 2693}"
suffix_ratio,nb_full,raw,frac0.5,0.5,17241,0.3850829998353369,"{'0': 0.7567832625040863, '1': 0.039953899346907414, '2': 0.35851183765501693}","{'0': 9552, '1': 515, '2': 3516}"
suffix_ratio,nb_full,quota,frac0.5,0.5,17241,0.4175851443910812,"{'0': 0.7250624857986822, '1': 0.17863984674329503, '2': 0.34905310063126627}","{'0': 8802, '1': 2088, '2': 2693}"
suffix_ratio,nb_full,raw,frac0.5,5.0,17241,0.3850829998353369,"{'0': 0.7567832625040863, '1': 0.039953899346907414, '2': 0.35851183765501693}","{'0': 9552, '1': 515, '2': 3516}"
suffix_ratio,nb_full,quota,frac0.5,5.0,17241,0.4175851443910812,"{'0': 0.7250624857986822, '1': 0.17863984674329503, '2': 0.34905310063126627}","{'0': 8802, '1': 2088, '2': 2693}"
suffix_ratio,nb_full_single,raw,frac0.5,0.5,17241,0.38670364632000465,"{'0': 0.7597674292234962, '1': 0.039953899346907414, '2': 0.36038961038961037}","{'0': 9601, '1': 515, '2': 3467}"
suffix_ratio,nb_full_single,quota,frac0.5,0.5,17241,0.42267308809491105,"{'0': 0.7456259940922517, '1': 0.16331417624521072, '2': 0.3590790939472707}","{'0': 8802, '1': 2088, '2': 2693}"
suffix_ratio,nb_full_single,raw,frac0.5,5.0,17241,0.38670364632000465,"{'0': 0.7597674292234962, '1': 0.039953899346907414, '2': 0.36038961038961037}","{'0': 9601, '1': 515, '2': 3467}"
suffix_ratio,nb_full_single,quota,frac0.5,5.0,17241,0.42255131587490885,"{'0': 0.7457396046353102, '1': 0.16283524904214558, '2': 0.3590790939472707}","{'0': 8802, '1': 2088, '2': 2693}"
suffix_ratio,exact_posterior,raw,decay3.0,0.05,34482,0.36717261110284377,"{'0': 0.689047216519744, '1': 0.044460380064539264, '2': 0.36801023672424826}","{'0': 7760, '1': 701, '2': 5122}"
suffix_ratio,exact_posterior,quota,decay3.0,0.05,34482,0.40242382418446215,"{'0': 0.7281299704612588, '1': 0.15756704980842912, '2': 0.32157445228369846}","{'0': 8802, '1': 2088, '2': 2693}"
suffix_ratio,exact_posterior,raw,decay3.0,0.5,34482,0.36871110398507906,"{'0': 0.6947858250805393, '1': 0.04404332129963899, '2': 0.36730416557505896}","{'0': 7960, '1': 682, '2': 4941}"
suffix_ratio,exact_posterior,quota,decay3.0,0.5,34482,0.39423490875759426,"{'0': 0.7190411270165872, '1': 0.1613984674329502, '2': 0.30226513182324544}","{'0': 8802, '1': 2088, '2': 2693}"
suffix_ratio,exact_posterior,raw,decay3.0,2.0,34482,0.3722124148400318,"{'0': 0.712867859203693, '1': 0.040697674418604654, '2': 0.36307171089779783}","{'0': 8528, '1': 664, '2': 4391}"
suffix_ratio,exact_posterior,quota,decay3.0,2.0,34482,0.3983045557004871,"{'0': 0.7185866848443535, '1': 0.15660919540229884, '2': 0.3197177868548088}","{'0': 8802, '1': 2088, '2': 2693}"
suffix_ratio,exact_posterior,raw,decay3.0,10.0,34482,0.3739500709192402,"{'0': 0.7534079456850369, '1': 0.03766617429837518, '2': 0.33077609277430864}","{'0': 10051, '1': 620, '2': 2912}"
suffix_ratio,exact_posterior,quota,decay3.0,10.0,34482,0.42392392033622955,"{'0': 0.7494887525562373, '1': 0.19588122605363983, '2': 0.32640178239881174}","{'0': 8802, '1': 2088, '2': 2693}"
suffix_ratio,nb_single,raw,decay3.0,0.5,34482,0.2621398257761894,"{'0': 0.7864194773285682, '1': 0.0, '2': 0.0}","{'0': 13583, '1': 0, '2': 0}"
suffix_ratio,nb_single,quota,decay3.0,0.5,34482,0.411536553672282,"{'0': 0.73937741422404, '1': 0.09530651340996169, '2': 0.39992573338284443}","{'0': 8802, '1': 2088, '2': 2693}"
suffix_ratio,nb_single,raw,decay3.0,5.0,34482,0.2621398257761894,"{'0': 0.7864194773285682, '1': 0.0, '2': 0.0}","{'0': 13583, '1': 0, '2': 0}"
suffix_ratio,nb_single,quota,decay3.0,5.0,34482,0.411536553672282,"{'0': 0.73937741422404, '1': 0.09530651340996169, '2': 0.39992573338284443}","{'0': 8802, '1': 2088, '2': 2693}"
suffix_ratio,nb_full,raw,decay3.0,0.5,34482,0.38486399625553336,"{'0': 0.7456477000945547, '1': 0.04339550818424058, '2': 0.36554878048780487}","{'0': 9177, '1': 539, '2': 3867}"
suffix_ratio,nb_full,quota,decay3.0,0.5,34482,0.40037706496512326,"{'0': 0.7225630538513974, '1': 0.12691570881226052, '2': 0.35165243223171183}","{'0': 8802, '1': 2088, '2': 2693}"
suffix_ratio,nb_full,raw,decay3.0,5.0,34482,0.38486399625553336,"{'0': 0.7456477000945547, '1': 0.04339550818424058, '2': 0.36554878048780487}","{'0': 9177, '1': 539, '2': 3867}"
suffix_ratio,nb_full,quota,decay3.0,5.0,34482,0.40037706496512326,"{'0': 0.7225630538513974, '1': 0.12691570881226052, '2': 0.35165243223171183}","{'0': 8802, '1': 2088, '2': 2693}"
suffix_ratio,nb_full_single,raw,decay3.0,0.5,34482,0.3845744185803512,"{'0': 0.7454100367197063, '1': 0.041189931350114416, '2': 0.36712328767123287}","{'0': 9172, '1': 534, '2': 3877}"
suffix_ratio,nb_full_single,quota,decay3.0,0.5,34482,0.41024644403500216,"{'0': 0.7318791183821859, '1': 0.1527777777777778, '2': 0.3460824359450427}","{'0': 8802, '1': 2088, '2': 2693}"
suffix_ratio,nb_full_single,raw,decay3.0,5.0,34482,0.3845744185803512,"{'0': 0.7454100367197063, '1': 0.041189931350114416, '2': 0.36712328767123287}","{'0': 9172, '1': 534, '2': 3877}"
suffix_ratio,nb_full_single,quota,decay3.0,5.0,34482,0.410679339380104,"{'0': 0.7322199500113611, '1': 0.15373563218390804, '2': 0.3460824359450427}","{'0': 8802, '1': 2088, '2': 2693}"
